sample_id,device_id,cache_index,victim_clean_correct,evaluator_clean_correct,dual_clean_correct,selected
wifib|device=1|capture=23Jan|frame=2602|row=2266,1,2266,True,True,True,True
wifib|device=1|capture=23Jan|frame=2348|row=2048,1,2048,True,True,True,True
wifib|device=1|capture=23Jan|frame=2574|row=2240,1,2240,True,True,True,True
wifib|device=1|capture=23Jan|frame=2670|row=2330,1,2330,True,True,True,True
wifib|device=1|capture=23Jan|frame=2281|row=1983,1,1983,True,True,True,True
wifib|device=1|capture=23Jan|frame=2623|row=2283,1,2283,False,True,False,False
wifib|device=1|capture=23Jan|frame=2731|row=2381,1,2381,True,True,True,True
wifib|device=1|capture=23Jan|frame=2197|row=1913,1,1913,True,True,True,True
wifib|device=1|capture=23Jan|frame=2188|row=1908,1,1908,True,True,True,True
wifib|device=1|capture=23Jan|frame=2681|row=2339,1,2339,True,True,True,True
wifib|device=1|capture=23Jan|frame=2341|row=2041,1,2041,True,True,True,True
wifib|device=1|capture=23Jan|frame=2743|row=2393,1,2393,False,True,False,False
wifib|device=1|capture=23Jan|frame=2572|row=2238,1,2238,True,True,True,False
wifib|device=1|capture=23Jan|frame=2364|row=2064,1,2064,True,True,True,False
wifib|device=1|capture=23Jan|frame=2493|row=2177,1,2177,True,True,True,False
wifib|device=1|capture=23Jan|frame=2294|row=1994,1,1994,True,True,True,False
wifib|device=1|capture=23Jan|frame=2360|row=2060,1,2060,True,True,True,False
wifib|device=1|capture=23Jan|frame=2324|row=2024,1,2024,True,True,True,False
wifib|device=1|capture=23Jan|frame=2501|row=2183,1,2183,True,True,True,False
wifib|device=1|capture=23Jan|frame=2716|row=2366,1,2366,True,True,True,False
wifib|device=1|capture=23Jan|frame=2466|row=2156,1,2156,True,True,True,False
wifib|device=1|capture=23Jan|frame=2693|row=2349,1,2349,True,True,True,False
wifib|device=1|capture=23Jan|frame=2640|row=2300,1,2300,True,True,True,False
wifib|device=1|capture=23Jan|frame=2683|row=2341,1,2341,True,True,True,False
wifib|device=1|capture=23Jan|frame=2354|row=2054,1,2054,True,True,True,False
wifib|device=1|capture=23Jan|frame=2302|row=2002,1,2002,True,True,True,False
wifib|device=1|capture=23Jan|frame=2251|row=1955,1,1955,True,True,True,False
wifib|device=1|capture=23Jan|frame=2517|row=2199,1,2199,True,True,True,False
wifib|device=1|capture=23Jan|frame=2732|row=2382,1,2382,False,True,False,False
wifib|device=1|capture=23Jan|frame=2441|row=2137,1,2137,True,True,True,False
wifib|device=1|capture=23Jan|frame=2682|row=2340,1,2340,False,True,False,False
wifib|device=1|capture=23Jan|frame=2318|row=2018,1,2018,True,True,True,False
wifib|device=1|capture=23Jan|frame=2410|row=2108,1,2108,True,True,True,False
wifib|device=1|capture=23Jan|frame=2261|row=1965,1,1965,True,True,True,False
wifib|device=1|capture=23Jan|frame=2186|row=1906,1,1906,True,True,True,False
wifib|device=1|capture=23Jan|frame=2319|row=2019,1,2019,True,True,True,False
wifib|device=1|capture=23Jan|frame=2393|row=2091,1,2091,True,True,True,False
wifib|device=1|capture=23Jan|frame=2692|row=2348,1,2348,False,True,False,False
wifib|device=1|capture=23Jan|frame=2304|row=2004,1,2004,True,True,True,False
wifib|device=1|capture=23Jan|frame=2388|row=2086,1,2086,True,True,True,False
wifib|device=1|capture=23Jan|frame=2475|row=2165,1,2165,True,True,True,False
wifib|device=1|capture=23Jan|frame=2263|row=1967,1,1967,True,True,True,False
wifib|device=1|capture=23Jan|frame=2512|row=2194,1,2194,True,True,True,False
wifib|device=1|capture=23Jan|frame=2442|row=2138,1,2138,True,True,True,False
wifib|device=1|capture=23Jan|frame=2436|row=2132,1,2132,True,True,True,False
wifib|device=1|capture=23Jan|frame=2704|row=2358,1,2358,True,True,True,False
wifib|device=1|capture=23Jan|frame=2651|row=2311,1,2311,True,True,True,False
wifib|device=1|capture=23Jan|frame=2703|row=2357,1,2357,False,True,False,False
wifib|device=1|capture=23Jan|frame=2739|row=2389,1,2389,True,True,True,False
wifib|device=1|capture=23Jan|frame=2610|row=2274,1,2274,True,True,True,False
wifib|device=1|capture=23Jan|frame=2767|row=2413,1,2413,False,True,False,False
wifib|device=1|capture=23Jan|frame=2734|row=2384,1,2384,True,True,True,False
wifib|device=1|capture=23Jan|frame=2620|row=2282,1,2282,True,True,True,False
wifib|device=1|capture=23Jan|frame=2167|row=1893,1,1893,True,True,True,False
wifib|device=1|capture=23Jan|frame=2687|row=2345,1,2345,False,True,False,False
wifib|device=1|capture=23Jan|frame=2208|row=1918,1,1918,True,True,True,False
wifib|device=1|capture=23Jan|frame=2283|row=1985,1,1985,True,True,True,False
wifib|device=1|capture=23Jan|frame=2289|row=1989,1,1989,True,True,True,False
wifib|device=1|capture=23Jan|frame=2395|row=2093,1,2093,True,True,True,False
wifib|device=1|capture=23Jan|frame=2755|row=2401,1,2401,True,True,True,False
wifib|device=1|capture=23Jan|frame=2708|row=2362,1,2362,False,True,False,False
wifib|device=1|capture=23Jan|frame=2688|row=2346,1,2346,False,True,False,False
wifib|device=1|capture=23Jan|frame=2314|row=2014,1,2014,True,True,True,False
wifib|device=1|capture=23Jan|frame=2723|row=2373,1,2373,True,True,True,False
wifib|device=1|capture=23Jan|frame=2487|row=2173,1,2173,True,True,True,False
wifib|device=1|capture=23Jan|frame=2178|row=1900,1,1900,True,True,True,False
wifib|device=1|capture=23Jan|frame=2714|row=2364,1,2364,False,True,False,False
wifib|device=1|capture=23Jan|frame=2597|row=2261,1,2261,True,True,True,False
wifib|device=1|capture=23Jan|frame=2765|row=2411,1,2411,True,True,True,False
wifib|device=1|capture=23Jan|frame=2644|row=2304,1,2304,True,True,True,False
wifib|device=1|capture=23Jan|frame=2476|row=2166,1,2166,True,True,True,False
wifib|device=1|capture=23Jan|frame=2209|row=1919,1,1919,True,True,True,False
wifib|device=1|capture=23Jan|frame=2513|row=2195,1,2195,True,True,True,False
wifib|device=1|capture=23Jan|frame=2502|row=2184,1,2184,True,True,True,False
wifib|device=1|capture=23Jan|frame=2239|row=1947,1,1947,True,True,True,False
wifib|device=1|capture=23Jan|frame=2579|row=2245,1,2245,True,True,True,False
wifib|device=1|capture=23Jan|frame=2428|row=2124,1,2124,True,True,True,False
wifib|device=1|capture=23Jan|frame=2642|row=2302,1,2302,True,True,True,False
wifib|device=1|capture=23Jan|frame=2471|row=2161,1,2161,True,True,True,False
wifib|device=1|capture=23Jan|frame=2469|row=2159,1,2159,True,True,True,False
wifib|device=1|capture=23Jan|frame=2402|row=2100,1,2100,True,True,True,False
wifib|device=1|capture=23Jan|frame=2279|row=1981,1,1981,True,True,True,False
wifib|device=1|capture=23Jan|frame=2308|row=2008,1,2008,True,True,True,False
wifib|device=1|capture=23Jan|frame=2624|row=2284,1,2284,True,True,True,False
wifib|device=1|capture=23Jan|frame=2229|row=1939,1,1939,True,True,True,False
wifib|device=1|capture=23Jan|frame=2715|row=2365,1,2365,False,True,False,False
wifib|device=1|capture=23Jan|frame=2645|row=2305,1,2305,True,True,True,False
wifib|device=1|capture=23Jan|frame=2434|row=2130,1,2130,True,True,True,False
wifib|device=1|capture=23Jan|frame=2643|row=2303,1,2303,True,True,True,False
wifib|device=1|capture=23Jan|frame=2520|row=2202,1,2202,True,True,True,False
wifib|device=1|capture=23Jan|frame=2192|row=1912,1,1912,True,True,True,False
wifib|device=1|capture=23Jan|frame=2427|row=2123,1,2123,True,False,False,False
wifib|device=1|capture=23Jan|frame=2626|row=2286,1,2286,True,True,True,False
wifib|device=1|capture=23Jan|frame=2551|row=2223,1,2223,True,True,True,False
wifib|device=1|capture=23Jan|frame=2655|row=2315,1,2315,False,False,False,False
wifib|device=1|capture=23Jan|frame=2575|row=2241,1,2241,True,True,True,False
wifib|device=1|capture=23Jan|frame=2496|row=2178,1,2178,True,True,True,False
wifib|device=1|capture=23Jan|frame=2673|row=2333,1,2333,True,True,True,False
wifib|device=1|capture=23Jan|frame=2225|row=1935,1,1935,True,True,True,False
wifib|device=1|capture=23Jan|frame=2343|row=2043,1,2043,True,True,True,False
wifib|device=1|capture=23Jan|frame=2563|row=2231,1,2231,True,True,True,False
wifib|device=1|capture=23Jan|frame=2547|row=2219,1,2219,True,True,True,False
wifib|device=1|capture=23Jan|frame=2753|row=2399,1,2399,True,True,True,False
wifib|device=1|capture=23Jan|frame=2377|row=2075,1,2075,True,True,True,False
wifib|device=1|capture=23Jan|frame=2340|row=2040,1,2040,True,True,True,False
wifib|device=1|capture=23Jan|frame=2401|row=2099,1,2099,True,True,True,False
wifib|device=1|capture=23Jan|frame=2247|row=1953,1,1953,True,True,True,False
wifib|device=1|capture=23Jan|frame=2453|row=2145,1,2145,True,True,True,False
wifib|device=1|capture=23Jan|frame=2483|row=2171,1,2171,True,True,True,False
wifib|device=1|capture=23Jan|frame=2632|row=2292,1,2292,False,True,False,False
wifib|device=1|capture=23Jan|frame=2509|row=2191,1,2191,True,True,True,False
wifib|device=1|capture=23Jan|frame=2661|row=2321,1,2321,False,True,False,False
wifib|device=1|capture=23Jan|frame=2191|row=1911,1,1911,True,True,True,False
wifib|device=1|capture=23Jan|frame=2678|row=2336,1,2336,False,True,False,False
wifib|device=1|capture=23Jan|frame=2183|row=1903,1,1903,True,True,True,False
wifib|device=1|capture=23Jan|frame=2275|row=1979,1,1979,True,True,True,False
wifib|device=1|capture=23Jan|frame=2719|row=2369,1,2369,True,True,True,False
wifib|device=1|capture=23Jan|frame=2273|row=1977,1,1977,True,True,True,False
wifib|device=1|capture=23Jan|frame=2355|row=2055,1,2055,True,True,True,False
wifib|device=1|capture=23Jan|frame=2336|row=2036,1,2036,True,True,True,False
wifib|device=1|capture=23Jan|frame=2219|row=1929,1,1929,True,True,True,False
wifib|device=1|capture=23Jan|frame=2331|row=2031,1,2031,True,True,True,False
wifib|device=1|capture=23Jan|frame=2241|row=1949,1,1949,True,True,True,False
wifib|device=1|capture=23Jan|frame=2253|row=1957,1,1957,False,False,False,False
wifib|device=1|capture=23Jan|frame=2504|row=2186,1,2186,True,True,True,False
wifib|device=1|capture=23Jan|frame=2657|row=2317,1,2317,True,True,True,False
wifib|device=1|capture=23Jan|frame=2334|row=2034,1,2034,True,True,True,False
wifib|device=1|capture=23Jan|frame=2350|row=2050,1,2050,True,True,True,False
wifib|device=1|capture=23Jan|frame=2730|row=2380,1,2380,False,True,False,False
wifib|device=1|capture=23Jan|frame=2174|row=1898,1,1898,True,True,True,False
wifib|device=1|capture=23Jan|frame=2694|row=2350,1,2350,True,True,True,False
wifib|device=1|capture=23Jan|frame=2359|row=2059,1,2059,True,True,True,False
wifib|device=1|capture=23Jan|frame=2211|row=1921,1,1921,True,True,True,False
wifib|device=1|capture=23Jan|frame=2387|row=2085,1,2085,True,True,True,False
wifib|device=1|capture=23Jan|frame=2384|row=2082,1,2082,True,True,True,False
wifib|device=1|capture=23Jan|frame=2470|row=2160,1,2160,True,True,True,False
wifib|device=1|capture=23Jan|frame=2200|row=1914,1,1914,True,True,True,False
wifib|device=1|capture=23Jan|frame=2316|row=2016,1,2016,True,True,True,False
wifib|device=1|capture=23Jan|frame=2674|row=2334,1,2334,True,True,True,False
wifib|device=1|capture=23Jan|frame=2473|row=2163,1,2163,True,True,True,False
wifib|device=1|capture=23Jan|frame=2654|row=2314,1,2314,True,True,True,False
wifib|device=1|capture=23Jan|frame=2419|row=2115,1,2115,True,True,True,False
wifib|device=1|capture=23Jan|frame=2337|row=2037,1,2037,True,True,True,False
wifib|device=1|capture=23Jan|frame=2210|row=1920,1,1920,True,True,True,False
wifib|device=1|capture=23Jan|frame=2323|row=2023,1,2023,True,True,True,False
wifib|device=1|capture=23Jan|frame=2421|row=2117,1,2117,True,True,True,False
wifib|device=1|capture=23Jan|frame=2636|row=2296,1,2296,False,True,False,False
wifib|device=1|capture=23Jan|frame=2226|row=1936,1,1936,True,True,True,False
wifib|device=1|capture=23Jan|frame=2568|row=2236,1,2236,True,True,True,False
wifib|device=1|capture=23Jan|frame=2298|row=1998,1,1998,True,True,True,False
wifib|device=1|capture=23Jan|frame=2382|row=2080,1,2080,True,True,True,False
wifib|device=1|capture=23Jan|frame=2736|row=2386,1,2386,True,True,True,False
wifib|device=1|capture=23Jan|frame=2400|row=2098,1,2098,True,True,True,False
wifib|device=1|capture=23Jan|frame=2282|row=1984,1,1984,True,True,True,False
wifib|device=1|capture=23Jan|frame=2733|row=2383,1,2383,True,True,True,False
wifib|device=1|capture=23Jan|frame=2738|row=2388,1,2388,False,True,False,False
wifib|device=1|capture=23Jan|frame=2420|row=2116,1,2116,True,True,True,False
wifib|device=1|capture=23Jan|frame=2310|row=2010,1,2010,True,True,True,False
wifib|device=1|capture=23Jan|frame=2422|row=2118,1,2118,True,True,True,False
wifib|device=1|capture=23Jan|frame=2586|row=2252,1,2252,True,True,True,False
wifib|device=1|capture=23Jan|frame=2397|row=2095,1,2095,True,True,True,False
wifib|device=1|capture=23Jan|frame=2746|row=2394,1,2394,True,True,True,False
wifib|device=1|capture=23Jan|frame=2398|row=2096,1,2096,True,False,False,False
wifib|device=1|capture=23Jan|frame=2748|row=2396,1,2396,False,True,False,False
wifib|device=1|capture=23Jan|frame=2352|row=2052,1,2052,True,True,True,False
wifib|device=1|capture=23Jan|frame=2274|row=1978,1,1978,True,True,True,False
wifib|device=1|capture=23Jan|frame=2223|row=1933,1,1933,True,True,True,False
wifib|device=1|capture=23Jan|frame=2707|row=2361,1,2361,False,True,False,False
wifib|device=1|capture=23Jan|frame=2368|row=2066,1,2066,True,True,True,False
wifib|device=1|capture=23Jan|frame=2571|row=2237,1,2237,True,True,True,False
wifib|device=1|capture=23Jan|frame=2315|row=2015,1,2015,True,True,True,False
wifib|device=1|capture=23Jan|frame=2499|row=2181,1,2181,True,True,True,False
wifib|device=1|capture=23Jan|frame=2293|row=1993,1,1993,True,True,True,False
wifib|device=1|capture=23Jan|frame=2595|row=2259,1,2259,True,True,True,False
wifib|device=1|capture=23Jan|frame=2548|row=2220,1,2220,True,True,True,False
wifib|device=1|capture=23Jan|frame=2426|row=2122,1,2122,True,True,True,False
wifib|device=1|capture=23Jan|frame=2220|row=1930,1,1930,True,True,True,False
wifib|device=1|capture=23Jan|frame=2762|row=2408,1,2408,True,True,True,False
wifib|device=1|capture=23Jan|frame=2258|row=1962,1,1962,True,True,True,False
wifib|device=1|capture=23Jan|frame=2747|row=2395,1,2395,False,True,False,False
wifib|device=1|capture=23Jan|frame=2514|row=2196,1,2196,True,True,True,False
wifib|device=1|capture=23Jan|frame=2290|row=1990,1,1990,True,True,True,False
wifib|device=1|capture=23Jan|frame=2740|row=2390,1,2390,True,True,True,False
wifib|device=1|capture=23Jan|frame=2361|row=2061,1,2061,True,True,True,False
wifib|device=1|capture=23Jan|frame=2751|row=2397,1,2397,True,True,True,False
wifib|device=1|capture=23Jan|frame=2612|row=2276,1,2276,True,True,True,False
wifib|device=1|capture=23Jan|frame=2300|row=2000,1,2000,True,True,True,False
wifib|device=1|capture=23Jan|frame=2727|row=2377,1,2377,True,True,True,False
wifib|device=1|capture=23Jan|frame=2404|row=2102,1,2102,True,True,True,False
wifib|device=1|capture=23Jan|frame=2605|row=2269,1,2269,True,True,True,False
wifib|device=1|capture=23Jan|frame=2357|row=2057,1,2057,True,True,True,False
wifib|device=1|capture=23Jan|frame=2370|row=2068,1,2068,True,True,True,False
wifib|device=1|capture=23Jan|frame=2238|row=1946,1,1946,True,True,True,False
wifib|device=1|capture=23Jan|frame=2165|row=1891,1,1891,True,True,True,False
wifib|device=1|capture=23Jan|frame=2669|row=2329,1,2329,True,True,True,False
wifib|device=1|capture=23Jan|frame=2389|row=2087,1,2087,True,True,True,False
wifib|device=1|capture=23Jan|frame=2532|row=2210,1,2210,True,True,True,False
wifib|device=1|capture=23Jan|frame=2754|row=2400,1,2400,True,True,True,False
wifib|device=1|capture=23Jan|frame=2443|row=2139,1,2139,True,True,True,False
wifib|device=1|capture=23Jan|frame=2468|row=2158,1,2158,True,True,True,False
wifib|device=1|capture=23Jan|frame=2171|row=1895,1,1895,True,False,False,False
wifib|device=1|capture=23Jan|frame=2729|row=2379,1,2379,True,True,True,False
wifib|device=1|capture=23Jan|frame=2221|row=1931,1,1931,True,True,True,False
wifib|device=1|capture=23Jan|frame=2562|row=2230,1,2230,True,True,True,False
wifib|device=1|capture=23Jan|frame=2407|row=2105,1,2105,True,True,True,False
wifib|device=1|capture=23Jan|frame=2297|row=1997,1,1997,True,True,True,False
wifib|device=1|capture=23Jan|frame=2684|row=2342,1,2342,True,True,True,False
wifib|device=1|capture=23Jan|frame=2546|row=2218,1,2218,True,False,False,False
wifib|device=1|capture=23Jan|frame=2255|row=1959,1,1959,True,True,True,False
wifib|device=1|capture=23Jan|frame=2498|row=2180,1,2180,True,True,True,False
wifib|device=1|capture=23Jan|frame=2565|row=2233,1,2233,True,True,True,False
wifib|device=1|capture=23Jan|frame=2351|row=2051,1,2051,True,True,True,False
wifib|device=1|capture=23Jan|frame=2437|row=2133,1,2133,True,True,True,False
wifib|device=1|capture=23Jan|frame=2717|row=2367,1,2367,True,True,True,False
wifib|device=1|capture=23Jan|frame=2405|row=2103,1,2103,True,True,True,False
wifib|device=1|capture=23Jan|frame=2460|row=2152,1,2152,True,True,True,False
wifib|device=1|capture=23Jan|frame=2705|row=2359,1,2359,False,True,False,False
wifib|device=1|capture=23Jan|frame=2257|row=1961,1,1961,True,True,True,False
wifib|device=1|capture=23Jan|frame=2671|row=2331,1,2331,True,True,True,False
wifib|device=1|capture=23Jan|frame=2367|row=2065,1,2065,True,True,True,False
wifib|device=1|capture=23Jan|frame=2431|row=2127,1,2127,True,True,True,False
wifib|device=1|capture=23Jan|frame=2378|row=2076,1,2076,True,True,True,False
wifib|device=1|capture=23Jan|frame=2305|row=2005,1,2005,True,True,True,False
wifib|device=1|capture=23Jan|frame=2416|row=2112,1,2112,True,True,True,False
wifib|device=1|capture=23Jan|frame=2482|row=2170,1,2170,True,True,True,False
wifib|device=1|capture=23Jan|frame=2235|row=1945,1,1945,True,True,True,False
wifib|device=1|capture=23Jan|frame=2182|row=1902,1,1902,True,True,True,False
wifib|device=1|capture=23Jan|frame=2641|row=2301,1,2301,True,True,True,False
wifib|device=1|capture=23Jan|frame=2768|row=2414,1,2414,False,True,False,False
wifib|device=1|capture=23Jan|frame=2452|row=2144,1,2144,True,True,True,False
wifib|device=1|capture=23Jan|frame=2477|row=2167,1,2167,True,True,True,False
wifib|device=1|capture=23Jan|frame=2583|row=2249,1,2249,True,True,True,False
wifib|device=1|capture=23Jan|frame=2508|row=2190,1,2190,True,True,True,False
wifib|device=1|capture=23Jan|frame=2511|row=2193,1,2193,True,True,True,False
wifib|device=1|capture=23Jan|frame=2720|row=2370,1,2370,False,True,False,False
wifib|device=1|capture=23Jan|frame=2481|row=2169,1,2169,True,True,True,False
wifib|device=1|capture=23Jan|frame=2392|row=2090,1,2090,True,False,False,False
wifib|device=1|capture=23Jan|frame=2271|row=1975,1,1975,True,True,True,False
wifib|device=1|capture=23Jan|frame=2432|row=2128,1,2128,True,True,True,False
wifib|device=1|capture=23Jan|frame=2541|row=2215,1,2215,True,True,True,False
wifib|device=1|capture=23Jan|frame=2187|row=1907,1,1907,True,True,True,False
wifib|device=1|capture=23Jan|frame=2212|row=1922,1,1922,True,True,True,False
wifib|device=1|capture=23Jan|frame=2527|row=2205,1,2205,True,True,True,False
wifib|device=1|capture=23Jan|frame=2695|row=2351,1,2351,True,True,True,False
wifib|device=1|capture=23Jan|frame=2385|row=2083,1,2083,True,True,True,False
wifib|device=1|capture=23Jan|frame=2445|row=2141,1,2141,True,True,True,False
wifib|device=1|capture=23Jan|frame=2659|row=2319,1,2319,True,True,True,False
wifib|device=1|capture=23Jan|frame=2373|row=2071,1,2071,True,True,True,False
wifib|device=1|capture=23Jan|frame=2488|row=2174,1,2174,True,True,True,False
wifib|device=1|capture=23Jan|frame=2317|row=2017,1,2017,True,True,True,False
wifib|device=1|capture=23Jan|frame=2580|row=2246,1,2246,True,True,True,False
wifib|device=1|capture=23Jan|frame=2313|row=2013,1,2013,True,True,True,False
wifib|device=1|capture=23Jan|frame=2455|row=2147,1,2147,True,True,True,False
wifib|device=1|capture=23Jan|frame=2769|row=2415,1,2415,True,True,True,False
wifib|device=1|capture=23Jan|frame=2296|row=1996,1,1996,True,True,True,False
wifib|device=1|capture=23Jan|frame=2646|row=2306,1,2306,True,True,True,False
wifib|device=1|capture=23Jan|frame=2668|row=2328,1,2328,True,True,True,False
wifib|device=1|capture=23Jan|frame=2268|row=1972,1,1972,True,True,True,False
wifib|device=1|capture=23Jan|frame=2516|row=2198,1,2198,True,True,True,False
wifib|device=1|capture=23Jan|frame=2722|row=2372,1,2372,True,True,True,False
wifib|device=1|capture=23Jan|frame=2444|row=2140,1,2140,True,True,True,False
wifib|device=1|capture=23Jan|frame=2448|row=2142,1,2142,True,True,True,False
wifib|device=1|capture=23Jan|frame=2179|row=1901,1,1901,True,True,True,False
wifib|device=1|capture=23Jan|frame=2335|row=2035,1,2035,True,True,True,False
wifib|device=1|capture=23Jan|frame=2587|row=2253,1,2253,True,True,True,False
wifib|device=1|capture=23Jan|frame=2764|row=2410,1,2410,True,True,True,False
wifib|device=1|capture=23Jan|frame=2250|row=1954,1,1954,True,True,True,False
wifib|device=1|capture=23Jan|frame=2726|row=2376,1,2376,True,True,True,False
wifib|device=1|capture=23Jan|frame=2480|row=2168,1,2168,True,True,True,False
wifib|device=1|capture=23Jan|frame=2214|row=1924,1,1924,True,True,True,False
wifib|device=1|capture=23Jan|frame=2456|row=2148,1,2148,True,True,True,False
wifib|device=1|capture=23Jan|frame=2709|row=2363,1,2363,False,True,False,False
wifib|device=1|capture=23Jan|frame=2412|row=2110,1,2110,True,True,True,False
wifib|device=1|capture=23Jan|frame=2327|row=2027,1,2027,True,True,True,False
wifib|device=1|capture=23Jan|frame=2599|row=2263,1,2263,True,True,True,False
wifib|device=1|capture=23Jan|frame=2544|row=2216,1,2216,True,True,True,False
wifib|device=1|capture=23Jan|frame=2549|row=2221,1,2221,True,True,True,False
wifib|device=1|capture=23Jan|frame=2581|row=2247,1,2247,True,True,True,False
wifib|device=1|capture=23Jan|frame=2761|row=2407,1,2407,True,True,True,False
wifib|device=1|capture=23Jan|frame=2216|row=1926,1,1926,True,True,True,False
wifib|device=1|capture=23Jan|frame=2664|row=2324,1,2324,True,True,True,False
wifib|device=1|capture=23Jan|frame=2584|row=2250,1,2250,True,True,True,False
wifib|device=1|capture=23Jan|frame=2266|row=1970,1,1970,True,True,True,False
wifib|device=1|capture=23Jan|frame=2259|row=1963,1,1963,True,True,True,False
wifib|device=1|capture=23Jan|frame=2578|row=2244,1,2244,True,True,True,False
wifib|device=1|capture=23Jan|frame=2561|row=2229,1,2229,True,True,True,False
wifib|device=1|capture=23Jan|frame=2742|row=2392,1,2392,True,True,True,False
wifib|device=1|capture=23Jan|frame=2539|row=2213,1,2213,True,True,True,False
wifib|device=1|capture=23Jan|frame=2252|row=1956,1,1956,True,True,True,False
wifib|device=1|capture=23Jan|frame=2465|row=2155,1,2155,True,True,True,False
wifib|device=1|capture=23Jan|frame=2686|row=2344,1,2344,True,True,True,False
wifib|device=1|capture=23Jan|frame=2591|row=2255,1,2255,True,True,True,False
wifib|device=1|capture=23Jan|frame=2170|row=1894,1,1894,True,True,True,False
wifib|device=1|capture=23Jan|frame=2353|row=2053,1,2053,False,False,False,False
wifib|device=1|capture=23Jan|frame=2625|row=2285,1,2285,True,True,True,False
wifib|device=1|capture=23Jan|frame=2374|row=2072,1,2072,True,True,True,False
wifib|device=1|capture=23Jan|frame=2295|row=1995,1,1995,True,True,True,False
wifib|device=1|capture=23Jan|frame=2215|row=1925,1,1925,True,True,True,False
wifib|device=1|capture=23Jan|frame=2650|row=2310,1,2310,True,True,True,False
wifib|device=1|capture=23Jan|frame=2553|row=2225,1,2225,True,True,True,False
wifib|device=1|capture=23Jan|frame=2467|row=2157,1,2157,True,True,True,False
wifib|device=1|capture=23Jan|frame=2358|row=2058,1,2058,True,True,True,False
wifib|device=1|capture=23Jan|frame=2264|row=1968,1,1968,True,True,True,False
wifib|device=1|capture=23Jan|frame=2344|row=2044,1,2044,True,True,True,False
wifib|device=1|capture=23Jan|frame=2725|row=2375,1,2375,True,True,True,False
wifib|device=1|capture=23Jan|frame=2224|row=1934,1,1934,True,True,True,False
wifib|device=1|capture=23Jan|frame=2660|row=2320,1,2320,True,True,True,False
wifib|device=1|capture=23Jan|frame=2349|row=2049,1,2049,True,True,True,False
wifib|device=1|capture=23Jan|frame=2630|row=2290,1,2290,True,True,True,False
wifib|device=1|capture=23Jan|frame=2332|row=2032,1,2032,True,True,True,False
wifib|device=1|capture=23Jan|frame=2741|row=2391,1,2391,True,True,True,False
wifib|device=1|capture=23Jan|frame=2418|row=2114,1,2114,True,True,True,False
wifib|device=1|capture=23Jan|frame=2430|row=2126,1,2126,True,True,True,False
wifib|device=1|capture=23Jan|frame=2656|row=2316,1,2316,True,True,True,False
wifib|device=1|capture=23Jan|frame=2758|row=2404,1,2404,True,True,True,False
wifib|device=1|capture=23Jan|frame=2369|row=2067,1,2067,True,True,True,False
wifib|device=1|capture=23Jan|frame=2270|row=1974,1,1974,True,True,True,False
wifib|device=1|capture=23Jan|frame=2464|row=2154,1,2154,True,True,True,False
wifib|device=1|capture=23Jan|frame=2345|row=2045,1,2045,True,True,True,False
wifib|device=1|capture=23Jan|frame=2629|row=2289,1,2289,True,True,True,False
wifib|device=1|capture=23Jan|frame=2728|row=2378,1,2378,True,True,True,False
wifib|device=1|capture=23Jan|frame=2706|row=2360,1,2360,True,True,True,False
wifib|device=1|capture=23Jan|frame=2606|row=2270,1,2270,True,True,True,False
wifib|device=1|capture=23Jan|frame=2697|row=2353,1,2353,True,True,True,False
wifib|device=1|capture=23Jan|frame=2457|row=2149,1,2149,True,True,True,False
wifib|device=1|capture=23Jan|frame=2390|row=2088,1,2088,True,True,True,False
wifib|device=1|capture=23Jan|frame=2679|row=2337,1,2337,True,True,True,False
wifib|device=1|capture=23Jan|frame=2554|row=2226,1,2226,True,True,True,False
wifib|device=1|capture=23Jan|frame=2409|row=2107,1,2107,True,True,True,False
wifib|device=1|capture=23Jan|frame=2425|row=2121,1,2121,True,True,True,False
wifib|device=1|capture=23Jan|frame=2631|row=2291,1,2291,True,True,True,False
wifib|device=1|capture=23Jan|frame=2484|row=2172,1,2172,True,True,True,False
wifib|device=1|capture=23Jan|frame=2609|row=2273,1,2273,True,True,True,False
wifib|device=1|capture=23Jan|frame=2696|row=2352,1,2352,True,True,True,False
wifib|device=1|capture=23Jan|frame=2689|row=2347,1,2347,True,True,True,False
wifib|device=1|capture=23Jan|frame=2530|row=2208,1,2208,True,True,True,False
wifib|device=1|capture=23Jan|frame=2634|row=2294,1,2294,True,True,True,False
wifib|device=1|capture=23Jan|frame=2329|row=2029,1,2029,True,True,True,False
wifib|device=1|capture=23Jan|frame=2381|row=2079,1,2079,True,True,True,False
wifib|device=1|capture=23Jan|frame=2757|row=2403,1,2403,True,True,True,False
wifib|device=1|capture=23Jan|frame=2333|row=2033,1,2033,True,True,True,False
wifib|device=1|capture=23Jan|frame=2566|row=2234,1,2234,True,True,True,False
wifib|device=1|capture=23Jan|frame=2582|row=2248,1,2248,True,True,True,False
wifib|device=1|capture=23Jan|frame=2325|row=2025,1,2025,True,True,True,False
wifib|device=1|capture=23Jan|frame=2267|row=1971,1,1971,True,True,True,False
wifib|device=1|capture=23Jan|frame=2287|row=1987,1,1987,True,True,True,False
wifib|device=1|capture=23Jan|frame=2201|row=1915,1,1915,True,True,True,False
wifib|device=1|capture=23Jan|frame=2536|row=2212,1,2212,True,True,True,False
wifib|device=4|capture=23Jan|frame=2700|row=2454,4,30464,True,True,True,True
wifib|device=4|capture=23Jan|frame=2174|row=1966,4,29976,True,True,True,True
wifib|device=4|capture=23Jan|frame=2268|row=2048,4,30058,True,True,True,True
wifib|device=4|capture=23Jan|frame=2455|row=2215,4,30225,True,True,True,True
wifib|device=4|capture=23Jan|frame=2493|row=2253,4,30263,True,True,True,True
wifib|device=4|capture=23Jan|frame=2171|row=1963,4,29973,True,True,True,True
wifib|device=4|capture=23Jan|frame=2574|row=2330,4,30340,True,True,True,True
wifib|device=4|capture=23Jan|frame=2465|row=2225,4,30235,True,True,True,True
wifib|device=4|capture=23Jan|frame=2507|row=2267,4,30277,True,True,True,True
wifib|device=4|capture=23Jan|frame=2414|row=2180,4,30190,True,True,True,True
wifib|device=4|capture=23Jan|frame=2237|row=2021,4,30031,True,True,True,False
wifib|device=4|capture=23Jan|frame=2201|row=1991,4,30001,True,True,True,False
wifib|device=4|capture=23Jan|frame=2503|row=2263,4,30273,True,True,True,False
wifib|device=4|capture=23Jan|frame=2475|row=2235,4,30245,True,True,True,False
wifib|device=4|capture=23Jan|frame=2616|row=2372,4,30382,True,True,True,False
wifib|device=4|capture=23Jan|frame=2696|row=2450,4,30460,True,True,True,False
wifib|device=4|capture=23Jan|frame=2712|row=2466,4,30476,True,True,True,False
wifib|device=4|capture=23Jan|frame=2400|row=2168,4,30178,True,True,True,False
wifib|device=4|capture=23Jan|frame=2656|row=2412,4,30422,True,True,True,False
wifib|device=4|capture=23Jan|frame=2608|row=2364,4,30374,True,True,True,False
wifib|device=4|capture=23Jan|frame=2449|row=2209,4,30219,True,True,True,False
wifib|device=4|capture=23Jan|frame=2355|row=2129,4,30139,True,True,True,False
wifib|device=4|capture=23Jan|frame=2358|row=2132,4,30142,True,True,True,False
wifib|device=4|capture=23Jan|frame=2189|row=1981,4,29991,True,True,True,False
wifib|device=4|capture=23Jan|frame=2363|row=2137,4,30147,True,True,True,False
wifib|device=4|capture=23Jan|frame=2562|row=2318,4,30328,True,True,True,False
wifib|device=4|capture=23Jan|frame=2691|row=2445,4,30455,True,True,True,False
wifib|device=4|capture=23Jan|frame=2752|row=2504,4,30514,True,True,True,False
wifib|device=4|capture=23Jan|frame=2183|row=1975,4,29985,True,True,True,False
wifib|device=4|capture=23Jan|frame=2753|row=2505,4,30515,True,True,True,False
wifib|device=4|capture=23Jan|frame=2228|row=2012,4,30022,True,True,True,False
wifib|device=4|capture=23Jan|frame=2192|row=1984,4,29994,True,True,True,False
wifib|device=4|capture=23Jan|frame=2460|row=2220,4,30230,True,True,True,False
wifib|device=4|capture=23Jan|frame=2622|row=2378,4,30388,True,True,True,False
wifib|device=4|capture=23Jan|frame=2456|row=2216,4,30226,True,True,True,False
wifib|device=4|capture=23Jan|frame=2207|row=1997,4,30007,True,True,True,False
wifib|device=4|capture=23Jan|frame=2178|row=1970,4,29980,True,True,True,False
wifib|device=4|capture=23Jan|frame=2423|row=2187,4,30197,True,True,True,False
wifib|device=4|capture=23Jan|frame=2380|row=2150,4,30160,True,True,True,False
wifib|device=4|capture=23Jan|frame=2303|row=2079,4,30089,True,True,True,False
wifib|device=4|capture=23Jan|frame=2267|row=2047,4,30057,True,True,True,False
wifib|device=4|capture=23Jan|frame=2308|row=2084,4,30094,True,True,True,False
wifib|device=4|capture=23Jan|frame=2524|row=2284,4,30294,True,True,True,False
wifib|device=4|capture=23Jan|frame=2245|row=2029,4,30039,True,True,True,False
wifib|device=4|capture=23Jan|frame=2431|row=2193,4,30203,True,True,True,False
wifib|device=4|capture=23Jan|frame=2419|row=2185,4,30195,True,True,True,False
wifib|device=4|capture=23Jan|frame=2498|row=2258,4,30268,True,True,True,False
wifib|device=4|capture=23Jan|frame=2464|row=2224,4,30234,True,True,True,False
wifib|device=4|capture=23Jan|frame=2282|row=2062,4,30072,True,True,True,False
wifib|device=4|capture=23Jan|frame=2692|row=2446,4,30456,True,True,True,False
wifib|device=4|capture=23Jan|frame=2613|row=2369,4,30379,True,True,True,False
wifib|device=4|capture=23Jan|frame=2173|row=1965,4,29975,True,True,True,False
wifib|device=4|capture=23Jan|frame=2341|row=2115,4,30125,True,True,True,False
wifib|device=4|capture=23Jan|frame=2383|row=2153,4,30163,True,True,True,False
wifib|device=4|capture=23Jan|frame=2294|row=2072,4,30082,True,True,True,False
wifib|device=4|capture=23Jan|frame=2265|row=2045,4,30055,True,True,True,False
wifib|device=4|capture=23Jan|frame=2609|row=2365,4,30375,True,True,True,False
wifib|device=4|capture=23Jan|frame=2698|row=2452,4,30462,True,True,True,False
wifib|device=4|capture=23Jan|frame=2468|row=2228,4,30238,True,True,True,False
wifib|device=4|capture=23Jan|frame=2701|row=2455,4,30465,True,True,True,False
wifib|device=4|capture=23Jan|frame=2443|row=2203,4,30213,True,True,True,False
wifib|device=4|capture=23Jan|frame=2376|row=2146,4,30156,True,True,True,False
wifib|device=4|capture=23Jan|frame=2411|row=2177,4,30187,True,True,True,False
wifib|device=4|capture=23Jan|frame=2410|row=2176,4,30186,True,True,True,False
wifib|device=4|capture=23Jan|frame=2457|row=2217,4,30227,True,True,True,False
wifib|device=4|capture=23Jan|frame=2653|row=2409,4,30419,True,True,True,False
wifib|device=4|capture=23Jan|frame=2749|row=2501,4,30511,True,True,True,False
wifib|device=4|capture=23Jan|frame=2504|row=2264,4,30274,True,True,True,False
wifib|device=4|capture=23Jan|frame=2702|row=2456,4,30466,True,True,True,False
wifib|device=4|capture=23Jan|frame=2316|row=2092,4,30102,True,True,True,False
wifib|device=4|capture=23Jan|frame=2225|row=2009,4,30019,True,True,True,False
wifib|device=4|capture=23Jan|frame=2499|row=2259,4,30269,True,True,True,False
wifib|device=4|capture=23Jan|frame=2227|row=2011,4,30021,True,True,True,False
wifib|device=4|capture=23Jan|frame=2678|row=2432,4,30442,True,True,True,False
wifib|device=4|capture=23Jan|frame=2604|row=2360,4,30370,True,True,True,False
wifib|device=4|capture=23Jan|frame=2313|row=2089,4,30099,True,True,True,False
wifib|device=4|capture=23Jan|frame=2558|row=2314,4,30324,True,True,True,False
wifib|device=4|capture=23Jan|frame=2713|row=2467,4,30477,True,True,True,False
wifib|device=4|capture=23Jan|frame=2598|row=2354,4,30364,True,True,True,False
wifib|device=4|capture=23Jan|frame=2435|row=2197,4,30207,True,True,True,False
wifib|device=4|capture=23Jan|frame=2430|row=2192,4,30202,True,True,True,False
wifib|device=4|capture=23Jan|frame=2172|row=1964,4,29974,True,True,True,False
wifib|device=4|capture=23Jan|frame=2375|row=2145,4,30155,True,True,True,False
wifib|device=4|capture=23Jan|frame=2298|row=2074,4,30084,True,True,True,False
wifib|device=4|capture=23Jan|frame=2697|row=2451,4,30461,True,True,True,False
wifib|device=4|capture=23Jan|frame=2708|row=2462,4,30472,True,True,True,False
wifib|device=4|capture=23Jan|frame=2614|row=2370,4,30380,True,True,True,False
wifib|device=4|capture=23Jan|frame=2297|row=2073,4,30083,True,True,True,False
wifib|device=4|capture=23Jan|frame=2630|row=2386,4,30396,True,True,True,False
wifib|device=4|capture=23Jan|frame=2631|row=2387,4,30397,True,True,True,False
wifib|device=4|capture=23Jan|frame=2590|row=2346,4,30356,True,True,True,False
wifib|device=4|capture=23Jan|frame=2179|row=1971,4,29981,True,True,True,False
wifib|device=4|capture=23Jan|frame=2387|row=2157,4,30167,True,True,True,False
wifib|device=4|capture=23Jan|frame=2744|row=2496,4,30506,True,True,True,False
wifib|device=4|capture=23Jan|frame=2453|row=2213,4,30223,True,True,True,False
wifib|device=4|capture=23Jan|frame=2436|row=2198,4,30208,True,True,True,False
wifib|device=4|capture=23Jan|frame=2687|row=2441,4,30451,True,True,True,False
wifib|device=4|capture=23Jan|frame=2585|row=2341,4,30351,True,True,True,False
wifib|device=4|capture=23Jan|frame=2706|row=2460,4,30470,True,True,True,False
wifib|device=4|capture=23Jan|frame=2577|row=2333,4,30343,True,True,True,False
wifib|device=4|capture=23Jan|frame=2495|row=2255,4,30265,True,True,True,False
wifib|device=4|capture=23Jan|frame=2469|row=2229,4,30239,True,True,True,False
wifib|device=4|capture=23Jan|frame=2550|row=2308,4,30318,True,True,True,False
wifib|device=4|capture=23Jan|frame=2730|row=2484,4,30494,True,True,True,False
wifib|device=4|capture=23Jan|frame=2269|row=2049,4,30059,True,True,True,False
wifib|device=4|capture=23Jan|frame=2393|row=2163,4,30173,True,True,True,False
wifib|device=4|capture=23Jan|frame=2216|row=2002,4,30012,True,True,True,False
wifib|device=4|capture=23Jan|frame=2602|row=2358,4,30368,True,True,True,False
wifib|device=4|capture=23Jan|frame=2496|row=2256,4,30266,True,True,True,False
wifib|device=4|capture=23Jan|frame=2452|row=2212,4,30222,True,True,True,False
wifib|device=4|capture=23Jan|frame=2406|row=2172,4,30182,True,True,True,False
wifib|device=4|capture=23Jan|frame=2260|row=2040,4,30050,True,True,True,False
wifib|device=4|capture=23Jan|frame=2275|row=2055,4,30065,True,True,True,False
wifib|device=4|capture=23Jan|frame=2532|row=2292,4,30302,True,True,True,False
wifib|device=4|capture=23Jan|frame=2572|row=2328,4,30338,True,True,True,False
wifib|device=4|capture=23Jan|frame=2447|row=2207,4,30217,True,True,True,False
wifib|device=4|capture=23Jan|frame=2276|row=2056,4,30066,True,True,True,False
wifib|device=4|capture=23Jan|frame=2505|row=2265,4,30275,True,True,True,False
wifib|device=4|capture=23Jan|frame=2408|row=2174,4,30184,True,True,True,False
wifib|device=4|capture=23Jan|frame=2709|row=2463,4,30473,True,True,True,False
wifib|device=4|capture=23Jan|frame=2211|row=2001,4,30011,True,True,True,False
wifib|device=4|capture=23Jan|frame=2232|row=2016,4,30026,True,True,True,False
wifib|device=4|capture=23Jan|frame=2654|row=2410,4,30420,True,True,True,False
wifib|device=4|capture=23Jan|frame=2600|row=2356,4,30366,True,True,True,False
wifib|device=4|capture=23Jan|frame=2345|row=2119,4,30129,True,True,True,False
wifib|device=4|capture=23Jan|frame=2451|row=2211,4,30221,True,True,True,False
wifib|device=4|capture=23Jan|frame=2471|row=2231,4,30241,True,True,True,False
wifib|device=4|capture=23Jan|frame=2299|row=2075,4,30085,True,True,True,False
wifib|device=4|capture=23Jan|frame=2513|row=2273,4,30283,True,True,True,False
wifib|device=4|capture=23Jan|frame=2378|row=2148,4,30158,True,True,True,False
wifib|device=4|capture=23Jan|frame=2699|row=2453,4,30463,True,True,True,False
wifib|device=4|capture=23Jan|frame=2576|row=2332,4,30342,True,True,True,False
wifib|device=4|capture=23Jan|frame=2595|row=2351,4,30361,True,True,True,False
wifib|device=4|capture=23Jan|frame=2254|row=2034,4,30044,True,True,True,False
wifib|device=4|capture=23Jan|frame=2314|row=2090,4,30100,True,True,True,False
wifib|device=4|capture=23Jan|frame=2377|row=2147,4,30157,True,True,True,False
wifib|device=4|capture=23Jan|frame=2734|row=2488,4,30498,True,True,True,False
wifib|device=4|capture=23Jan|frame=2368|row=2142,4,30152,True,True,True,False
wifib|device=4|capture=23Jan|frame=2561|row=2317,4,30327,True,True,True,False
wifib|device=4|capture=23Jan|frame=2695|row=2449,4,30459,True,True,True,False
wifib|device=4|capture=23Jan|frame=2290|row=2068,4,30078,True,True,True,False
wifib|device=4|capture=23Jan|frame=2352|row=2126,4,30136,True,True,True,False
wifib|device=4|capture=23Jan|frame=2193|row=1985,4,29995,True,True,True,False
wifib|device=4|capture=23Jan|frame=2359|row=2133,4,30143,True,True,True,False
wifib|device=4|capture=23Jan|frame=2238|row=2022,4,30032,True,True,True,False
wifib|device=4|capture=23Jan|frame=2360|row=2134,4,30144,True,True,True,False
wifib|device=4|capture=23Jan|frame=2619|row=2375,4,30385,True,True,True,False
wifib|device=4|capture=23Jan|frame=2180|row=1972,4,29982,True,True,True,False
wifib|device=4|capture=23Jan|frame=2548|row=2306,4,30316,True,True,True,False
wifib|device=4|capture=23Jan|frame=2462|row=2222,4,30232,True,True,True,False
wifib|device=4|capture=23Jan|frame=2395|row=2165,4,30175,True,True,True,False
wifib|device=4|capture=23Jan|frame=2727|row=2481,4,30491,True,True,True,False
wifib|device=4|capture=23Jan|frame=2488|row=2248,4,30258,True,True,True,False
wifib|device=4|capture=23Jan|frame=2662|row=2416,4,30426,True,True,True,False
wifib|device=4|capture=23Jan|frame=2671|row=2425,4,30435,True,True,True,False
wifib|device=4|capture=23Jan|frame=2494|row=2254,4,30264,True,True,True,False
wifib|device=4|capture=23Jan|frame=2349|row=2123,4,30133,True,True,True,False
wifib|device=4|capture=23Jan|frame=2563|row=2319,4,30329,True,True,True,False
wifib|device=4|capture=23Jan|frame=2416|row=2182,4,30192,True,True,True,False
wifib|device=4|capture=23Jan|frame=2331|row=2107,4,30117,True,True,True,False
wifib|device=4|capture=23Jan|frame=2333|row=2109,4,30119,True,True,True,False
wifib|device=4|capture=23Jan|frame=2717|row=2471,4,30481,True,True,True,False
wifib|device=4|capture=23Jan|frame=2663|row=2417,4,30427,True,True,True,False
wifib|device=4|capture=23Jan|frame=2356|row=2130,4,30140,True,True,True,False
wifib|device=4|capture=23Jan|frame=2365|row=2139,4,30149,True,True,True,False
wifib|device=4|capture=23Jan|frame=2286|row=2066,4,30076,True,True,True,False
wifib|device=4|capture=23Jan|frame=2618|row=2374,4,30384,True,True,True,False
wifib|device=4|capture=23Jan|frame=2569|row=2325,4,30335,True,True,True,False
wifib|device=4|capture=23Jan|frame=2240|row=2024,4,30034,True,True,True,False
wifib|device=4|capture=23Jan|frame=2666|row=2420,4,30430,True,True,True,False
wifib|device=4|capture=23Jan|frame=2571|row=2327,4,30337,True,True,True,False
wifib|device=4|capture=23Jan|frame=2332|row=2108,4,30118,True,True,True,False
wifib|device=4|capture=23Jan|frame=2389|row=2159,4,30169,True,True,True,False
wifib|device=4|capture=23Jan|frame=2487|row=2247,4,30257,True,True,True,False
wifib|device=4|capture=23Jan|frame=2224|row=2008,4,30018,True,True,True,False
wifib|device=4|capture=23Jan|frame=2413|row=2179,4,30189,True,True,True,False
wifib|device=4|capture=23Jan|frame=2472|row=2232,4,30242,True,True,True,False
wifib|device=4|capture=23Jan|frame=2484|row=2244,4,30254,True,True,True,False
wifib|device=4|capture=23Jan|frame=2287|row=2067,4,30077,True,True,True,False
wifib|device=4|capture=23Jan|frame=2584|row=2340,4,30350,True,True,True,False
wifib|device=4|capture=23Jan|frame=2605|row=2361,4,30371,True,True,True,False
wifib|device=4|capture=23Jan|frame=2599|row=2355,4,30365,True,True,True,False
wifib|device=4|capture=23Jan|frame=2362|row=2136,4,30146,True,True,True,False
wifib|device=4|capture=23Jan|frame=2655|row=2411,4,30421,True,True,True,False
wifib|device=4|capture=23Jan|frame=2425|row=2189,4,30199,True,True,True,False
wifib|device=4|capture=23Jan|frame=2280|row=2060,4,30070,True,True,True,False
wifib|device=4|capture=23Jan|frame=2506|row=2266,4,30276,True,True,True,False
wifib|device=4|capture=23Jan|frame=2603|row=2359,4,30369,True,True,True,False
wifib|device=4|capture=23Jan|frame=2340|row=2114,4,30124,True,True,True,False
wifib|device=4|capture=23Jan|frame=2304|row=2080,4,30090,True,True,True,False
wifib|device=4|capture=23Jan|frame=2466|row=2226,4,30236,True,True,True,False
wifib|device=4|capture=23Jan|frame=2188|row=1980,4,29990,True,True,True,False
wifib|device=4|capture=23Jan|frame=2481|row=2241,4,30251,True,True,True,False
wifib|device=4|capture=23Jan|frame=2206|row=1996,4,30006,True,True,True,False
wifib|device=4|capture=23Jan|frame=2434|row=2196,4,30206,True,True,True,False
wifib|device=4|capture=23Jan|frame=2643|row=2399,4,30409,True,True,True,False
wifib|device=4|capture=23Jan|frame=2461|row=2221,4,30231,True,True,True,False
wifib|device=4|capture=23Jan|frame=2320|row=2096,4,30106,True,True,True,False
wifib|device=4|capture=23Jan|frame=2310|row=2086,4,30096,True,True,True,False
wifib|device=4|capture=23Jan|frame=2511|row=2271,4,30281,True,True,True,False
wifib|device=4|capture=23Jan|frame=2521|row=2281,4,30291,True,True,True,False
wifib|device=4|capture=23Jan|frame=2390|row=2160,4,30170,True,True,True,False
wifib|device=4|capture=23Jan|frame=2239|row=2023,4,30033,True,True,True,False
wifib|device=4|capture=23Jan|frame=2322|row=2098,4,30108,True,True,True,False
wifib|device=4|capture=23Jan|frame=2747|row=2499,4,30509,True,True,True,False
wifib|device=4|capture=23Jan|frame=2259|row=2039,4,30049,True,True,True,False
wifib|device=4|capture=23Jan|frame=2502|row=2262,4,30272,True,True,True,False
wifib|device=4|capture=23Jan|frame=2384|row=2154,4,30164,True,True,True,False
wifib|device=4|capture=23Jan|frame=2581|row=2337,4,30347,True,True,True,False
wifib|device=4|capture=23Jan|frame=2263|row=2043,4,30053,True,True,True,False
wifib|device=4|capture=23Jan|frame=2366|row=2140,4,30150,True,True,True,False
wifib|device=4|capture=23Jan|frame=2302|row=2078,4,30088,True,True,True,False
wifib|device=4|capture=23Jan|frame=2191|row=1983,4,29993,True,True,True,False
wifib|device=4|capture=23Jan|frame=2381|row=2151,4,30161,True,True,True,False
wifib|device=4|capture=23Jan|frame=2672|row=2426,4,30436,True,True,True,False
wifib|device=4|capture=23Jan|frame=2707|row=2461,4,30471,True,True,True,False
wifib|device=4|capture=23Jan|frame=2549|row=2307,4,30317,True,True,True,False
wifib|device=4|capture=23Jan|frame=2522|row=2282,4,30292,True,True,True,False
wifib|device=4|capture=23Jan|frame=2334|row=2110,4,30120,True,True,True,False
wifib|device=4|capture=23Jan|frame=2200|row=1990,4,30000,True,True,True,False
wifib|device=4|capture=23Jan|frame=2221|row=2007,4,30017,True,True,True,False
wifib|device=4|capture=23Jan|frame=2578|row=2334,4,30344,True,True,True,False
wifib|device=4|capture=23Jan|frame=2220|row=2006,4,30016,True,True,True,False
wifib|device=4|capture=23Jan|frame=2226|row=2010,4,30020,True,True,True,False
wifib|device=4|capture=23Jan|frame=2660|row=2414,4,30424,True,True,True,False
wifib|device=4|capture=23Jan|frame=2283|row=2063,4,30073,True,True,True,False
wifib|device=4|capture=23Jan|frame=2415|row=2181,4,30191,True,True,True,False
wifib|device=4|capture=23Jan|frame=2530|row=2290,4,30300,True,True,True,False
wifib|device=4|capture=23Jan|frame=2529|row=2289,4,30299,True,True,True,False
wifib|device=4|capture=23Jan|frame=2231|row=2015,4,30025,True,True,True,False
wifib|device=4|capture=23Jan|frame=2541|row=2299,4,30309,True,True,True,False
wifib|device=4|capture=23Jan|frame=2385|row=2155,4,30165,True,True,True,False
wifib|device=4|capture=23Jan|frame=2311|row=2087,4,30097,True,True,True,False
wifib|device=4|capture=23Jan|frame=2438|row=2200,4,30210,True,True,True,False
wifib|device=4|capture=23Jan|frame=2353|row=2127,4,30137,True,True,True,False
wifib|device=4|capture=23Jan|frame=2566|row=2322,4,30332,True,True,True,False
wifib|device=4|capture=23Jan|frame=2531|row=2291,4,30301,True,True,True,False
wifib|device=4|capture=23Jan|frame=2235|row=2019,4,30029,True,True,True,False
wifib|device=4|capture=23Jan|frame=2714|row=2468,4,30478,True,True,True,False
wifib|device=4|capture=23Jan|frame=2688|row=2442,4,30452,True,True,True,False
wifib|device=4|capture=23Jan|frame=2305|row=2081,4,30091,True,True,True,False
wifib|device=4|capture=23Jan|frame=2300|row=2076,4,30086,True,True,True,False
wifib|device=4|capture=23Jan|frame=2459|row=2219,4,30229,True,True,True,False
wifib|device=4|capture=23Jan|frame=2348|row=2122,4,30132,True,True,True,False
wifib|device=4|capture=23Jan|frame=2202|row=1992,4,30002,True,True,True,False
wifib|device=4|capture=23Jan|frame=2525|row=2285,4,30295,True,True,True,False
wifib|device=4|capture=23Jan|frame=2219|row=2005,4,30015,True,True,True,False
wifib|device=4|capture=23Jan|frame=2508|row=2268,4,30278,True,True,True,False
wifib|device=4|capture=23Jan|frame=2520|row=2280,4,30290,True,True,True,False
wifib|device=4|capture=23Jan|frame=2244|row=2028,4,30038,True,True,True,False
wifib|device=4|capture=23Jan|frame=2746|row=2498,4,30508,True,True,True,False
wifib|device=4|capture=23Jan|frame=2335|row=2111,4,30121,True,True,True,False
wifib|device=4|capture=23Jan|frame=2197|row=1989,4,29999,True,True,True,False
wifib|device=4|capture=23Jan|frame=2607|row=2363,4,30373,True,True,True,False
wifib|device=4|capture=23Jan|frame=2291|row=2069,4,30079,True,True,True,False
wifib|device=4|capture=23Jan|frame=2617|row=2373,4,30383,True,True,True,False
wifib|device=4|capture=23Jan|frame=2343|row=2117,4,30127,True,True,True,False
wifib|device=4|capture=23Jan|frame=2273|row=2053,4,30063,True,True,True,False
wifib|device=4|capture=23Jan|frame=2677|row=2431,4,30441,True,True,True,False
wifib|device=4|capture=23Jan|frame=2186|row=1978,4,29988,True,True,True,False
wifib|device=4|capture=23Jan|frame=2242|row=2026,4,30036,True,True,True,False
wifib|device=4|capture=23Jan|frame=2210|row=2000,4,30010,True,True,True,False
wifib|device=4|capture=23Jan|frame=2194|row=1986,4,29996,True,True,True,False
wifib|device=4|capture=23Jan|frame=2432|row=2194,4,30204,True,True,True,False
wifib|device=4|capture=23Jan|frame=2486|row=2246,4,30256,True,True,True,False
wifib|device=4|capture=23Jan|frame=2564|row=2320,4,30330,True,True,True,False
wifib|device=4|capture=23Jan|frame=2489|row=2249,4,30259,True,True,True,False
wifib|device=4|capture=23Jan|frame=2338|row=2112,4,30122,True,True,True,False
wifib|device=4|capture=23Jan|frame=2190|row=1982,4,29992,True,True,True,False
wifib|device=4|capture=23Jan|frame=2301|row=2077,4,30087,True,True,True,False
wifib|device=4|capture=23Jan|frame=2218|row=2004,4,30014,True,True,True,False
wifib|device=4|capture=23Jan|frame=2704|row=2458,4,30468,True,True,True,False
wifib|device=4|capture=23Jan|frame=2177|row=1969,4,29979,True,True,True,False
wifib|device=4|capture=23Jan|frame=2433|row=2195,4,30205,True,True,True,False
wifib|device=4|capture=23Jan|frame=2573|row=2329,4,30339,True,True,True,False
wifib|device=4|capture=23Jan|frame=2545|row=2303,4,30313,True,True,True,False
wifib|device=4|capture=23Jan|frame=2271|row=2051,4,30061,True,True,True,False
wifib|device=4|capture=23Jan|frame=2693|row=2447,4,30457,True,True,True,False
wifib|device=4|capture=23Jan|frame=2526|row=2286,4,30296,True,True,True,False
wifib|device=4|capture=23Jan|frame=2580|row=2336,4,30346,True,True,True,False
wifib|device=4|capture=23Jan|frame=2483|row=2243,4,30253,True,True,True,False
wifib|device=4|capture=23Jan|frame=2270|row=2050,4,30060,True,True,True,False
wifib|device=4|capture=23Jan|frame=2597|row=2353,4,30363,True,True,True,False
wifib|device=4|capture=23Jan|frame=2593|row=2349,4,30359,True,True,True,False
wifib|device=4|capture=23Jan|frame=2722|row=2476,4,30486,True,True,True,False
wifib|device=4|capture=23Jan|frame=2264|row=2044,4,30054,True,True,True,False
wifib|device=4|capture=23Jan|frame=2738|row=2492,4,30502,True,True,True,False
wifib|device=4|capture=23Jan|frame=2208|row=1998,4,30008,True,True,True,False
wifib|device=4|capture=23Jan|frame=2361|row=2135,4,30145,True,True,True,False
wifib|device=4|capture=23Jan|frame=2515|row=2275,4,30285,True,True,True,False
wifib|device=4|capture=23Jan|frame=2547|row=2305,4,30315,True,True,True,False
wifib|device=4|capture=23Jan|frame=2745|row=2497,4,30507,True,True,True,False
wifib|device=4|capture=23Jan|frame=2750|row=2502,4,30512,True,True,True,False
wifib|device=4|capture=23Jan|frame=2442|row=2202,4,30212,True,True,True,False
wifib|device=4|capture=23Jan|frame=2326|row=2102,4,30112,True,True,True,False
wifib|device=4|capture=23Jan|frame=2621|row=2377,4,30387,True,True,True,False
wifib|device=4|capture=23Jan|frame=2253|row=2033,4,30043,True,True,True,False
wifib|device=4|capture=23Jan|frame=2309|row=2085,4,30095,True,True,True,False
wifib|device=4|capture=23Jan|frame=2628|row=2384,4,30394,True,True,True,False
wifib|device=4|capture=23Jan|frame=2690|row=2444,4,30454,True,True,True,False
wifib|device=4|capture=23Jan|frame=2680|row=2434,4,30444,True,True,True,False
wifib|device=4|capture=23Jan|frame=2565|row=2321,4,30331,True,True,True,False
wifib|device=4|capture=23Jan|frame=2357|row=2131,4,30141,True,True,True,False
wifib|device=4|capture=23Jan|frame=2559|row=2315,4,30325,True,True,True,False
wifib|device=4|capture=23Jan|frame=2474|row=2234,4,30244,True,True,True,False
wifib|device=4|capture=23Jan|frame=2266|row=2046,4,30056,True,True,True,False
wifib|device=4|capture=23Jan|frame=2640|row=2396,4,30406,True,True,True,False
wifib|device=4|capture=23Jan|frame=2478|row=2238,4,30248,True,True,True,False
wifib|device=4|capture=23Jan|frame=2721|row=2475,4,30485,True,True,True,False
wifib|device=4|capture=23Jan|frame=2181|row=1973,4,29983,True,True,True,False
wifib|device=4|capture=23Jan|frame=2458|row=2218,4,30228,True,True,True,False
wifib|device=4|capture=23Jan|frame=2754|row=2506,4,30516,True,True,True,False
wifib|device=4|capture=23Jan|frame=2589|row=2345,4,30355,True,True,True,False
wifib|device=4|capture=23Jan|frame=2624|row=2380,4,30390,True,True,True,False
wifib|device=4|capture=23Jan|frame=2388|row=2158,4,30168,True,True,True,False
wifib|device=4|capture=23Jan|frame=2318|row=2094,4,30104,True,True,True,False
wifib|device=4|capture=23Jan|frame=2748|row=2500,4,30510,True,True,True,False
wifib|device=4|capture=23Jan|frame=2426|row=2190,4,30200,True,True,True,False
wifib|device=4|capture=23Jan|frame=2743|row=2495,4,30505,True,True,True,False
wifib|device=4|capture=23Jan|frame=2217|row=2003,4,30013,True,True,True,False
wifib|device=4|capture=23Jan|frame=2482|row=2242,4,30252,True,True,True,False
wifib|device=4|capture=23Jan|frame=2517|row=2277,4,30287,True,True,True,False
wifib|device=4|capture=23Jan|frame=2675|row=2429,4,30439,True,True,True,False
wifib|device=4|capture=23Jan|frame=2610|row=2366,4,30376,True,True,True,False
wifib|device=4|capture=23Jan|frame=2187|row=1979,4,29989,True,True,True,False
wifib|device=4|capture=23Jan|frame=2703|row=2457,4,30467,True,True,True,False
wifib|device=4|capture=23Jan|frame=2737|row=2491,4,30501,True,True,True,False
wifib|device=4|capture=23Jan|frame=2398|row=2166,4,30176,True,True,True,False
wifib|device=4|capture=23Jan|frame=2718|row=2472,4,30482,True,True,True,False
wifib|device=4|capture=23Jan|frame=2342|row=2116,4,30126,True,True,True,False
wifib|device=4|capture=23Jan|frame=2731|row=2485,4,30495,True,True,True,False
wifib|device=4|capture=23Jan|frame=2418|row=2184,4,30194,True,True,True,False
wifib|device=4|capture=23Jan|frame=2568|row=2324,4,30334,True,True,True,False
wifib|device=4|capture=23Jan|frame=2579|row=2335,4,30345,True,True,True,False
wifib|device=4|capture=23Jan|frame=2272|row=2052,4,30062,True,True,True,False
wifib|device=4|capture=23Jan|frame=2391|row=2161,4,30171,True,True,True,False
wifib|device=4|capture=23Jan|frame=2325|row=2101,4,30111,True,True,True,False
wifib|device=4|capture=23Jan|frame=2184|row=1976,4,29986,True,True,True,False
wifib|device=4|capture=23Jan|frame=2204|row=1994,4,30004,True,True,True,False
wifib|device=4|capture=23Jan|frame=2689|row=2443,4,30453,True,True,True,False
wifib|device=4|capture=23Jan|frame=2552|row=2310,4,30320,True,True,True,False
wifib|device=4|capture=23Jan|frame=2379|row=2149,4,30159,True,True,True,False
wifib|device=4|capture=23Jan|frame=2405|row=2171,4,30181,True,True,True,False
wifib|device=4|capture=23Jan|frame=2724|row=2478,4,30488,True,True,True,False
wifib|device=4|capture=23Jan|frame=2570|row=2326,4,30336,True,True,True,False
wifib|device=4|capture=23Jan|frame=2327|row=2103,4,30113,True,True,True,False
wifib|device=4|capture=23Jan|frame=2684|row=2438,4,30448,True,True,True,False
wifib|device=4|capture=23Jan|frame=2450|row=2210,4,30220,True,True,True,False
wifib|device=4|capture=23Jan|frame=2661|row=2415,4,30425,True,True,True,False
wifib|device=4|capture=23Jan|frame=2354|row=2128,4,30138,True,True,True,False
wifib|device=4|capture=23Jan|frame=2284|row=2064,4,30074,True,True,True,False
wifib|device=4|capture=23Jan|frame=2646|row=2402,4,30412,True,True,True,False
wifib|device=4|capture=23Jan|frame=2539|row=2297,4,30307,True,True,True,False
wifib|device=4|capture=23Jan|frame=2542|row=2300,4,30310,True,True,True,False
wifib|device=4|capture=23Jan|frame=2236|row=2020,4,30030,True,True,True,False
wifib|device=4|capture=23Jan|frame=2347|row=2121,4,30131,True,True,True,False
wifib|device=4|capture=23Jan|frame=2329|row=2105,4,30115,True,True,True,False
wifib|device=4|capture=23Jan|frame=2674|row=2428,4,30438,True,True,True,False
wifib|device=4|capture=23Jan|frame=2723|row=2477,4,30487,True,True,True,False
wifib|device=4|capture=23Jan|frame=2649|row=2405,4,30415,True,True,True,False
wifib|device=4|capture=23Jan|frame=2612|row=2368,4,30378,True,True,True,False
wifib|device=4|capture=23Jan|frame=2424|row=2188,4,30198,True,True,True,False
wifib|device=5|capture=23Jan|frame=2165|row=1972,5,48228,True,True,True,True
wifib|device=5|capture=23Jan|frame=2344|row=2139,5,48395,True,True,True,True
wifib|device=5|capture=23Jan|frame=2182|row=1987,5,48243,True,True,True,True
wifib|device=5|capture=23Jan|frame=2257|row=2060,5,48316,True,True,True,True
wifib|device=5|capture=23Jan|frame=2400|row=2193,5,48449,True,True,True,True
wifib|device=5|capture=23Jan|frame=2481|row=2262,5,48518,True,True,True,True
wifib|device=5|capture=23Jan|frame=2679|row=2456,5,48712,True,True,True,True
wifib|device=5|capture=23Jan|frame=2381|row=2174,5,48430,True,True,True,True
wifib|device=5|capture=23Jan|frame=2340|row=2135,5,48391,True,True,True,True
wifib|device=5|capture=23Jan|frame=2473|row=2256,5,48512,True,True,True,True
wifib|device=5|capture=23Jan|frame=2622|row=2399,5,48655,True,True,True,False
wifib|device=5|capture=23Jan|frame=2440|row=2231,5,48487,True,True,True,False
wifib|device=5|capture=23Jan|frame=2540|row=2319,5,48575,True,True,True,False
wifib|device=5|capture=23Jan|frame=2279|row=2080,5,48336,True,True,True,False
wifib|device=5|capture=23Jan|frame=2565|row=2342,5,48598,True,True,True,False
wifib|device=5|capture=23Jan|frame=2141|row=1948,5,48204,True,True,True,False
wifib|device=5|capture=23Jan|frame=2672|row=2449,5,48705,True,True,True,False
wifib|device=5|capture=23Jan|frame=2390|row=2183,5,48439,True,True,True,False
wifib|device=5|capture=23Jan|frame=2249|row=2052,5,48308,True,True,True,False
wifib|device=5|capture=23Jan|frame=2467|row=2250,5,48506,True,True,True,False
wifib|device=5|capture=23Jan|frame=2460|row=2247,5,48503,True,True,True,False
wifib|device=5|capture=23Jan|frame=2583|row=2360,5,48616,True,True,True,False
wifib|device=5|capture=23Jan|frame=2651|row=2428,5,48684,True,True,True,False
wifib|device=5|capture=23Jan|frame=2600|row=2377,5,48633,True,True,True,False
wifib|device=5|capture=23Jan|frame=2577|row=2354,5,48610,True,True,True,False
wifib|device=5|capture=23Jan|frame=2647|row=2424,5,48680,True,True,True,False
wifib|device=5|capture=23Jan|frame=2137|row=1944,5,48200,True,True,True,False
wifib|device=5|capture=23Jan|frame=2576|row=2353,5,48609,True,True,True,False
wifib|device=5|capture=23Jan|frame=2277|row=2078,5,48334,True,True,True,False
wifib|device=5|capture=23Jan|frame=2300|row=2097,5,48353,True,True,True,False
wifib|device=5|capture=23Jan|frame=2612|row=2389,5,48645,True,True,True,False
wifib|device=5|capture=23Jan|frame=2214|row=2019,5,48275,True,True,True,False
wifib|device=5|capture=23Jan|frame=2490|row=2269,5,48525,True,True,True,False
wifib|device=5|capture=23Jan|frame=2169|row=1976,5,48232,True,True,True,False
wifib|device=5|capture=23Jan|frame=2206|row=2011,5,48267,True,True,True,False
wifib|device=5|capture=23Jan|frame=2676|row=2453,5,48709,True,True,True,False
wifib|device=5|capture=23Jan|frame=2406|row=2199,5,48455,True,True,True,False
wifib|device=5|capture=23Jan|frame=2526|row=2305,5,48561,True,True,True,False
wifib|device=5|capture=23Jan|frame=2218|row=2023,5,48279,True,True,True,False
wifib|device=5|capture=23Jan|frame=2683|row=2460,5,48716,True,True,True,False
wifib|device=5|capture=23Jan|frame=2582|row=2359,5,48615,True,True,True,False
wifib|device=5|capture=23Jan|frame=2569|row=2346,5,48602,True,True,True,False
wifib|device=5|capture=23Jan|frame=2645|row=2422,5,48678,True,True,True,False
wifib|device=5|capture=23Jan|frame=2398|row=2191,5,48447,True,True,True,False
wifib|device=5|capture=23Jan|frame=2301|row=2098,5,48354,True,True,True,False
wifib|device=5|capture=23Jan|frame=2278|row=2079,5,48335,True,True,True,False
wifib|device=5|capture=23Jan|frame=2593|row=2370,5,48626,True,True,True,False
wifib|device=5|capture=23Jan|frame=2532|row=2311,5,48567,True,True,True,False
wifib|device=5|capture=23Jan|frame=2316|row=2113,5,48369,True,True,True,False
wifib|device=5|capture=23Jan|frame=2495|row=2274,5,48530,True,True,True,False
wifib|device=5|capture=23Jan|frame=2151|row=1958,5,48214,True,True,True,False
wifib|device=5|capture=23Jan|frame=2415|row=2208,5,48464,True,True,True,False
wifib|device=5|capture=23Jan|frame=2348|row=2143,5,48399,True,True,True,False
wifib|device=5|capture=23Jan|frame=2638|row=2415,5,48671,True,True,True,False
wifib|device=5|capture=23Jan|frame=2160|row=1967,5,48223,True,True,True,False
wifib|device=5|capture=23Jan|frame=2436|row=2227,5,48483,True,True,True,False
wifib|device=5|capture=23Jan|frame=2394|row=2187,5,48443,True,True,True,False
wifib|device=5|capture=23Jan|frame=2351|row=2146,5,48402,True,True,True,False
wifib|device=5|capture=23Jan|frame=2642|row=2419,5,48675,True,True,True,False
wifib|device=5|capture=23Jan|frame=2424|row=2215,5,48471,True,True,True,False
wifib|device=5|capture=23Jan|frame=2202|row=2007,5,48263,True,True,True,False
wifib|device=5|capture=23Jan|frame=2627|row=2404,5,48660,True,True,True,False
wifib|device=5|capture=23Jan|frame=2497|row=2276,5,48532,True,True,True,False
wifib|device=5|capture=23Jan|frame=2554|row=2333,5,48589,True,True,True,False
wifib|device=5|capture=23Jan|frame=2643|row=2420,5,48676,True,True,True,False
wifib|device=5|capture=23Jan|frame=2211|row=2016,5,48272,True,True,True,False
wifib|device=5|capture=23Jan|frame=2350|row=2145,5,48401,True,True,True,False
wifib|device=5|capture=23Jan|frame=2596|row=2373,5,48629,True,True,True,False
wifib|device=5|capture=23Jan|frame=2313|row=2110,5,48366,True,True,True,False
wifib|device=5|capture=23Jan|frame=2125|row=1932,5,48188,True,True,True,False
wifib|device=5|capture=23Jan|frame=2227|row=2032,5,48288,True,True,True,False
wifib|device=5|capture=23Jan|frame=2282|row=2083,5,48339,True,True,True,False
wifib|device=5|capture=23Jan|frame=2396|row=2189,5,48445,True,True,True,False
wifib|device=5|capture=23Jan|frame=2452|row=2239,5,48495,True,True,True,False
wifib|device=5|capture=23Jan|frame=2673|row=2450,5,48706,True,True,True,False
wifib|device=5|capture=23Jan|frame=2190|row=1995,5,48251,True,True,True,False
wifib|device=5|capture=23Jan|frame=2327|row=2124,5,48380,True,True,True,False
wifib|device=5|capture=23Jan|frame=2655|row=2432,5,48688,True,True,True,False
wifib|device=5|capture=23Jan|frame=2455|row=2242,5,48498,True,True,True,False
wifib|device=5|capture=23Jan|frame=2572|row=2349,5,48605,True,True,True,False
wifib|device=5|capture=23Jan|frame=2632|row=2409,5,48665,True,True,True,False
wifib|device=5|capture=23Jan|frame=2677|row=2454,5,48710,True,True,True,False
wifib|device=5|capture=23Jan|frame=2458|row=2245,5,48501,True,True,True,False
wifib|device=5|capture=23Jan|frame=2293|row=2094,5,48350,True,True,True,False
wifib|device=5|capture=23Jan|frame=2501|row=2280,5,48536,True,True,True,False
wifib|device=5|capture=23Jan|frame=2589|row=2366,5,48622,True,True,True,False
wifib|device=5|capture=23Jan|frame=2203|row=2008,5,48264,True,True,True,False
wifib|device=5|capture=23Jan|frame=2613|row=2390,5,48646,True,True,True,False
wifib|device=5|capture=23Jan|frame=2518|row=2297,5,48553,True,True,True,False
wifib|device=5|capture=23Jan|frame=2312|row=2109,5,48365,True,True,True,False
wifib|device=5|capture=23Jan|frame=2631|row=2408,5,48664,True,True,True,False
wifib|device=5|capture=23Jan|frame=2174|row=1981,5,48237,True,True,True,False
wifib|device=5|capture=23Jan|frame=2470|row=2253,5,48509,True,True,True,False
wifib|device=5|capture=23Jan|frame=2420|row=2211,5,48467,True,True,True,False
wifib|device=5|capture=23Jan|frame=2536|row=2315,5,48571,True,True,True,False
wifib|device=5|capture=23Jan|frame=2363|row=2158,5,48414,True,True,True,False
wifib|device=5|capture=23Jan|frame=2259|row=2062,5,48318,True,True,True,False
wifib|device=5|capture=23Jan|frame=2150|row=1957,5,48213,True,True,True,False
wifib|device=5|capture=23Jan|frame=2378|row=2171,5,48427,True,True,True,False
wifib|device=5|capture=23Jan|frame=2195|row=2000,5,48256,True,True,True,False
wifib|device=5|capture=23Jan|frame=2598|row=2375,5,48631,True,True,True,False
wifib|device=5|capture=23Jan|frame=2623|row=2400,5,48656,True,True,True,False
wifib|device=5|capture=23Jan|frame=2553|row=2332,5,48588,True,True,True,False
wifib|device=5|capture=23Jan|frame=2485|row=2266,5,48522,True,True,True,False
wifib|device=5|capture=23Jan|frame=2562|row=2339,5,48595,True,True,True,False
wifib|device=5|capture=23Jan|frame=2330|row=2127,5,48383,True,True,True,False
wifib|device=5|capture=23Jan|frame=2667|row=2444,5,48700,True,True,True,False
wifib|device=5|capture=23Jan|frame=2242|row=2045,5,48301,True,True,True,False
wifib|device=5|capture=23Jan|frame=2236|row=2039,5,48295,True,True,True,False
wifib|device=5|capture=23Jan|frame=2511|row=2290,5,48546,True,True,True,False
wifib|device=5|capture=23Jan|frame=2587|row=2364,5,48620,True,True,True,False
wifib|device=5|capture=23Jan|frame=2584|row=2361,5,48617,True,True,True,False
wifib|device=5|capture=23Jan|frame=2145|row=1952,5,48208,True,True,True,False
wifib|device=5|capture=23Jan|frame=2223|row=2028,5,48284,True,True,True,False
wifib|device=5|capture=23Jan|frame=2138|row=1945,5,48201,True,True,True,False
wifib|device=5|capture=23Jan|frame=2133|row=1940,5,48196,True,True,True,False
wifib|device=5|capture=23Jan|frame=2383|row=2176,5,48432,True,True,True,False
wifib|device=5|capture=23Jan|frame=2360|row=2155,5,48411,True,True,True,False
wifib|device=5|capture=23Jan|frame=2649|row=2426,5,48682,True,True,True,False
wifib|device=5|capture=23Jan|frame=2671|row=2448,5,48704,True,True,True,False
wifib|device=5|capture=23Jan|frame=2253|row=2056,5,48312,True,True,True,False
wifib|device=5|capture=23Jan|frame=2451|row=2238,5,48494,True,True,True,False
wifib|device=5|capture=23Jan|frame=2457|row=2244,5,48500,True,True,True,False
wifib|device=5|capture=23Jan|frame=2260|row=2063,5,48319,True,True,True,False
wifib|device=5|capture=23Jan|frame=2371|row=2164,5,48420,True,True,True,False
wifib|device=5|capture=23Jan|frame=2502|row=2281,5,48537,True,True,True,False
wifib|device=5|capture=23Jan|frame=2337|row=2132,5,48388,True,True,True,False
wifib|device=5|capture=23Jan|frame=2166|row=1973,5,48229,True,True,True,False
wifib|device=5|capture=23Jan|frame=2555|row=2334,5,48590,True,True,True,False
wifib|device=5|capture=23Jan|frame=2129|row=1936,5,48192,True,True,True,False
wifib|device=5|capture=23Jan|frame=2284|row=2085,5,48341,True,True,True,False
wifib|device=5|capture=23Jan|frame=2662|row=2439,5,48695,True,True,True,False
wifib|device=5|capture=23Jan|frame=2558|row=2337,5,48593,True,True,True,False
wifib|device=5|capture=23Jan|frame=2248|row=2051,5,48307,True,True,True,False
wifib|device=5|capture=23Jan|frame=2238|row=2041,5,48297,True,True,True,False
wifib|device=5|capture=23Jan|frame=2357|row=2152,5,48408,True,True,True,False
wifib|device=5|capture=23Jan|frame=2533|row=2312,5,48568,True,True,True,False
wifib|device=5|capture=23Jan|frame=2465|row=2248,5,48504,True,True,True,False
wifib|device=5|capture=23Jan|frame=2322|row=2119,5,48375,True,True,True,False
wifib|device=5|capture=23Jan|frame=2272|row=2073,5,48329,True,True,True,False
wifib|device=5|capture=23Jan|frame=2484|row=2265,5,48521,True,True,True,False
wifib|device=5|capture=23Jan|frame=2538|row=2317,5,48573,True,True,True,False
wifib|device=5|capture=23Jan|frame=2341|row=2136,5,48392,True,True,True,False
wifib|device=5|capture=23Jan|frame=2652|row=2429,5,48685,True,True,True,False
wifib|device=5|capture=23Jan|frame=2183|row=1988,5,48244,True,True,True,False
wifib|device=5|capture=23Jan|frame=2503|row=2282,5,48538,True,True,True,False
wifib|device=5|capture=23Jan|frame=2407|row=2200,5,48456,True,True,True,False
wifib|device=5|capture=23Jan|frame=2175|row=1982,5,48238,True,True,True,False
wifib|device=5|capture=23Jan|frame=2157|row=1964,5,48220,True,True,True,False
wifib|device=5|capture=23Jan|frame=2240|row=2043,5,48299,True,True,True,False
wifib|device=5|capture=23Jan|frame=2131|row=1938,5,48194,True,True,True,False
wifib|device=5|capture=23Jan|frame=2164|row=1971,5,48227,True,True,True,False
wifib|device=5|capture=23Jan|frame=2504|row=2283,5,48539,True,True,True,False
wifib|device=5|capture=23Jan|frame=2325|row=2122,5,48378,True,True,True,False
wifib|device=5|capture=23Jan|frame=2466|row=2249,5,48505,True,True,True,False
wifib|device=5|capture=23Jan|frame=2475|row=2258,5,48514,True,True,True,False
wifib|device=5|capture=23Jan|frame=2637|row=2414,5,48670,True,True,True,False
wifib|device=5|capture=23Jan|frame=2212|row=2017,5,48273,True,True,True,False
wifib|device=5|capture=23Jan|frame=2509|row=2288,5,48544,True,True,True,False
wifib|device=5|capture=23Jan|frame=2630|row=2407,5,48663,True,True,True,False
wifib|device=5|capture=23Jan|frame=2122|row=1929,5,48185,True,True,True,False
wifib|device=5|capture=23Jan|frame=2374|row=2167,5,48423,True,True,True,False
wifib|device=5|capture=23Jan|frame=2563|row=2340,5,48596,True,True,True,False
wifib|device=5|capture=23Jan|frame=2338|row=2133,5,48389,True,True,True,False
wifib|device=5|capture=23Jan|frame=2646|row=2423,5,48679,True,True,True,False
wifib|device=5|capture=23Jan|frame=2370|row=2163,5,48419,True,True,True,False
wifib|device=5|capture=23Jan|frame=2537|row=2316,5,48572,True,True,True,False
wifib|device=5|capture=23Jan|frame=2188|row=1993,5,48249,True,True,True,False
wifib|device=5|capture=23Jan|frame=2486|row=2267,5,48523,True,True,True,False
wifib|device=5|capture=23Jan|frame=2575|row=2352,5,48608,True,True,True,False
wifib|device=5|capture=23Jan|frame=2359|row=2154,5,48410,True,True,True,False
wifib|device=5|capture=23Jan|frame=2496|row=2275,5,48531,True,True,True,False
wifib|device=5|capture=23Jan|frame=2607|row=2384,5,48640,True,True,True,False
wifib|device=5|capture=23Jan|frame=2261|row=2064,5,48320,True,True,True,False
wifib|device=5|capture=23Jan|frame=2243|row=2046,5,48302,True,True,True,False
wifib|device=5|capture=23Jan|frame=2244|row=2047,5,48303,True,True,True,False
wifib|device=5|capture=23Jan|frame=2568|row=2345,5,48601,True,True,True,False
wifib|device=5|capture=23Jan|frame=2155|row=1962,5,48218,True,True,True,False
wifib|device=5|capture=23Jan|frame=2121|row=1928,5,48184,True,True,True,False
wifib|device=5|capture=23Jan|frame=2365|row=2160,5,48416,True,True,True,False
wifib|device=5|capture=23Jan|frame=2229|row=2034,5,48290,True,True,True,False
wifib|device=5|capture=23Jan|frame=2255|row=2058,5,48314,True,True,True,False
wifib|device=5|capture=23Jan|frame=2224|row=2029,5,48285,True,True,True,False
wifib|device=5|capture=23Jan|frame=2299|row=2096,5,48352,True,True,True,False
wifib|device=5|capture=23Jan|frame=2688|row=2463,5,48719,True,True,True,False
wifib|device=5|capture=23Jan|frame=2225|row=2030,5,48286,True,True,True,False
wifib|device=5|capture=23Jan|frame=2665|row=2442,5,48698,True,True,True,False
wifib|device=5|capture=23Jan|frame=2472|row=2255,5,48511,True,True,True,False
wifib|device=5|capture=23Jan|frame=2379|row=2172,5,48428,True,True,True,False
wifib|device=5|capture=23Jan|frame=2352|row=2147,5,48403,True,True,True,False
wifib|device=5|capture=23Jan|frame=2605|row=2382,5,48638,True,True,True,False
wifib|device=5|capture=23Jan|frame=2585|row=2362,5,48618,True,True,True,False
wifib|device=5|capture=23Jan|frame=2421|row=2212,5,48468,True,True,True,False
wifib|device=5|capture=23Jan|frame=2614|row=2391,5,48647,True,True,True,False
wifib|device=5|capture=23Jan|frame=2231|row=2036,5,48292,True,True,True,False
wifib|device=5|capture=23Jan|frame=2173|row=1980,5,48236,True,True,True,False
wifib|device=5|capture=23Jan|frame=2633|row=2410,5,48666,True,True,True,False
wifib|device=5|capture=23Jan|frame=2329|row=2126,5,48382,True,True,True,False
wifib|device=5|capture=23Jan|frame=2377|row=2170,5,48426,True,True,True,False
wifib|device=5|capture=23Jan|frame=2280|row=2081,5,48337,True,True,True,False
wifib|device=5|capture=23Jan|frame=2305|row=2102,5,48358,True,True,True,False
wifib|device=5|capture=23Jan|frame=2432|row=2223,5,48479,True,True,True,False
wifib|device=5|capture=23Jan|frame=2153|row=1960,5,48216,True,True,True,False
wifib|device=5|capture=23Jan|frame=2675|row=2452,5,48708,True,True,True,False
wifib|device=5|capture=23Jan|frame=2578|row=2355,5,48611,True,True,True,False
wifib|device=5|capture=23Jan|frame=2230|row=2035,5,48291,True,True,True,False
wifib|device=5|capture=23Jan|frame=2616|row=2393,5,48649,True,True,True,False
wifib|device=5|capture=23Jan|frame=2140|row=1947,5,48203,True,True,True,False
wifib|device=5|capture=23Jan|frame=2459|row=2246,5,48502,True,True,True,False
wifib|device=5|capture=23Jan|frame=2178|row=1985,5,48241,True,True,True,False
wifib|device=5|capture=23Jan|frame=2142|row=1949,5,48205,True,True,True,False
wifib|device=5|capture=23Jan|frame=2608|row=2385,5,48641,True,True,True,False
wifib|device=5|capture=23Jan|frame=2349|row=2144,5,48400,True,True,True,False
wifib|device=5|capture=23Jan|frame=2573|row=2350,5,48606,True,True,True,False
wifib|device=5|capture=23Jan|frame=2162|row=1969,5,48225,True,True,True,False
wifib|device=5|capture=23Jan|frame=2213|row=2018,5,48274,True,True,True,False
wifib|device=5|capture=23Jan|frame=2149|row=1956,5,48212,True,True,True,False
wifib|device=5|capture=23Jan|frame=2258|row=2061,5,48317,True,True,True,False
wifib|device=5|capture=23Jan|frame=2328|row=2125,5,48381,True,True,True,False
wifib|device=5|capture=23Jan|frame=2233|row=2038,5,48294,True,True,True,False
wifib|device=5|capture=23Jan|frame=2590|row=2367,5,48623,True,True,True,False
wifib|device=5|capture=23Jan|frame=2388|row=2181,5,48437,True,True,True,False
wifib|device=5|capture=23Jan|frame=2539|row=2318,5,48574,True,True,True,False
wifib|device=5|capture=23Jan|frame=2570|row=2347,5,48603,True,True,True,False
wifib|device=5|capture=23Jan|frame=2401|row=2194,5,48450,True,True,True,False
wifib|device=5|capture=23Jan|frame=2658|row=2435,5,48691,True,True,True,False
wifib|device=5|capture=23Jan|frame=2508|row=2287,5,48543,True,True,True,False
wifib|device=5|capture=23Jan|frame=2416|row=2209,5,48465,True,True,True,False
wifib|device=5|capture=23Jan|frame=2618|row=2395,5,48651,True,True,True,False
wifib|device=5|capture=23Jan|frame=2681|row=2458,5,48714,True,True,True,False
wifib|device=5|capture=23Jan|frame=2644|row=2421,5,48677,True,True,True,False
wifib|device=5|capture=23Jan|frame=2552|row=2331,5,48587,True,True,True,False
wifib|device=5|capture=23Jan|frame=2595|row=2372,5,48628,True,True,True,False
wifib|device=5|capture=23Jan|frame=2528|row=2307,5,48563,True,True,True,False
wifib|device=5|capture=23Jan|frame=2201|row=2006,5,48262,True,True,True,False
wifib|device=5|capture=23Jan|frame=2419|row=2210,5,48466,True,True,True,False
wifib|device=5|capture=23Jan|frame=2531|row=2310,5,48566,True,True,True,False
wifib|device=5|capture=23Jan|frame=2232|row=2037,5,48293,True,True,True,False
wifib|device=5|capture=23Jan|frame=2449|row=2236,5,48492,True,True,True,False
wifib|device=5|capture=23Jan|frame=2139|row=1946,5,48202,True,True,True,False
wifib|device=5|capture=23Jan|frame=2435|row=2226,5,48482,True,True,True,False
wifib|device=5|capture=23Jan|frame=2586|row=2363,5,48619,True,True,True,False
wifib|device=5|capture=23Jan|frame=2525|row=2304,5,48560,True,True,True,False
wifib|device=5|capture=23Jan|frame=2491|row=2270,5,48526,True,True,True,False
wifib|device=5|capture=23Jan|frame=2609|row=2386,5,48642,True,True,True,False
wifib|device=5|capture=23Jan|frame=2207|row=2012,5,48268,True,True,True,False
wifib|device=5|capture=23Jan|frame=2331|row=2128,5,48384,True,True,True,False
wifib|device=5|capture=23Jan|frame=2547|row=2326,5,48582,True,True,True,False
wifib|device=5|capture=23Jan|frame=2456|row=2243,5,48499,True,True,True,False
wifib|device=5|capture=23Jan|frame=2347|row=2142,5,48398,True,True,True,False
wifib|device=5|capture=23Jan|frame=2403|row=2196,5,48452,True,True,True,False
wifib|device=5|capture=23Jan|frame=2187|row=1992,5,48248,True,True,True,False
wifib|device=5|capture=23Jan|frame=2567|row=2344,5,48600,True,True,True,False
wifib|device=5|capture=23Jan|frame=2271|row=2072,5,48328,True,True,True,False
wifib|device=5|capture=23Jan|frame=2281|row=2082,5,48338,True,True,True,False
wifib|device=5|capture=23Jan|frame=2516|row=2295,5,48551,True,True,True,False
wifib|device=5|capture=23Jan|frame=2298|row=2095,5,48351,True,True,True,False
wifib|device=5|capture=23Jan|frame=2591|row=2368,5,48624,True,True,True,False
wifib|device=5|capture=23Jan|frame=2358|row=2153,5,48409,True,True,True,False
wifib|device=5|capture=23Jan|frame=2431|row=2222,5,48478,True,True,True,False
wifib|device=5|capture=23Jan|frame=2216|row=2021,5,48277,True,True,True,False
wifib|device=5|capture=23Jan|frame=2433|row=2224,5,48480,True,True,True,False
wifib|device=5|capture=23Jan|frame=2319|row=2116,5,48372,True,True,True,False
wifib|device=5|capture=23Jan|frame=2640|row=2417,5,48673,True,True,True,False
wifib|device=5|capture=23Jan|frame=2368|row=2161,5,48417,True,True,True,False
wifib|device=5|capture=23Jan|frame=2364|row=2159,5,48415,True,True,True,False
wifib|device=5|capture=23Jan|frame=2199|row=2004,5,48260,True,True,True,False
wifib|device=5|capture=23Jan|frame=2309|row=2106,5,48362,True,True,True,False
wifib|device=5|capture=23Jan|frame=2669|row=2446,5,48702,True,True,True,False
wifib|device=5|capture=23Jan|frame=2361|row=2156,5,48412,True,True,True,False
wifib|device=5|capture=23Jan|frame=2268|row=2069,5,48325,True,True,True,False
wifib|device=5|capture=23Jan|frame=2324|row=2121,5,48377,True,True,True,False
wifib|device=5|capture=23Jan|frame=2241|row=2044,5,48300,True,True,True,False
wifib|device=5|capture=23Jan|frame=2556|row=2335,5,48591,True,True,True,False
wifib|device=5|capture=23Jan|frame=2489|row=2268,5,48524,True,True,True,False
wifib|device=5|capture=23Jan|frame=2527|row=2306,5,48562,True,True,True,False
wifib|device=5|capture=23Jan|frame=2270|row=2071,5,48327,True,True,True,False
wifib|device=5|capture=23Jan|frame=2158|row=1965,5,48221,True,True,True,False
wifib|device=5|capture=23Jan|frame=2189|row=1994,5,48250,True,True,True,False
wifib|device=5|capture=23Jan|frame=2494|row=2273,5,48529,True,True,True,False
wifib|device=5|capture=23Jan|frame=2200|row=2005,5,48261,True,True,True,False
wifib|device=5|capture=23Jan|frame=2687|row=2462,5,48718,True,True,True,False
wifib|device=5|capture=23Jan|frame=2430|row=2221,5,48477,True,True,True,False
wifib|device=5|capture=23Jan|frame=2548|row=2327,5,48583,True,True,True,False
wifib|device=5|capture=23Jan|frame=2375|row=2168,5,48424,True,True,True,False
wifib|device=5|capture=23Jan|frame=2226|row=2031,5,48287,True,True,True,False
wifib|device=5|capture=23Jan|frame=2588|row=2365,5,48621,True,True,True,False
wifib|device=5|capture=23Jan|frame=2411|row=2204,5,48460,True,True,True,False
wifib|device=5|capture=23Jan|frame=2354|row=2149,5,48405,True,True,True,False
wifib|device=5|capture=23Jan|frame=2682|row=2459,5,48715,True,True,True,False
wifib|device=5|capture=23Jan|frame=2237|row=2040,5,48296,True,True,True,False
wifib|device=5|capture=23Jan|frame=2513|row=2292,5,48548,True,True,True,False
wifib|device=5|capture=23Jan|frame=2641|row=2418,5,48674,True,True,True,False
wifib|device=5|capture=23Jan|frame=2215|row=2020,5,48276,True,True,True,False
wifib|device=5|capture=23Jan|frame=2656|row=2433,5,48689,True,True,True,False
wifib|device=5|capture=23Jan|frame=2670|row=2447,5,48703,True,True,True,False
wifib|device=5|capture=23Jan|frame=2445|row=2234,5,48490,True,True,True,False
wifib|device=5|capture=23Jan|frame=2380|row=2173,5,48429,True,True,True,False
wifib|device=5|capture=23Jan|frame=2483|row=2264,5,48520,True,True,True,False
wifib|device=5|capture=23Jan|frame=2544|row=2323,5,48579,True,True,True,False
wifib|device=5|capture=23Jan|frame=2395|row=2188,5,48444,True,True,True,False
wifib|device=5|capture=23Jan|frame=2385|row=2178,5,48434,True,True,True,False
wifib|device=5|capture=23Jan|frame=2434|row=2225,5,48481,True,True,True,False
wifib|device=5|capture=23Jan|frame=2471|row=2254,5,48510,True,True,True,False
wifib|device=5|capture=23Jan|frame=2209|row=2014,5,48270,True,True,True,False
wifib|device=5|capture=23Jan|frame=2217|row=2022,5,48278,True,True,True,False
wifib|device=5|capture=23Jan|frame=2535|row=2314,5,48570,True,True,True,False
wifib|device=5|capture=23Jan|frame=2323|row=2120,5,48376,True,True,True,False
wifib|device=5|capture=23Jan|frame=2205|row=2010,5,48266,True,True,True,False
wifib|device=5|capture=23Jan|frame=2549|row=2328,5,48584,True,True,True,False
wifib|device=5|capture=23Jan|frame=2342|row=2137,5,48393,True,True,True,False
wifib|device=5|capture=23Jan|frame=2314|row=2111,5,48367,True,True,True,False
wifib|device=5|capture=23Jan|frame=2245|row=2048,5,48304,True,True,True,False
wifib|device=5|capture=23Jan|frame=2273|row=2074,5,48330,True,True,True,False
wifib|device=5|capture=23Jan|frame=2686|row=2461,5,48717,True,True,True,False
wifib|device=5|capture=23Jan|frame=2275|row=2076,5,48332,True,True,True,False
wifib|device=5|capture=23Jan|frame=2493|row=2272,5,48528,True,True,True,False
wifib|device=5|capture=23Jan|frame=2132|row=1939,5,48195,True,True,True,False
wifib|device=5|capture=23Jan|frame=2507|row=2286,5,48542,True,True,True,False
wifib|device=5|capture=23Jan|frame=2660|row=2437,5,48693,True,True,True,False
wifib|device=5|capture=23Jan|frame=2382|row=2175,5,48431,True,True,True,False
wifib|device=5|capture=23Jan|frame=2136|row=1943,5,48199,True,True,True,False
wifib|device=5|capture=23Jan|frame=2603|row=2380,5,48636,True,True,True,False
wifib|device=5|capture=23Jan|frame=2601|row=2378,5,48634,True,True,True,False
wifib|device=5|capture=23Jan|frame=2384|row=2177,5,48433,True,True,True,False
wifib|device=5|capture=23Jan|frame=2469|row=2252,5,48508,True,True,True,False
wifib|device=5|capture=23Jan|frame=2505|row=2284,5,48540,True,True,True,False
wifib|device=5|capture=23Jan|frame=2221|row=2026,5,48282,True,True,True,False
wifib|device=5|capture=23Jan|frame=2143|row=1950,5,48206,True,True,True,False
wifib|device=5|capture=23Jan|frame=2480|row=2261,5,48517,True,True,True,False
wifib|device=5|capture=23Jan|frame=2628|row=2405,5,48661,True,True,True,False
wifib|device=5|capture=23Jan|frame=2661|row=2438,5,48694,True,True,True,False
wifib|device=5|capture=23Jan|frame=2634|row=2411,5,48667,True,True,True,False
wifib|device=5|capture=23Jan|frame=2303|row=2100,5,48356,True,True,True,False
wifib|device=5|capture=23Jan|frame=2177|row=1984,5,48240,True,True,True,False
wifib|device=5|capture=23Jan|frame=2519|row=2298,5,48554,True,True,True,False
wifib|device=5|capture=23Jan|frame=2579|row=2356,5,48612,True,True,True,False
wifib|device=5|capture=23Jan|frame=2152|row=1959,5,48215,True,True,True,False
wifib|device=5|capture=23Jan|frame=2592|row=2369,5,48625,True,True,True,False
wifib|device=5|capture=23Jan|frame=2454|row=2241,5,48497,True,True,True,False
wifib|device=5|capture=23Jan|frame=2127|row=1934,5,48190,True,True,True,False
wifib|device=5|capture=23Jan|frame=2422|row=2213,5,48469,True,True,True,False
wifib|device=5|capture=23Jan|frame=2482|row=2263,5,48519,True,True,True,False
wifib|device=5|capture=23Jan|frame=2663|row=2440,5,48696,True,True,True,False
wifib|device=5|capture=23Jan|frame=2523|row=2302,5,48558,True,True,True,False
wifib|device=5|capture=23Jan|frame=2610|row=2387,5,48643,True,True,True,False
wifib|device=5|capture=23Jan|frame=2334|row=2131,5,48387,True,True,True,False
wifib|device=5|capture=23Jan|frame=2355|row=2150,5,48406,True,True,True,False
wifib|device=5|capture=23Jan|frame=2267|row=2068,5,48324,True,True,True,False
wifib|device=5|capture=23Jan|frame=2474|row=2257,5,48513,True,True,True,False
wifib|device=5|capture=23Jan|frame=2123|row=1930,5,48186,True,True,True,False
wifib|device=5|capture=23Jan|frame=2292|row=2093,5,48349,True,True,True,False
wifib|device=5|capture=23Jan|frame=2265|row=2066,5,48322,True,True,True,False
wifib|device=5|capture=23Jan|frame=2429|row=2220,5,48476,True,True,True,False
wifib|device=5|capture=23Jan|frame=2520|row=2299,5,48555,True,True,True,False
wifib|device=5|capture=23Jan|frame=2184|row=1989,5,48245,True,True,True,False
wifib|device=6|capture=23Jan|frame=2760|row=2200,6,52027,False,True,False,False
wifib|device=6|capture=23Jan|frame=2690|row=2146,6,51973,True,True,True,True
wifib|device=6|capture=23Jan|frame=2541|row=2021,6,51848,True,True,True,True
wifib|device=6|capture=23Jan|frame=2689|row=2145,6,51972,True,True,True,True
wifib|device=6|capture=23Jan|frame=2335|row=1847,6,51674,True,True,True,True
wifib|device=6|capture=23Jan|frame=2359|row=1867,6,51694,True,False,False,False
wifib|device=6|capture=23Jan|frame=2530|row=2010,6,51837,True,True,True,True
wifib|device=6|capture=23Jan|frame=2708|row=2158,6,51985,True,True,True,True
wifib|device=6|capture=23Jan|frame=2777|row=2213,6,52040,False,True,False,False
wifib|device=6|capture=23Jan|frame=2570|row=2044,6,51871,True,True,True,True
wifib|device=6|capture=23Jan|frame=2283|row=1801,6,51628,True,True,True,True
wifib|device=6|capture=23Jan|frame=2691|row=2147,6,51974,False,True,False,False
wifib|device=6|capture=23Jan|frame=2421|row=1915,6,51742,False,True,False,False
wifib|device=6|capture=23Jan|frame=2630|row=2090,6,51917,True,True,True,True
wifib|device=6|capture=23Jan|frame=2339|row=1851,6,51678,False,True,False,False
wifib|device=6|capture=23Jan|frame=2367|row=1873,6,51700,False,True,False,False
wifib|device=6|capture=23Jan|frame=2369|row=1875,6,51702,False,True,False,False
wifib|device=6|capture=23Jan|frame=2584|row=2054,6,51881,False,True,False,False
wifib|device=6|capture=23Jan|frame=2438|row=1928,6,51755,True,True,True,True
wifib|device=6|capture=23Jan|frame=2345|row=1855,6,51682,True,True,True,False
wifib|device=6|capture=23Jan|frame=2282|row=1800,6,51627,True,True,True,False
wifib|device=6|capture=23Jan|frame=2516|row=1996,6,51823,False,True,False,False
wifib|device=6|capture=23Jan|frame=2767|row=2205,6,52032,False,True,False,False
wifib|device=6|capture=23Jan|frame=2235|row=1757,6,51584,True,True,True,False
wifib|device=6|capture=23Jan|frame=2291|row=1809,6,51636,True,True,True,False
wifib|device=6|capture=23Jan|frame=2545|row=2025,6,51852,True,True,True,False
wifib|device=6|capture=23Jan|frame=2639|row=2099,6,51926,True,True,True,False
wifib|device=6|capture=23Jan|frame=2637|row=2097,6,51924,True,True,True,False
wifib|device=6|capture=23Jan|frame=2309|row=1825,6,51652,True,True,True,False
wifib|device=6|capture=23Jan|frame=2326|row=1838,6,51665,True,True,True,False
wifib|device=6|capture=23Jan|frame=2299|row=1817,6,51644,True,True,True,False
wifib|device=6|capture=23Jan|frame=2247|row=1767,6,51594,True,True,True,False
wifib|device=6|capture=23Jan|frame=2609|row=2073,6,51900,True,True,True,False
wifib|device=6|capture=23Jan|frame=2667|row=2125,6,51952,True,True,True,False
wifib|device=6|capture=23Jan|frame=2257|row=1777,6,51604,True,True,True,False
wifib|device=6|capture=23Jan|frame=2241|row=1761,6,51588,True,True,True,False
wifib|device=6|capture=23Jan|frame=2317|row=1831,6,51658,False,True,False,False
wifib|device=6|capture=23Jan|frame=2681|row=2139,6,51966,True,True,True,False
wifib|device=6|capture=23Jan|frame=2492|row=1976,6,51803,True,True,True,False
wifib|device=6|capture=23Jan|frame=2286|row=1804,6,51631,True,True,True,False
wifib|device=6|capture=23Jan|frame=2465|row=1951,6,51778,True,True,True,False
wifib|device=6|capture=23Jan|frame=2314|row=1828,6,51655,False,True,False,False
wifib|device=6|capture=23Jan|frame=2231|row=1753,6,51580,True,True,True,False
wifib|device=6|capture=23Jan|frame=2366|row=1872,6,51699,False,True,False,False
wifib|device=6|capture=23Jan|frame=2287|row=1805,6,51632,True,True,True,False
wifib|device=6|capture=23Jan|frame=2633|row=2093,6,51920,False,True,False,False
wifib|device=6|capture=23Jan|frame=2613|row=2075,6,51902,True,True,True,False
wifib|device=6|capture=23Jan|frame=2528|row=2008,6,51835,True,True,True,False
wifib|device=6|capture=23Jan|frame=2364|row=1870,6,51697,True,True,True,False
wifib|device=6|capture=23Jan|frame=2645|row=2105,6,51932,True,True,True,False
wifib|device=6|capture=23Jan|frame=2270|row=1788,6,51615,True,True,True,False
wifib|device=6|capture=23Jan|frame=2741|row=2183,6,52010,True,True,True,False
wifib|device=6|capture=23Jan|frame=2405|row=1901,6,51728,False,True,False,False
wifib|device=6|capture=23Jan|frame=2386|row=1890,6,51717,True,True,True,False
wifib|device=6|capture=23Jan|frame=2508|row=1990,6,51817,False,True,False,False
wifib|device=6|capture=23Jan|frame=2441|row=1931,6,51758,False,True,False,False
wifib|device=6|capture=23Jan|frame=2489|row=1973,6,51800,True,True,True,False
wifib|device=6|capture=23Jan|frame=2338|row=1850,6,51677,False,True,False,False
wifib|device=6|capture=23Jan|frame=2663|row=2121,6,51948,False,True,False,False
wifib|device=6|capture=23Jan|frame=2555|row=2031,6,51858,True,True,True,False
wifib|device=6|capture=23Jan|frame=2228|row=1750,6,51577,True,True,True,False
wifib|device=6|capture=23Jan|frame=2452|row=1942,6,51769,False,True,False,False
wifib|device=6|capture=23Jan|frame=2253|row=1773,6,51600,True,True,True,False
wifib|device=6|capture=23Jan|frame=2297|row=1815,6,51642,True,True,True,False
wifib|device=6|capture=23Jan|frame=2242|row=1762,6,51589,True,True,True,False
wifib|device=6|capture=23Jan|frame=2665|row=2123,6,51950,False,True,False,False
wifib|device=6|capture=23Jan|frame=2373|row=1879,6,51706,True,True,True,False
wifib|device=6|capture=23Jan|frame=2739|row=2181,6,52008,True,True,True,False
wifib|device=6|capture=23Jan|frame=2509|row=1991,6,51818,True,True,True,False
wifib|device=6|capture=23Jan|frame=2543|row=2023,6,51850,True,True,True,False
wifib|device=6|capture=23Jan|frame=2499|row=1981,6,51808,True,True,True,False
wifib|device=6|capture=23Jan|frame=2707|row=2157,6,51984,True,True,True,False
wifib|device=6|capture=23Jan|frame=2605|row=2069,6,51896,False,True,False,False
wifib|device=6|capture=23Jan|frame=2766|row=2204,6,52031,True,True,True,False
wifib|device=6|capture=23Jan|frame=2648|row=2108,6,51935,True,True,True,False
wifib|device=6|capture=23Jan|frame=2232|row=1754,6,51581,True,True,True,False
wifib|device=6|capture=23Jan|frame=2714|row=2160,6,51987,True,True,True,False
wifib|device=6|capture=23Jan|frame=2239|row=1759,6,51586,True,True,True,False
wifib|device=6|capture=23Jan|frame=2484|row=1968,6,51795,True,True,True,False
wifib|device=6|capture=23Jan|frame=2717|row=2163,6,51990,True,True,True,False
wifib|device=6|capture=23Jan|frame=2524|row=2004,6,51831,True,True,True,False
wifib|device=6|capture=23Jan|frame=2491|row=1975,6,51802,True,True,True,False
wifib|device=6|capture=23Jan|frame=2628|row=2088,6,51915,True,True,True,False
wifib|device=6|capture=23Jan|frame=2531|row=2011,6,51838,False,True,False,False
wifib|device=6|capture=23Jan|frame=2447|row=1937,6,51764,False,True,False,False
wifib|device=6|capture=23Jan|frame=2656|row=2116,6,51943,False,True,False,False
wifib|device=6|capture=23Jan|frame=2622|row=2084,6,51911,True,True,True,False
wifib|device=6|capture=23Jan|frame=2502|row=1984,6,51811,False,True,False,False
wifib|device=6|capture=23Jan|frame=2636|row=2096,6,51923,True,True,True,False
wifib|device=6|capture=23Jan|frame=2559|row=2035,6,51862,False,True,False,False
wifib|device=6|capture=23Jan|frame=2444|row=1934,6,51761,True,True,True,False
wifib|device=6|capture=23Jan|frame=2612|row=2074,6,51901,False,False,False,False
wifib|device=6|capture=23Jan|frame=2409|row=1903,6,51730,False,True,False,False
wifib|device=6|capture=23Jan|frame=2573|row=2047,6,51874,True,True,True,False
wifib|device=6|capture=23Jan|frame=2634|row=2094,6,51921,False,True,False,False
wifib|device=6|capture=23Jan|frame=2632|row=2092,6,51919,False,True,False,False
wifib|device=6|capture=23Jan|frame=2436|row=1926,6,51753,True,True,True,False
wifib|device=6|capture=23Jan|frame=2596|row=2062,6,51889,True,True,True,False
wifib|device=6|capture=23Jan|frame=2246|row=1766,6,51593,True,True,True,False
wifib|device=6|capture=23Jan|frame=2574|row=2048,6,51875,True,True,True,False
wifib|device=6|capture=23Jan|frame=2647|row=2107,6,51934,True,True,True,False
wifib|device=6|capture=23Jan|frame=2607|row=2071,6,51898,True,True,True,False
wifib|device=6|capture=23Jan|frame=2722|row=2166,6,51993,True,True,True,False
wifib|device=6|capture=23Jan|frame=2539|row=2019,6,51846,True,True,True,False
wifib|device=6|capture=23Jan|frame=2646|row=2106,6,51933,True,True,True,False
wifib|device=6|capture=23Jan|frame=2670|row=2128,6,51955,True,True,True,False
wifib|device=6|capture=23Jan|frame=2666|row=2124,6,51951,True,True,True,False
wifib|device=6|capture=23Jan|frame=2617|row=2079,6,51906,True,True,True,False
wifib|device=6|capture=23Jan|frame=2350|row=1860,6,51687,True,True,True,False
wifib|device=6|capture=23Jan|frame=2416|row=1910,6,51737,True,True,True,False
wifib|device=6|capture=23Jan|frame=2475|row=1961,6,51788,True,True,True,False
wifib|device=6|capture=23Jan|frame=2747|row=2189,6,52016,True,True,True,False
wifib|device=6|capture=23Jan|frame=2599|row=2065,6,51892,True,True,True,False
wifib|device=6|capture=23Jan|frame=2568|row=2042,6,51869,True,True,True,False
wifib|device=6|capture=23Jan|frame=2535|row=2015,6,51842,True,True,True,False
wifib|device=6|capture=23Jan|frame=2381|row=1887,6,51714,True,True,True,False
wifib|device=6|capture=23Jan|frame=2266|row=1784,6,51611,True,True,True,False
wifib|device=6|capture=23Jan|frame=2565|row=2039,6,51866,True,True,True,False
wifib|device=6|capture=23Jan|frame=2679|row=2137,6,51964,False,True,False,False
wifib|device=6|capture=23Jan|frame=2683|row=2141,6,51968,True,True,True,False
wifib|device=6|capture=23Jan|frame=2756|row=2196,6,52023,True,True,True,False
wifib|device=6|capture=23Jan|frame=2221|row=1743,6,51570,True,True,True,False
wifib|device=6|capture=23Jan|frame=2300|row=1818,6,51645,False,True,False,False
wifib|device=6|capture=23Jan|frame=2752|row=2194,6,52021,True,True,True,False
wifib|device=6|capture=23Jan|frame=2507|row=1989,6,51816,True,True,True,False
wifib|device=6|capture=23Jan|frame=2432|row=1922,6,51749,True,True,True,False
wifib|device=6|capture=23Jan|frame=2224|row=1746,6,51573,False,True,False,False
wifib|device=6|capture=23Jan|frame=2308|row=1824,6,51651,True,True,True,False
wifib|device=6|capture=23Jan|frame=2412|row=1906,6,51733,True,True,True,False
wifib|device=6|capture=23Jan|frame=2295|row=1813,6,51640,True,True,True,False
wifib|device=6|capture=23Jan|frame=2581|row=2051,6,51878,True,True,True,False
wifib|device=6|capture=23Jan|frame=2273|row=1791,6,51618,True,True,True,False
wifib|device=6|capture=23Jan|frame=2682|row=2140,6,51967,True,True,True,False
wifib|device=6|capture=23Jan|frame=2352|row=1862,6,51689,True,True,True,False
wifib|device=6|capture=23Jan|frame=2779|row=2215,6,52042,True,True,True,False
wifib|device=6|capture=23Jan|frame=2664|row=2122,6,51949,True,True,True,False
wifib|device=6|capture=23Jan|frame=2378|row=1884,6,51711,True,True,True,False
wifib|device=6|capture=23Jan|frame=2522|row=2002,6,51829,False,True,False,False
wifib|device=6|capture=23Jan|frame=2371|row=1877,6,51704,True,True,True,False
wifib|device=6|capture=23Jan|frame=2554|row=2030,6,51857,False,True,False,False
wifib|device=6|capture=23Jan|frame=2671|row=2129,6,51956,True,True,True,False
wifib|device=6|capture=23Jan|frame=2782|row=2218,6,52045,True,True,True,False
wifib|device=6|capture=23Jan|frame=2415|row=1909,6,51736,True,True,True,False
wifib|device=6|capture=23Jan|frame=2619|row=2081,6,51908,True,True,True,False
wifib|device=6|capture=23Jan|frame=2279|row=1797,6,51624,True,True,True,False
wifib|device=6|capture=23Jan|frame=2327|row=1839,6,51666,True,True,True,False
wifib|device=6|capture=23Jan|frame=2649|row=2109,6,51936,True,True,True,False
wifib|device=6|capture=23Jan|frame=2563|row=2037,6,51864,True,True,True,False
wifib|device=6|capture=23Jan|frame=2440|row=1930,6,51757,True,True,True,False
wifib|device=6|capture=23Jan|frame=2503|row=1985,6,51812,False,True,False,False
wifib|device=6|capture=23Jan|frame=2790|row=2226,6,52053,True,True,True,False
wifib|device=6|capture=23Jan|frame=2549|row=2027,6,51854,True,True,True,False
wifib|device=6|capture=23Jan|frame=2623|row=2085,6,51912,True,True,True,False
wifib|device=6|capture=23Jan|frame=2290|row=1808,6,51635,False,True,False,False
wifib|device=6|capture=23Jan|frame=2244|row=1764,6,51591,False,True,False,False
wifib|device=6|capture=23Jan|frame=2433|row=1923,6,51750,False,True,False,False
wifib|device=6|capture=23Jan|frame=2740|row=2182,6,52009,True,True,True,False
wifib|device=6|capture=23Jan|frame=2736|row=2178,6,52005,True,True,True,False
wifib|device=6|capture=23Jan|frame=2629|row=2089,6,51916,True,True,True,False
wifib|device=6|capture=23Jan|frame=2523|row=2003,6,51830,True,True,True,False
wifib|device=6|capture=23Jan|frame=2272|row=1790,6,51617,True,True,True,False
wifib|device=6|capture=23Jan|frame=2755|row=2195,6,52022,True,True,True,False
wifib|device=6|capture=23Jan|frame=2248|row=1768,6,51595,True,True,True,False
wifib|device=6|capture=23Jan|frame=2680|row=2138,6,51965,True,True,True,False
wifib|device=6|capture=23Jan|frame=2529|row=2009,6,51836,True,True,True,False
wifib|device=6|capture=23Jan|frame=2601|row=2067,6,51894,True,True,True,False
wifib|device=6|capture=23Jan|frame=2571|row=2045,6,51872,True,True,True,False
wifib|device=6|capture=23Jan|frame=2657|row=2117,6,51944,True,True,True,False
wifib|device=6|capture=23Jan|frame=2758|row=2198,6,52025,True,True,True,False
wifib|device=6|capture=23Jan|frame=2676|row=2134,6,51961,True,True,True,False
wifib|device=6|capture=23Jan|frame=2439|row=1929,6,51756,True,True,True,False
wifib|device=6|capture=23Jan|frame=2706|row=2156,6,51983,True,True,True,False
wifib|device=6|capture=23Jan|frame=2738|row=2180,6,52007,True,True,True,False
wifib|device=6|capture=23Jan|frame=2456|row=1946,6,51773,True,True,True,False
wifib|device=6|capture=23Jan|frame=2602|row=2068,6,51895,True,True,True,False
wifib|device=6|capture=23Jan|frame=2553|row=2029,6,51856,True,True,True,False
wifib|device=6|capture=23Jan|frame=2406|row=1902,6,51729,True,True,True,False
wifib|device=6|capture=23Jan|frame=2702|row=2152,6,51979,True,True,True,False
wifib|device=6|capture=23Jan|frame=2583|row=2053,6,51880,True,True,True,False
wifib|device=6|capture=23Jan|frame=2501|row=1983,6,51810,True,True,True,False
wifib|device=6|capture=23Jan|frame=2627|row=2087,6,51914,True,True,True,False
wifib|device=6|capture=23Jan|frame=2621|row=2083,6,51910,True,True,True,False
wifib|device=6|capture=23Jan|frame=2398|row=1896,6,51723,False,True,False,False
wifib|device=6|capture=23Jan|frame=2445|row=1935,6,51762,True,True,True,False
wifib|device=6|capture=23Jan|frame=2411|row=1905,6,51732,True,True,True,False
wifib|device=6|capture=23Jan|frame=2480|row=1966,6,51793,True,True,True,False
wifib|device=6|capture=23Jan|frame=2234|row=1756,6,51583,True,True,True,False
wifib|device=6|capture=23Jan|frame=2655|row=2115,6,51942,True,True,True,False
wifib|device=6|capture=23Jan|frame=2478|row=1964,6,51791,True,True,True,False
wifib|device=6|capture=23Jan|frame=2365|row=1871,6,51698,False,True,False,False
wifib|device=6|capture=23Jan|frame=2379|row=1885,6,51712,True,True,True,False
wifib|device=6|capture=23Jan|frame=2763|row=2201,6,52028,True,True,True,False
wifib|device=6|capture=23Jan|frame=2258|row=1778,6,51605,True,True,True,False
wifib|device=6|capture=23Jan|frame=2773|row=2209,6,52036,True,True,True,False
wifib|device=6|capture=23Jan|frame=2442|row=1932,6,51759,True,True,True,False
wifib|device=6|capture=23Jan|frame=2684|row=2142,6,51969,True,True,True,False
wifib|device=6|capture=23Jan|frame=2347|row=1857,6,51684,False,True,False,False
wifib|device=6|capture=23Jan|frame=2595|row=2061,6,51888,False,True,False,False
wifib|device=6|capture=23Jan|frame=2542|row=2022,6,51849,True,True,True,False
wifib|device=6|capture=23Jan|frame=2748|row=2190,6,52017,False,True,False,False
wifib|device=6|capture=23Jan|frame=2725|row=2169,6,51996,True,True,True,False
wifib|device=6|capture=23Jan|frame=2470|row=1956,6,51783,True,True,True,False
wifib|device=6|capture=23Jan|frame=2705|row=2155,6,51982,True,True,True,False
wifib|device=6|capture=23Jan|frame=2265|row=1783,6,51610,True,True,True,False
wifib|device=6|capture=23Jan|frame=2337|row=1849,6,51676,True,True,True,False
wifib|device=6|capture=23Jan|frame=2479|row=1965,6,51792,True,True,True,False
wifib|device=6|capture=23Jan|frame=2515|row=1995,6,51822,True,True,True,False
wifib|device=6|capture=23Jan|frame=2346|row=1856,6,51683,False,True,False,False
wifib|device=6|capture=23Jan|frame=2526|row=2006,6,51833,True,True,True,False
wifib|device=6|capture=23Jan|frame=2437|row=1927,6,51754,True,True,True,False
wifib|device=6|capture=23Jan|frame=2674|row=2132,6,51959,True,True,True,False
wifib|device=6|capture=23Jan|frame=2332|row=1844,6,51671,True,True,True,False
wifib|device=6|capture=23Jan|frame=2778|row=2214,6,52041,True,True,True,False
wifib|device=6|capture=23Jan|frame=2771|row=2207,6,52034,False,True,False,False
wifib|device=6|capture=23Jan|frame=2608|row=2072,6,51899,True,True,True,False
wifib|device=6|capture=23Jan|frame=2275|row=1793,6,51620,True,True,True,False
wifib|device=6|capture=23Jan|frame=2325|row=1837,6,51664,True,True,True,False
wifib|device=6|capture=23Jan|frame=2397|row=1895,6,51722,True,True,True,False
wifib|device=6|capture=23Jan|frame=2430|row=1920,6,51747,False,True,False,False
wifib|device=6|capture=23Jan|frame=2730|row=2172,6,51999,False,True,False,False
wifib|device=6|capture=23Jan|frame=2292|row=1810,6,51637,True,True,True,False
wifib|device=6|capture=23Jan|frame=2336|row=1848,6,51675,True,True,True,False
wifib|device=6|capture=23Jan|frame=2306|row=1822,6,51649,True,True,True,False
wifib|device=6|capture=23Jan|frame=2586|row=2056,6,51883,True,True,True,False
wifib|device=6|capture=23Jan|frame=2468|row=1954,6,51781,False,True,False,False
wifib|device=6|capture=23Jan|frame=2471|row=1957,6,51784,True,True,True,False
wifib|device=6|capture=23Jan|frame=2775|row=2211,6,52038,True,True,True,False
wifib|device=6|capture=23Jan|frame=2719|row=2165,6,51992,True,True,True,False
wifib|device=6|capture=23Jan|frame=2786|row=2222,6,52049,True,True,True,False
wifib|device=6|capture=23Jan|frame=2424|row=1916,6,51743,True,True,True,False
wifib|device=6|capture=23Jan|frame=2764|row=2202,6,52029,True,True,True,False
wifib|device=6|capture=23Jan|frame=2536|row=2016,6,51843,True,True,True,False
wifib|device=6|capture=23Jan|frame=2243|row=1763,6,51590,False,True,False,False
wifib|device=6|capture=23Jan|frame=2521|row=2001,6,51828,False,True,False,False
wifib|device=6|capture=23Jan|frame=2525|row=2005,6,51832,True,True,True,False
wifib|device=6|capture=23Jan|frame=2323|row=1835,6,51662,True,True,True,False
wifib|device=6|capture=23Jan|frame=2505|row=1987,6,51814,False,True,False,False
wifib|device=6|capture=23Jan|frame=2651|row=2111,6,51938,True,True,True,False
wifib|device=6|capture=23Jan|frame=2343|row=1853,6,51680,True,True,True,False
wifib|device=6|capture=23Jan|frame=2653|row=2113,6,51940,True,True,True,False
wifib|device=6|capture=23Jan|frame=2399|row=1897,6,51724,True,True,True,False
wifib|device=6|capture=23Jan|frame=2312|row=1826,6,51653,True,True,True,False
wifib|device=6|capture=23Jan|frame=2591|row=2059,6,51886,True,True,True,False
wifib|device=6|capture=23Jan|frame=2288|row=1806,6,51633,True,True,True,False
wifib|device=6|capture=23Jan|frame=2376|row=1882,6,51709,True,True,True,False
wifib|device=6|capture=23Jan|frame=2358|row=1866,6,51693,True,True,True,False
wifib|device=6|capture=23Jan|frame=2370|row=1876,6,51703,True,True,True,False
wifib|device=6|capture=23Jan|frame=2498|row=1980,6,51807,False,True,False,False
wifib|device=6|capture=23Jan|frame=2495|row=1977,6,51804,True,True,True,False
wifib|device=6|capture=23Jan|frame=2709|row=2159,6,51986,False,True,False,False
wifib|device=6|capture=23Jan|frame=2594|row=2060,6,51887,False,True,False,False
wifib|device=6|capture=23Jan|frame=2672|row=2130,6,51957,True,True,True,False
wifib|device=6|capture=23Jan|frame=2716|row=2162,6,51989,False,True,False,False
wifib|device=6|capture=23Jan|frame=2724|row=2168,6,51995,True,True,True,False
wifib|device=6|capture=23Jan|frame=2450|row=1940,6,51767,True,True,True,False
wifib|device=6|capture=23Jan|frame=2546|row=2026,6,51853,True,True,True,False
wifib|device=6|capture=23Jan|frame=2434|row=1924,6,51751,False,True,False,False
wifib|device=6|capture=23Jan|frame=2532|row=2012,6,51839,True,True,True,False
wifib|device=6|capture=23Jan|frame=2255|row=1775,6,51602,True,True,True,False
wifib|device=6|capture=23Jan|frame=2329|row=1841,6,51668,True,True,True,False
wifib|device=6|capture=23Jan|frame=2353|row=1863,6,51690,True,True,True,False
wifib|device=6|capture=23Jan|frame=2377|row=1883,6,51710,True,True,True,False
wifib|device=6|capture=23Jan|frame=2562|row=2036,6,51863,True,True,True,False
wifib|device=6|capture=23Jan|frame=2313|row=1827,6,51654,False,True,False,False
wifib|device=6|capture=23Jan|frame=2715|row=2161,6,51988,False,True,False,False
wifib|device=6|capture=23Jan|frame=2427|row=1919,6,51746,False,True,False,False
wifib|device=6|capture=23Jan|frame=2643|row=2103,6,51930,True,True,True,False
wifib|device=6|capture=23Jan|frame=2357|row=1865,6,51692,True,True,True,False
wifib|device=6|capture=23Jan|frame=2426|row=1918,6,51745,False,True,False,False
wifib|device=6|capture=23Jan|frame=2368|row=1874,6,51701,True,True,True,False
wifib|device=6|capture=23Jan|frame=2384|row=1888,6,51715,True,True,True,False
wifib|device=6|capture=23Jan|frame=2734|row=2176,6,52003,False,True,False,False
wifib|device=6|capture=23Jan|frame=2477|row=1963,6,51790,True,True,True,False
wifib|device=6|capture=23Jan|frame=2333|row=1845,6,51672,False,True,False,False
wifib|device=6|capture=23Jan|frame=2454|row=1944,6,51771,True,True,True,False
wifib|device=6|capture=23Jan|frame=2351|row=1861,6,51688,True,True,True,False
wifib|device=6|capture=23Jan|frame=2784|row=2220,6,52047,True,True,True,False
wifib|device=6|capture=23Jan|frame=2446|row=1936,6,51763,True,True,True,False
wifib|device=6|capture=23Jan|frame=2631|row=2091,6,51918,True,True,True,False
wifib|device=6|capture=23Jan|frame=2732|row=2174,6,52001,True,True,True,False
wifib|device=6|capture=23Jan|frame=2227|row=1749,6,51576,True,True,True,False
wifib|device=6|capture=23Jan|frame=2692|row=2148,6,51975,True,True,True,False
wifib|device=6|capture=23Jan|frame=2230|row=1752,6,51579,True,True,True,False
wifib|device=6|capture=23Jan|frame=2506|row=1988,6,51815,True,True,True,False
wifib|device=6|capture=23Jan|frame=2233|row=1755,6,51582,True,True,True,False
wifib|device=6|capture=23Jan|frame=2606|row=2070,6,51897,False,True,False,False
wifib|device=6|capture=23Jan|frame=2413|row=1907,6,51734,True,True,True,False
wifib|device=6|capture=23Jan|frame=2280|row=1798,6,51625,True,True,True,False
wifib|device=6|capture=23Jan|frame=2307|row=1823,6,51650,True,True,True,False
wifib|device=6|capture=23Jan|frame=2294|row=1812,6,51639,False,True,False,False
wifib|device=6|capture=23Jan|frame=2483|row=1967,6,51794,True,True,True,False
wifib|device=6|capture=23Jan|frame=2251|row=1771,6,51598,False,True,False,False
wifib|device=6|capture=23Jan|frame=2285|row=1803,6,51630,False,True,False,False
wifib|device=6|capture=23Jan|frame=2703|row=2153,6,51980,False,True,False,False
wifib|device=6|capture=23Jan|frame=2615|row=2077,6,51904,False,True,False,False
wifib|device=6|capture=23Jan|frame=2781|row=2217,6,52044,True,True,True,False
wifib|device=6|capture=23Jan|frame=2742|row=2184,6,52011,True,True,True,False
wifib|device=6|capture=23Jan|frame=2363|row=1869,6,51696,True,True,True,False
wifib|device=6|capture=23Jan|frame=2635|row=2095,6,51922,False,True,False,False
wifib|device=6|capture=23Jan|frame=2324|row=1836,6,51663,True,True,True,False
wifib|device=6|capture=23Jan|frame=2757|row=2197,6,52024,True,True,True,False
wifib|device=6|capture=23Jan|frame=2284|row=1802,6,51629,False,True,False,False
wifib|device=6|capture=23Jan|frame=2443|row=1933,6,51760,True,True,True,False
wifib|device=6|capture=23Jan|frame=2467|row=1953,6,51780,True,True,True,False
wifib|device=6|capture=23Jan|frame=2276|row=1794,6,51621,True,True,True,False
wifib|device=6|capture=23Jan|frame=2240|row=1760,6,51587,True,True,True,False
wifib|device=6|capture=23Jan|frame=2519|row=1999,6,51826,True,True,True,False
wifib|device=6|capture=23Jan|frame=2733|row=2175,6,52002,True,True,True,False
wifib|device=6|capture=23Jan|frame=2751|row=2193,6,52020,True,True,True,False
wifib|device=6|capture=23Jan|frame=2520|row=2000,6,51827,True,True,True,False
wifib|device=6|capture=23Jan|frame=2466|row=1952,6,51779,True,True,True,False
wifib|device=6|capture=23Jan|frame=2789|row=2225,6,52052,True,True,True,False
wifib|device=6|capture=23Jan|frame=2451|row=1941,6,51768,False,True,False,False
wifib|device=6|capture=23Jan|frame=2538|row=2018,6,51845,True,True,True,False
wifib|device=6|capture=23Jan|frame=2745|row=2187,6,52014,True,True,True,False
wifib|device=6|capture=23Jan|frame=2772|row=2208,6,52035,True,True,True,False
wifib|device=6|capture=23Jan|frame=2453|row=1943,6,51770,True,True,True,False
wifib|device=6|capture=23Jan|frame=2614|row=2076,6,51903,True,True,True,False
wifib|device=6|capture=23Jan|frame=2401|row=1899,6,51726,True,True,True,False
wifib|device=6|capture=23Jan|frame=2435|row=1925,6,51752,True,True,True,False
wifib|device=6|capture=23Jan|frame=2697|row=2151,6,51978,True,True,True,False
wifib|device=7|capture=23Jan|frame=2680|row=2091,7,55145,True,True,True,True
wifib|device=7|capture=23Jan|frame=2238|row=1749,7,54803,False,True,False,False
wifib|device=7|capture=23Jan|frame=2425|row=1892,7,54946,True,True,True,True
wifib|device=7|capture=23Jan|frame=2310|row=1799,7,54853,False,True,False,False
wifib|device=7|capture=23Jan|frame=2597|row=2027,7,55081,True,True,True,True
wifib|device=7|capture=23Jan|frame=2588|row=2020,7,55074,True,True,True,True
wifib|device=7|capture=23Jan|frame=2445|row=1906,7,54960,True,True,True,True
wifib|device=7|capture=23Jan|frame=2661|row=2080,7,55134,True,True,True,True
wifib|device=7|capture=23Jan|frame=2574|row=2008,7,55062,True,True,True,True
wifib|device=7|capture=23Jan|frame=2748|row=2145,7,55199,False,True,False,False
wifib|device=7|capture=23Jan|frame=2372|row=1847,7,54901,False,True,False,False
wifib|device=7|capture=23Jan|frame=2657|row=2076,7,55130,True,True,True,True
wifib|device=7|capture=23Jan|frame=2396|row=1865,7,54919,True,True,True,True
wifib|device=7|capture=23Jan|frame=2213|row=1730,7,54784,True,True,True,True
wifib|device=7|capture=23Jan|frame=2214|row=1731,7,54785,True,True,True,False
wifib|device=7|capture=23Jan|frame=2642|row=2061,7,55115,True,True,True,False
wifib|device=7|capture=23Jan|frame=2187|row=1704,7,54758,True,True,True,False
wifib|device=7|capture=23Jan|frame=2677|row=2088,7,55142,True,True,True,False
wifib|device=7|capture=23Jan|frame=2482|row=1934,7,54988,True,True,True,False
wifib|device=7|capture=23Jan|frame=2456|row=1915,7,54969,False,True,False,False
wifib|device=7|capture=23Jan|frame=2376|row=1849,7,54903,False,True,False,False
wifib|device=7|capture=23Jan|frame=2237|row=1748,7,54802,False,True,False,False
wifib|device=7|capture=23Jan|frame=2250|row=1757,7,54811,False,True,False,False
wifib|device=7|capture=23Jan|frame=2570|row=2004,7,55058,True,True,True,False
wifib|device=7|capture=23Jan|frame=2502|row=1954,7,55008,True,True,True,False
wifib|device=7|capture=23Jan|frame=2344|row=1821,7,54875,False,True,False,False
wifib|device=7|capture=23Jan|frame=2314|row=1803,7,54857,True,True,True,False
wifib|device=7|capture=23Jan|frame=2357|row=1834,7,54888,False,True,False,False
wifib|device=7|capture=23Jan|frame=2215|row=1732,7,54786,False,True,False,False
wifib|device=7|capture=23Jan|frame=2489|row=1941,7,54995,True,True,True,False
wifib|device=7|capture=23Jan|frame=2522|row=1968,7,55022,True,True,True,False
wifib|device=7|capture=23Jan|frame=2327|row=1812,7,54866,True,True,True,False
wifib|device=7|capture=23Jan|frame=2739|row=2138,7,55192,True,True,True,False
wifib|device=7|capture=23Jan|frame=2523|row=1969,7,55023,True,True,True,False
wifib|device=7|capture=23Jan|frame=2618|row=2043,7,55097,True,True,True,False
wifib|device=7|capture=23Jan|frame=2490|row=1942,7,54996,True,True,True,False
wifib|device=7|capture=23Jan|frame=2366|row=1841,7,54895,False,True,False,False
wifib|device=7|capture=23Jan|frame=2617|row=2042,7,55096,True,True,True,False
wifib|device=7|capture=23Jan|frame=2757|row=2150,7,55204,False,True,False,False
wifib|device=7|capture=23Jan|frame=2371|row=1846,7,54900,False,True,False,False
wifib|device=7|capture=23Jan|frame=2469|row=1926,7,54980,True,True,True,False
wifib|device=7|capture=23Jan|frame=2291|row=1784,7,54838,False,True,False,False
wifib|device=7|capture=23Jan|frame=2565|row=2001,7,55055,True,True,True,False
wifib|device=7|capture=23Jan|frame=2740|row=2139,7,55193,True,True,True,False
wifib|device=7|capture=23Jan|frame=2745|row=2142,7,55196,True,True,True,False
wifib|device=7|capture=23Jan|frame=2491|row=1943,7,54997,False,True,False,False
wifib|device=7|capture=23Jan|frame=2702|row=2107,7,55161,True,True,True,False
wifib|device=7|capture=23Jan|frame=2418|row=1887,7,54941,True,True,True,False
wifib|device=7|capture=23Jan|frame=2769|row=2160,7,55214,True,True,True,False
wifib|device=7|capture=23Jan|frame=2563|row=1999,7,55053,True,True,True,False
wifib|device=7|capture=23Jan|frame=2280|row=1781,7,54835,False,True,False,False
wifib|device=7|capture=23Jan|frame=2323|row=1810,7,54864,True,True,True,False
wifib|device=7|capture=23Jan|frame=2472|row=1929,7,54983,False,True,False,False
wifib|device=7|capture=23Jan|frame=2643|row=2062,7,55116,True,True,True,False
wifib|device=7|capture=23Jan|frame=2211|row=1728,7,54782,True,True,True,False
wifib|device=7|capture=23Jan|frame=2185|row=1702,7,54756,True,True,True,False
wifib|device=7|capture=23Jan|frame=2459|row=1918,7,54972,True,True,True,False
wifib|device=7|capture=23Jan|frame=2294|row=1787,7,54841,False,True,False,False
wifib|device=7|capture=23Jan|frame=2397|row=1866,7,54920,False,True,False,False
wifib|device=7|capture=23Jan|frame=2201|row=1718,7,54772,True,True,True,False
wifib|device=7|capture=23Jan|frame=2704|row=2109,7,55163,True,True,True,False
wifib|device=7|capture=23Jan|frame=2209|row=1726,7,54780,True,True,True,False
wifib|device=7|capture=23Jan|frame=2694|row=2103,7,55157,True,True,True,False
wifib|device=7|capture=23Jan|frame=2497|row=1949,7,55003,True,True,True,False
wifib|device=7|capture=23Jan|frame=2544|row=1984,7,55038,True,True,True,False
wifib|device=7|capture=23Jan|frame=2435|row=1898,7,54952,True,True,True,False
wifib|device=7|capture=23Jan|frame=2658|row=2077,7,55131,True,True,True,False
wifib|device=7|capture=23Jan|frame=2698|row=2105,7,55159,True,True,True,False
wifib|device=7|capture=23Jan|frame=2649|row=2068,7,55122,True,True,True,False
wifib|device=7|capture=23Jan|frame=2352|row=1829,7,54883,False,True,False,False
wifib|device=7|capture=23Jan|frame=2205|row=1722,7,54776,True,True,True,False
wifib|device=7|capture=23Jan|frame=2441|row=1902,7,54956,True,True,True,False
wifib|device=7|capture=23Jan|frame=2689|row=2098,7,55152,True,True,True,False
wifib|device=7|capture=23Jan|frame=2302|row=1793,7,54847,False,True,False,False
wifib|device=7|capture=23Jan|frame=2693|row=2102,7,55156,True,True,True,False
wifib|device=7|capture=23Jan|frame=2485|row=1937,7,54991,False,True,False,False
wifib|device=7|capture=23Jan|frame=2466|row=1923,7,54977,True,True,True,False
wifib|device=7|capture=23Jan|frame=2405|row=1874,7,54928,False,True,False,False
wifib|device=7|capture=23Jan|frame=2278|row=1779,7,54833,False,True,False,False
wifib|device=7|capture=23Jan|frame=2272|row=1773,7,54827,True,True,True,False
wifib|device=7|capture=23Jan|frame=2198|row=1715,7,54769,True,True,True,False
wifib|device=7|capture=23Jan|frame=2351|row=1828,7,54882,False,True,False,False
wifib|device=7|capture=23Jan|frame=2448|row=1909,7,54963,False,True,False,False
wifib|device=7|capture=23Jan|frame=2632|row=2053,7,55107,True,True,True,False
wifib|device=7|capture=23Jan|frame=2256|row=1761,7,54815,False,True,False,False
wifib|device=7|capture=23Jan|frame=2243|row=1752,7,54806,True,True,True,False
wifib|device=7|capture=23Jan|frame=2455|row=1914,7,54968,True,True,True,False
wifib|device=7|capture=23Jan|frame=2718|row=2121,7,55175,True,True,True,False
wifib|device=7|capture=23Jan|frame=2471|row=1928,7,54982,False,True,False,False
wifib|device=7|capture=23Jan|frame=2511|row=1961,7,55015,True,True,True,False
wifib|device=7|capture=23Jan|frame=2644|row=2063,7,55117,True,True,True,False
wifib|device=7|capture=23Jan|frame=2636|row=2057,7,55111,True,True,True,False
wifib|device=7|capture=23Jan|frame=2409|row=1878,7,54932,False,True,False,False
wifib|device=7|capture=23Jan|frame=2308|row=1797,7,54851,False,True,False,False
wifib|device=7|capture=23Jan|frame=2730|row=2129,7,55183,False,True,False,False
wifib|device=7|capture=23Jan|frame=2541|row=1981,7,55035,True,True,True,False
wifib|device=7|capture=23Jan|frame=2551|row=1989,7,55043,True,True,True,False
wifib|device=7|capture=23Jan|frame=2545|row=1985,7,55039,True,True,True,False
wifib|device=7|capture=23Jan|frame=2326|row=1811,7,54865,True,True,True,False
wifib|device=7|capture=23Jan|frame=2228|row=1743,7,54797,False,True,False,False
wifib|device=7|capture=23Jan|frame=2217|row=1734,7,54788,True,True,True,False
wifib|device=7|capture=23Jan|frame=2387|row=1858,7,54912,True,True,True,False
wifib|device=7|capture=23Jan|frame=2424|row=1891,7,54945,True,True,True,False
wifib|device=7|capture=23Jan|frame=2341|row=1820,7,54874,False,True,False,False
wifib|device=7|capture=23Jan|frame=2690|row=2099,7,55153,True,True,True,False
wifib|device=7|capture=23Jan|frame=2488|row=1940,7,54994,True,True,True,False
wifib|device=7|capture=23Jan|frame=2726|row=2127,7,55181,True,True,True,False
wifib|device=7|capture=23Jan|frame=2460|row=1919,7,54973,False,True,False,False
wifib|device=7|capture=23Jan|frame=2767|row=2158,7,55212,True,True,True,False
wifib|device=7|capture=23Jan|frame=2721|row=2124,7,55178,True,True,True,False
wifib|device=7|capture=23Jan|frame=2542|row=1982,7,55036,True,True,True,False
wifib|device=7|capture=23Jan|frame=2682|row=2093,7,55147,True,True,True,False
wifib|device=7|capture=23Jan|frame=2274|row=1775,7,54829,False,True,False,False
wifib|device=7|capture=23Jan|frame=2454|row=1913,7,54967,True,True,True,False
wifib|device=7|capture=23Jan|frame=2508|row=1960,7,55014,True,True,True,False
wifib|device=7|capture=23Jan|frame=2264|row=1769,7,54823,False,True,False,False
wifib|device=7|capture=23Jan|frame=2637|row=2058,7,55112,True,True,True,False
wifib|device=7|capture=23Jan|frame=2464|row=1921,7,54975,True,True,True,False
wifib|device=7|capture=23Jan|frame=2678|row=2089,7,55143,True,True,True,False
wifib|device=7|capture=23Jan|frame=2734|row=2133,7,55187,True,True,True,False
wifib|device=7|capture=23Jan|frame=2506|row=1958,7,55012,True,True,True,False
wifib|device=7|capture=23Jan|frame=2590|row=2022,7,55076,True,True,True,False
wifib|device=7|capture=23Jan|frame=2688|row=2097,7,55151,True,True,True,False
wifib|device=7|capture=23Jan|frame=2535|row=1977,7,55031,True,True,True,False
wifib|device=7|capture=23Jan|frame=2383|row=1854,7,54908,False,True,False,False
wifib|device=7|capture=23Jan|frame=2467|row=1924,7,54978,True,True,True,False
wifib|device=7|capture=23Jan|frame=2188|row=1705,7,54759,True,True,True,False
wifib|device=7|capture=23Jan|frame=2525|row=1971,7,55025,True,True,True,False
wifib|device=7|capture=23Jan|frame=2512|row=1962,7,55016,True,True,True,False
wifib|device=7|capture=23Jan|frame=2347|row=1824,7,54878,False,True,False,False
wifib|device=7|capture=23Jan|frame=2760|row=2151,7,55205,True,True,True,False
wifib|device=7|capture=23Jan|frame=2295|row=1788,7,54842,False,True,False,False
wifib|device=7|capture=23Jan|frame=2203|row=1720,7,54774,True,True,True,False
wifib|device=7|capture=23Jan|frame=2210|row=1727,7,54781,True,True,True,False
wifib|device=7|capture=23Jan|frame=2756|row=2149,7,55203,False,True,False,False
wifib|device=7|capture=23Jan|frame=2504|row=1956,7,55010,True,True,True,False
wifib|device=7|capture=23Jan|frame=2398|row=1867,7,54921,False,True,False,False
wifib|device=7|capture=23Jan|frame=2595|row=2025,7,55079,True,True,True,False
wifib|device=7|capture=23Jan|frame=2486|row=1938,7,54992,True,True,True,False
wifib|device=7|capture=23Jan|frame=2608|row=2035,7,55089,True,True,True,False
wifib|device=7|capture=23Jan|frame=2764|row=2155,7,55209,True,True,True,False
wifib|device=7|capture=23Jan|frame=2329|row=1814,7,54868,False,True,False,False
wifib|device=7|capture=23Jan|frame=2524|row=1970,7,55024,True,True,True,False
wifib|device=7|capture=23Jan|frame=2461|row=1920,7,54974,False,True,False,False
wifib|device=7|capture=23Jan|frame=2354|row=1831,7,54885,False,True,False,False
wifib|device=7|capture=23Jan|frame=2599|row=2029,7,55083,True,True,True,False
wifib|device=7|capture=23Jan|frame=2475|row=1930,7,54984,False,True,False,False
wifib|device=7|capture=23Jan|frame=2313|row=1802,7,54856,True,True,True,False
wifib|device=7|capture=23Jan|frame=2646|row=2065,7,55119,True,True,True,False
wifib|device=7|capture=23Jan|frame=2258|row=1763,7,54817,False,True,False,False
wifib|device=7|capture=23Jan|frame=2616|row=2041,7,55095,True,True,True,False
wifib|device=7|capture=23Jan|frame=2182|row=1699,7,54753,True,True,True,False
wifib|device=7|capture=23Jan|frame=2382|row=1853,7,54907,False,True,False,False
wifib|device=7|capture=23Jan|frame=2362|row=1839,7,54893,False,True,False,False
wifib|device=7|capture=23Jan|frame=2408|row=1877,7,54931,False,True,False,False
wifib|device=7|capture=23Jan|frame=2356|row=1833,7,54887,False,True,False,False
wifib|device=7|capture=23Jan|frame=2404|row=1873,7,54927,True,True,True,False
wifib|device=7|capture=23Jan|frame=2724|row=2125,7,55179,True,True,True,False
wifib|device=7|capture=23Jan|frame=2262|row=1767,7,54821,False,True,False,False
wifib|device=7|capture=23Jan|frame=2591|row=2023,7,55077,True,True,True,False
wifib|device=7|capture=23Jan|frame=2360|row=1837,7,54891,False,True,False,False
wifib|device=7|capture=23Jan|frame=2271|row=1772,7,54826,False,True,False,False
wifib|device=7|capture=23Jan|frame=2247|row=1754,7,54808,True,True,True,False
wifib|device=7|capture=23Jan|frame=2492|row=1944,7,54998,True,True,True,False
wifib|device=7|capture=23Jan|frame=2603|row=2030,7,55084,True,True,True,False
wifib|device=7|capture=23Jan|frame=2298|row=1791,7,54845,False,True,False,False
wifib|device=7|capture=23Jan|frame=2685|row=2096,7,55150,True,True,True,False
wifib|device=7|capture=23Jan|frame=2623|row=2046,7,55100,True,True,True,False
wifib|device=7|capture=23Jan|frame=2716|row=2119,7,55173,True,True,True,False
wifib|device=7|capture=23Jan|frame=2234|row=1745,7,54799,False,True,False,False
wifib|device=7|capture=23Jan|frame=2373|row=1848,7,54902,False,True,False,False
wifib|device=7|capture=23Jan|frame=2675|row=2086,7,55140,True,True,True,False
wifib|device=7|capture=23Jan|frame=2725|row=2126,7,55180,True,True,True,False
wifib|device=7|capture=23Jan|frame=2220|row=1737,7,54791,True,True,True,False
wifib|device=7|capture=23Jan|frame=2422|row=1889,7,54943,True,True,True,False
wifib|device=7|capture=23Jan|frame=2538|row=1978,7,55032,True,True,True,False
wifib|device=7|capture=23Jan|frame=2761|row=2152,7,55206,True,True,True,False
wifib|device=7|capture=23Jan|frame=2652|row=2071,7,55125,True,True,True,False
wifib|device=7|capture=23Jan|frame=2543|row=1983,7,55037,True,True,True,False
wifib|device=7|capture=23Jan|frame=2183|row=1700,7,54754,True,True,True,False
wifib|device=7|capture=23Jan|frame=2346|row=1823,7,54877,False,True,False,False
wifib|device=7|capture=23Jan|frame=2416|row=1885,7,54939,False,True,False,False
wifib|device=7|capture=23Jan|frame=2476|row=1931,7,54985,True,True,True,False
wifib|device=7|capture=23Jan|frame=2458|row=1917,7,54971,True,True,True,False
wifib|device=7|capture=23Jan|frame=2746|row=2143,7,55197,True,True,True,False
wifib|device=7|capture=23Jan|frame=2560|row=1996,7,55050,True,True,True,False
wifib|device=7|capture=23Jan|frame=2671|row=2084,7,55138,True,True,True,False
wifib|device=7|capture=23Jan|frame=2611|row=2036,7,55090,True,True,True,False
wifib|device=7|capture=23Jan|frame=2654|row=2073,7,55127,True,True,True,False
wifib|device=7|capture=23Jan|frame=2316|row=1805,7,54859,True,True,True,False
wifib|device=7|capture=23Jan|frame=2527|row=1973,7,55027,True,True,True,False
wifib|device=7|capture=23Jan|frame=2193|row=1710,7,54764,True,True,True,False
wifib|device=7|capture=23Jan|frame=2355|row=1832,7,54886,False,True,False,False
wifib|device=7|capture=23Jan|frame=2571|row=2005,7,55059,True,True,True,False
wifib|device=7|capture=23Jan|frame=2368|row=1843,7,54897,False,True,False,False
wifib|device=7|capture=23Jan|frame=2229|row=1744,7,54798,True,True,True,False
wifib|device=7|capture=23Jan|frame=2708|row=2111,7,55165,True,True,True,False
wifib|device=7|capture=23Jan|frame=2703|row=2108,7,55162,False,True,False,False
wifib|device=7|capture=23Jan|frame=2665|row=2082,7,55136,True,True,True,False
wifib|device=7|capture=23Jan|frame=2495|row=1947,7,55001,True,True,True,False
wifib|device=7|capture=23Jan|frame=2715|row=2118,7,55172,True,True,True,False
wifib|device=7|capture=23Jan|frame=2635|row=2056,7,55110,True,True,True,False
wifib|device=7|capture=23Jan|frame=2695|row=2104,7,55158,True,True,True,False
wifib|device=7|capture=23Jan|frame=2252|row=1759,7,54813,False,True,False,False
wifib|device=7|capture=23Jan|frame=2369|row=1844,7,54898,False,True,False,False
wifib|device=7|capture=23Jan|frame=2655|row=2074,7,55128,True,True,True,False
wifib|device=7|capture=23Jan|frame=2321|row=1808,7,54862,True,True,True,False
wifib|device=7|capture=23Jan|frame=2400|row=1869,7,54923,True,True,True,False
wifib|device=7|capture=23Jan|frame=2771|row=2162,7,55216,True,True,True,False
wifib|device=7|capture=23Jan|frame=2439|row=1900,7,54954,True,True,True,False
wifib|device=7|capture=23Jan|frame=2293|row=1786,7,54840,False,True,False,False
wifib|device=7|capture=23Jan|frame=2768|row=2159,7,55213,True,True,True,False
wifib|device=7|capture=23Jan|frame=2484|row=1936,7,54990,True,True,True,False
wifib|device=7|capture=23Jan|frame=2650|row=2069,7,55123,True,True,True,False
wifib|device=7|capture=23Jan|frame=2367|row=1842,7,54896,False,True,False,False
wifib|device=7|capture=23Jan|frame=2664|row=2081,7,55135,True,True,True,False
wifib|device=7|capture=23Jan|frame=2540|row=1980,7,55034,True,True,True,False
wifib|device=7|capture=23Jan|frame=2395|row=1864,7,54918,True,True,True,False
wifib|device=7|capture=23Jan|frame=2501|row=1953,7,55007,True,True,True,False
wifib|device=7|capture=23Jan|frame=2421|row=1888,7,54942,False,True,False,False
wifib|device=7|capture=23Jan|frame=2738|row=2137,7,55191,False,True,False,False
wifib|device=7|capture=23Jan|frame=2385|row=1856,7,54910,False,True,False,False
wifib|device=7|capture=23Jan|frame=2481|row=1933,7,54987,True,True,True,False
wifib|device=7|capture=23Jan|frame=2260|row=1765,7,54819,False,True,False,False
wifib|device=7|capture=23Jan|frame=2627|row=2048,7,55102,True,True,True,False
wifib|device=7|capture=23Jan|frame=2401|row=1870,7,54924,False,True,False,False
wifib|device=7|capture=23Jan|frame=2749|row=2146,7,55200,False,True,False,False
wifib|device=7|capture=23Jan|frame=2709|row=2112,7,55166,True,True,True,False
wifib|device=7|capture=23Jan|frame=2311|row=1800,7,54854,False,True,False,False
wifib|device=7|capture=23Jan|frame=2192|row=1709,7,54763,True,True,True,False
wifib|device=7|capture=23Jan|frame=2732|row=2131,7,55185,True,True,True,False
wifib|device=7|capture=23Jan|frame=2712|row=2115,7,55169,True,True,True,False
wifib|device=7|capture=23Jan|frame=2277|row=1778,7,54832,False,True,False,False
wifib|device=7|capture=23Jan|frame=2630|row=2051,7,55105,True,True,True,False
wifib|device=7|capture=23Jan|frame=2270|row=1771,7,54825,False,True,False,False
wifib|device=7|capture=23Jan|frame=2518|row=1966,7,55020,True,True,True,False
wifib|device=7|capture=23Jan|frame=2290|row=1783,7,54837,False,True,False,False
wifib|device=7|capture=23Jan|frame=2246|row=1753,7,54807,True,True,True,False
wifib|device=7|capture=23Jan|frame=2589|row=2021,7,55075,True,True,True,False
wifib|device=7|capture=23Jan|frame=2586|row=2018,7,55072,True,True,True,False
wifib|device=7|capture=23Jan|frame=2711|row=2114,7,55168,True,True,True,False
wifib|device=7|capture=23Jan|frame=2447|row=1908,7,54962,True,True,True,False
wifib|device=7|capture=23Jan|frame=2358|row=1835,7,54889,False,True,False,False
wifib|device=7|capture=23Jan|frame=2340|row=1819,7,54873,False,True,False,False
wifib|device=7|capture=23Jan|frame=2306|row=1795,7,54849,False,True,False,False
wifib|device=7|capture=23Jan|frame=2380|row=1851,7,54905,False,True,False,False
wifib|device=7|capture=23Jan|frame=2533|row=1975,7,55029,True,True,True,False
wifib|device=7|capture=23Jan|frame=2743|row=2140,7,55194,True,True,True,False
wifib|device=7|capture=23Jan|frame=2381|row=1852,7,54906,False,True,False,False
wifib|device=7|capture=23Jan|frame=2208|row=1725,7,54779,True,True,True,False
wifib|device=7|capture=23Jan|frame=2309|row=1798,7,54852,False,True,False,False
wifib|device=7|capture=23Jan|frame=2322|row=1809,7,54863,True,True,True,False
wifib|device=7|capture=23Jan|frame=2720|row=2123,7,55177,True,True,True,False
wifib|device=7|capture=23Jan|frame=2578|row=2012,7,55066,True,True,True,False
wifib|device=7|capture=23Jan|frame=2328|row=1813,7,54867,False,True,False,False
wifib|device=7|capture=23Jan|frame=2403|row=1872,7,54926,False,True,False,False
wifib|device=7|capture=23Jan|frame=2432|row=1895,7,54949,True,True,True,False
wifib|device=7|capture=23Jan|frame=2433|row=1896,7,54950,True,True,True,False
wifib|device=7|capture=23Jan|frame=2494|row=1946,7,55000,True,True,True,False
wifib|device=7|capture=23Jan|frame=2402|row=1871,7,54925,False,True,False,False
wifib|device=7|capture=23Jan|frame=2713|row=2116,7,55170,True,True,True,False
wifib|device=7|capture=23Jan|frame=2216|row=1733,7,54787,True,True,True,False
wifib|device=7|capture=23Jan|frame=2521|row=1967,7,55021,True,True,True,False
wifib|device=7|capture=23Jan|frame=2449|row=1910,7,54964,True,True,True,False
wifib|device=7|capture=23Jan|frame=2755|row=2148,7,55202,False,True,False,False
wifib|device=7|capture=23Jan|frame=2384|row=1855,7,54909,False,True,False,False
wifib|device=7|capture=23Jan|frame=2426|row=1893,7,54947,True,True,True,False
wifib|device=7|capture=23Jan|frame=2361|row=1838,7,54892,False,True,False,False
wifib|device=7|capture=23Jan|frame=2195|row=1712,7,54766,True,True,True,False
wifib|device=7|capture=23Jan|frame=2196|row=1713,7,54767,True,True,True,False
wifib|device=7|capture=23Jan|frame=2191|row=1708,7,54762,True,True,True,False
wifib|device=7|capture=23Jan|frame=2332|row=1817,7,54871,False,True,False,False
wifib|device=7|capture=23Jan|frame=2733|row=2132,7,55186,True,True,True,False
wifib|device=7|capture=23Jan|frame=2634|row=2055,7,55109,True,True,True,False
wifib|device=7|capture=23Jan|frame=2335|row=1818,7,54872,False,True,False,False
wifib|device=7|capture=23Jan|frame=2558|row=1994,7,55048,True,True,True,False
wifib|device=7|capture=23Jan|frame=2679|row=2090,7,55144,True,True,True,False
wifib|device=7|capture=23Jan|frame=2320|row=1807,7,54861,True,True,True,False
wifib|device=7|capture=23Jan|frame=2653|row=2072,7,55126,True,True,True,False
wifib|device=7|capture=23Jan|frame=2443|row=1904,7,54958,True,True,True,False
wifib|device=7|capture=23Jan|frame=2550|row=1988,7,55042,True,True,True,False
wifib|device=7|capture=23Jan|frame=2777|row=2166,7,55220,False,True,False,False
wifib|device=7|capture=23Jan|frame=2202|row=1719,7,54773,True,True,True,False
wifib|device=7|capture=23Jan|frame=2656|row=2075,7,55129,True,True,True,False
wifib|device=7|capture=23Jan|frame=2622|row=2045,7,55099,True,True,True,False
wifib|device=7|capture=23Jan|frame=2778|row=2167,7,55221,False,True,False,False
wifib|device=7|capture=23Jan|frame=2613|row=2038,7,55092,True,True,True,False
wifib|device=7|capture=23Jan|frame=2651|row=2070,7,55124,True,True,True,False
wifib|device=7|capture=23Jan|frame=2235|row=1746,7,54800,True,True,True,False
wifib|device=7|capture=23Jan|frame=2496|row=1948,7,55002,True,True,True,False
wifib|device=7|capture=23Jan|frame=2297|row=1790,7,54844,False,True,False,False
wifib|device=7|capture=23Jan|frame=2276|row=1777,7,54831,False,True,False,False
wifib|device=7|capture=23Jan|frame=2604|row=2031,7,55085,True,True,True,False
wifib|device=7|capture=23Jan|frame=2575|row=2009,7,55063,True,True,True,False
wifib|device=7|capture=23Jan|frame=2450|row=1911,7,54965,False,True,False,False
wifib|device=7|capture=23Jan|frame=2553|row=1991,7,55045,True,True,True,False
wifib|device=7|capture=23Jan|frame=2507|row=1959,7,55013,True,True,True,False
wifib|device=7|capture=23Jan|frame=2762|row=2153,7,55207,False,True,False,False
wifib|device=7|capture=23Jan|frame=2596|row=2026,7,55080,True,True,True,False
wifib|device=7|capture=23Jan|frame=2275|row=1776,7,54830,True,True,True,False
wifib|device=7|capture=23Jan|frame=2775|row=2164,7,55218,True,True,True,False
wifib|device=7|capture=23Jan|frame=2552|row=1990,7,55044,True,True,True,False
wifib|device=7|capture=23Jan|frame=2218|row=1735,7,54789,True,True,True,False
wifib|device=7|capture=23Jan|frame=2181|row=1698,7,54752,True,True,True,False
wifib|device=7|capture=23Jan|frame=2499|row=1951,7,55005,True,True,True,False
wifib|device=7|capture=23Jan|frame=2629|row=2050,7,55104,True,True,True,False
wifib|device=7|capture=23Jan|frame=2477|row=1932,7,54986,True,True,True,False
wifib|device=7|capture=23Jan|frame=2180|row=1697,7,54751,True,True,True,False
wifib|device=7|capture=23Jan|frame=2410|row=1879,7,54933,False,True,False,False
wifib|device=7|capture=23Jan|frame=2736|row=2135,7,55189,True,True,True,False
wifib|device=7|capture=23Jan|frame=2206|row=1723,7,54777,True,True,True,False
wifib|device=7|capture=23Jan|frame=2365|row=1840,7,54894,False,True,False,False
wifib|device=8|capture=23Jan|frame=2285|row=1821,8,58017,True,True,True,True
wifib|device=8|capture=23Jan|frame=2645|row=2118,8,58314,True,True,True,True
wifib|device=8|capture=23Jan|frame=2252|row=1796,8,57992,True,True,True,True
wifib|device=8|capture=23Jan|frame=2387|row=1905,8,58101,True,True,True,True
wifib|device=8|capture=23Jan|frame=2302|row=1836,8,58032,True,True,True,True
wifib|device=8|capture=23Jan|frame=2620|row=2105,8,58301,True,True,True,True
wifib|device=8|capture=23Jan|frame=2710|row=2173,8,58369,True,True,True,True
wifib|device=8|capture=23Jan|frame=2273|row=1813,8,58009,True,True,True,True
wifib|device=8|capture=23Jan|frame=2398|row=1916,8,58112,True,True,True,True
wifib|device=8|capture=23Jan|frame=2596|row=2083,8,58279,True,True,True,True
wifib|device=8|capture=23Jan|frame=2348|row=1870,8,58066,True,True,True,False
wifib|device=8|capture=23Jan|frame=2665|row=2136,8,58332,True,True,True,False
wifib|device=8|capture=23Jan|frame=2614|row=2099,8,58295,True,True,True,False
wifib|device=8|capture=23Jan|frame=2582|row=2071,8,58267,True,True,True,False
wifib|device=8|capture=23Jan|frame=2213|row=1759,8,57955,True,True,True,False
wifib|device=8|capture=23Jan|frame=2325|row=1853,8,58049,True,True,True,False
wifib|device=8|capture=23Jan|frame=2361|row=1881,8,58077,True,True,True,False
wifib|device=8|capture=23Jan|frame=2668|row=2139,8,58335,True,True,True,False
wifib|device=8|capture=23Jan|frame=2317|row=1845,8,58041,True,True,True,False
wifib|device=8|capture=23Jan|frame=2652|row=2125,8,58321,True,True,True,False
wifib|device=8|capture=23Jan|frame=2239|row=1785,8,57981,True,True,True,False
wifib|device=8|capture=23Jan|frame=2706|row=2169,8,58365,True,True,True,False
wifib|device=8|capture=23Jan|frame=2452|row=1959,8,58155,True,True,True,False
wifib|device=8|capture=23Jan|frame=2180|row=1738,8,57934,True,True,True,False
wifib|device=8|capture=23Jan|frame=2404|row=1922,8,58118,True,True,True,False
wifib|device=8|capture=23Jan|frame=2222|row=1768,8,57964,True,True,True,False
wifib|device=8|capture=23Jan|frame=2301|row=1835,8,58031,True,True,True,False
wifib|device=8|capture=23Jan|frame=2194|row=1750,8,57946,True,True,True,False
wifib|device=8|capture=23Jan|frame=2748|row=2201,8,58397,True,True,True,False
wifib|device=8|capture=23Jan|frame=2684|row=2153,8,58349,True,True,True,False
wifib|device=8|capture=23Jan|frame=2421|row=1933,8,58129,True,True,True,False
wifib|device=8|capture=23Jan|frame=2428|row=1940,8,58136,True,True,True,False
wifib|device=8|capture=23Jan|frame=2720|row=2183,8,58379,True,True,True,False
wifib|device=8|capture=23Jan|frame=2216|row=1762,8,57958,True,True,True,False
wifib|device=8|capture=23Jan|frame=2543|row=2036,8,58232,True,True,True,False
wifib|device=8|capture=23Jan|frame=2732|row=2189,8,58385,True,True,True,False
wifib|device=8|capture=23Jan|frame=2612|row=2097,8,58293,True,True,True,False
wifib|device=8|capture=23Jan|frame=2692|row=2161,8,58357,True,True,True,False
wifib|device=8|capture=23Jan|frame=2280|row=1818,8,58014,True,True,True,False
wifib|device=8|capture=23Jan|frame=2520|row=2017,8,58213,True,True,True,False
wifib|device=8|capture=23Jan|frame=2534|row=2029,8,58225,True,True,True,False
wifib|device=8|capture=23Jan|frame=2419|row=1931,8,58127,True,True,True,False
wifib|device=8|capture=23Jan|frame=2769|row=2216,8,58412,True,True,True,False
wifib|device=8|capture=23Jan|frame=2290|row=1826,8,58022,True,True,True,False
wifib|device=8|capture=23Jan|frame=2523|row=2020,8,58216,True,True,True,False
wifib|device=8|capture=23Jan|frame=2574|row=2063,8,58259,True,True,True,False
wifib|device=8|capture=23Jan|frame=2591|row=2078,8,58274,True,True,True,False
wifib|device=8|capture=23Jan|frame=2436|row=1948,8,58144,True,True,True,False
wifib|device=8|capture=23Jan|frame=2328|row=1856,8,58052,True,True,True,False
wifib|device=8|capture=23Jan|frame=2702|row=2167,8,58363,True,True,True,False
wifib|device=8|capture=23Jan|frame=2207|row=1755,8,57951,True,True,True,False
wifib|device=8|capture=23Jan|frame=2538|row=2033,8,58229,True,True,True,False
wifib|device=8|capture=23Jan|frame=2362|row=1882,8,58078,True,True,True,False
wifib|device=8|capture=23Jan|frame=2379|row=1897,8,58093,True,True,True,False
wifib|device=8|capture=23Jan|frame=2447|row=1954,8,58150,True,True,True,False
wifib|device=8|capture=23Jan|frame=2651|row=2124,8,58320,True,True,True,False
wifib|device=8|capture=23Jan|frame=2395|row=1913,8,58109,True,True,True,False
wifib|device=8|capture=23Jan|frame=2714|row=2177,8,58373,True,True,True,False
wifib|device=8|capture=23Jan|frame=2731|row=2188,8,58384,True,True,True,False
wifib|device=8|capture=23Jan|frame=2697|row=2164,8,58360,True,True,True,False
wifib|device=8|capture=23Jan|frame=2472|row=1975,8,58171,True,True,True,False
wifib|device=8|capture=23Jan|frame=2448|row=1955,8,58151,True,True,True,False
wifib|device=8|capture=23Jan|frame=2481|row=1980,8,58176,True,True,True,False
wifib|device=8|capture=23Jan|frame=2678|row=2147,8,58343,True,True,True,False
wifib|device=8|capture=23Jan|frame=2407|row=1923,8,58119,True,True,True,False
wifib|device=8|capture=23Jan|frame=2682|row=2151,8,58347,True,True,True,False
wifib|device=8|capture=23Jan|frame=2251|row=1795,8,57991,True,True,True,False
wifib|device=8|capture=23Jan|frame=2640|row=2115,8,58311,True,True,True,False
wifib|device=8|capture=23Jan|frame=2214|row=1760,8,57956,True,True,True,False
wifib|device=8|capture=23Jan|frame=2307|row=1837,8,58033,True,True,True,False
wifib|device=8|capture=23Jan|frame=2423|row=1935,8,58131,True,True,True,False
wifib|device=8|capture=23Jan|frame=2663|row=2134,8,58330,True,True,True,False
wifib|device=8|capture=23Jan|frame=2412|row=1926,8,58122,True,True,True,False
wifib|device=8|capture=23Jan|frame=2599|row=2086,8,58282,True,True,True,False
wifib|device=8|capture=23Jan|frame=2193|row=1749,8,57945,True,True,True,False
wifib|device=8|capture=23Jan|frame=2688|row=2157,8,58353,True,True,True,False
wifib|device=8|capture=23Jan|frame=2696|row=2163,8,58359,True,True,True,False
wifib|device=8|capture=23Jan|frame=2765|row=2212,8,58408,True,True,True,False
wifib|device=8|capture=23Jan|frame=2575|row=2064,8,58260,True,True,True,False
wifib|device=8|capture=23Jan|frame=2517|row=2014,8,58210,True,True,True,False
wifib|device=8|capture=23Jan|frame=2431|row=1943,8,58139,True,True,True,False
wifib|device=8|capture=23Jan|frame=2288|row=1824,8,58020,True,True,True,False
wifib|device=8|capture=23Jan|frame=2561|row=2054,8,58250,True,True,True,False
wifib|device=8|capture=23Jan|frame=2467|row=1970,8,58166,True,True,True,False
wifib|device=8|capture=23Jan|frame=2386|row=1904,8,58100,True,True,True,False
wifib|device=8|capture=23Jan|frame=2380|row=1898,8,58094,True,True,True,False
wifib|device=8|capture=23Jan|frame=2322|row=1850,8,58046,True,True,True,False
wifib|device=8|capture=23Jan|frame=2366|row=1886,8,58082,True,True,True,False
wifib|device=8|capture=23Jan|frame=2768|row=2215,8,58411,True,True,True,False
wifib|device=8|capture=23Jan|frame=2659|row=2130,8,58326,True,True,True,False
wifib|device=8|capture=23Jan|frame=2514|row=2011,8,58207,True,True,True,False
wifib|device=8|capture=23Jan|frame=2187|row=1743,8,57939,True,True,True,False
wifib|device=8|capture=23Jan|frame=2191|row=1747,8,57943,True,True,True,False
wifib|device=8|capture=23Jan|frame=2320|row=1848,8,58044,True,True,True,False
wifib|device=8|capture=23Jan|frame=2291|row=1827,8,58023,True,True,True,False
wifib|device=8|capture=23Jan|frame=2313|row=1843,8,58039,True,True,True,False
wifib|device=8|capture=23Jan|frame=2505|row=2004,8,58200,True,True,True,False
wifib|device=8|capture=23Jan|frame=2408|row=1924,8,58120,True,True,True,False
wifib|device=8|capture=23Jan|frame=2519|row=2016,8,58212,True,True,True,False
wifib|device=8|capture=23Jan|frame=2623|row=2108,8,58304,True,True,True,False
wifib|device=8|capture=23Jan|frame=2727|row=2186,8,58382,True,True,True,False
wifib|device=8|capture=23Jan|frame=2611|row=2096,8,58292,True,True,True,False
wifib|device=8|capture=23Jan|frame=2752|row=2203,8,58399,True,True,True,False
wifib|device=8|capture=23Jan|frame=2381|row=1899,8,58095,True,True,True,False
wifib|device=8|capture=23Jan|frame=2403|row=1921,8,58117,True,True,True,False
wifib|device=8|capture=23Jan|frame=2186|row=1742,8,57938,True,True,True,False
wifib|device=8|capture=23Jan|frame=2486|row=1985,8,58181,True,True,True,False
wifib|device=8|capture=23Jan|frame=2753|row=2204,8,58400,True,True,True,False
wifib|device=8|capture=23Jan|frame=2311|row=1841,8,58037,True,True,True,False
wifib|device=8|capture=23Jan|frame=2296|row=1832,8,58028,True,True,True,False
wifib|device=8|capture=23Jan|frame=2711|row=2174,8,58370,True,True,True,False
wifib|device=8|capture=23Jan|frame=2293|row=1829,8,58025,True,True,True,False
wifib|device=8|capture=23Jan|frame=2443|row=1953,8,58149,True,True,True,False
wifib|device=8|capture=23Jan|frame=2364|row=1884,8,58080,True,True,True,False
wifib|device=8|capture=23Jan|frame=2269|row=1809,8,58005,True,True,True,False
wifib|device=8|capture=23Jan|frame=2693|row=2162,8,58358,True,True,True,False
wifib|device=8|capture=23Jan|frame=2597|row=2084,8,58280,True,True,True,False
wifib|device=8|capture=23Jan|frame=2488|row=1987,8,58183,True,True,True,False
wifib|device=8|capture=23Jan|frame=2648|row=2121,8,58317,True,True,True,False
wifib|device=8|capture=23Jan|frame=2622|row=2107,8,58303,True,True,True,False
wifib|device=8|capture=23Jan|frame=2334|row=1860,8,58056,True,True,True,False
wifib|device=8|capture=23Jan|frame=2219|row=1765,8,57961,True,True,True,False
wifib|device=8|capture=23Jan|frame=2573|row=2062,8,58258,True,True,True,False
wifib|device=8|capture=23Jan|frame=2270|row=1810,8,58006,True,True,True,False
wifib|device=8|capture=23Jan|frame=2378|row=1896,8,58092,True,True,True,False
wifib|device=8|capture=23Jan|frame=2225|row=1771,8,57967,True,True,True,False
wifib|device=8|capture=23Jan|frame=2730|row=2187,8,58383,True,True,True,False
wifib|device=8|capture=23Jan|frame=2351|row=1873,8,58069,True,True,True,False
wifib|device=8|capture=23Jan|frame=2676|row=2145,8,58341,True,True,True,False
wifib|device=8|capture=23Jan|frame=2507|row=2006,8,58202,True,True,True,False
wifib|device=8|capture=23Jan|frame=2369|row=1889,8,58085,True,True,True,False
wifib|device=8|capture=23Jan|frame=2733|row=2190,8,58386,True,True,True,False
wifib|device=8|capture=23Jan|frame=2508|row=2007,8,58203,True,True,True,False
wifib|device=8|capture=23Jan|frame=2526|row=2023,8,58219,True,True,True,False
wifib|device=8|capture=23Jan|frame=2584|row=2073,8,58269,True,True,True,False
wifib|device=8|capture=23Jan|frame=2738|row=2193,8,58389,True,True,True,False
wifib|device=8|capture=23Jan|frame=2644|row=2117,8,58313,True,True,True,False
wifib|device=8|capture=23Jan|frame=2426|row=1938,8,58134,True,True,True,False
wifib|device=8|capture=23Jan|frame=2662|row=2133,8,58329,True,True,True,False
wifib|device=8|capture=23Jan|frame=2521|row=2018,8,58214,True,True,True,False
wifib|device=8|capture=23Jan|frame=2228|row=1774,8,57970,True,True,True,False
wifib|device=8|capture=23Jan|frame=2621|row=2106,8,58302,True,True,True,False
wifib|device=8|capture=23Jan|frame=2541|row=2034,8,58230,True,True,True,False
wifib|device=8|capture=23Jan|frame=2755|row=2206,8,58402,True,True,True,False
wifib|device=8|capture=23Jan|frame=2763|row=2210,8,58406,True,True,True,False
wifib|device=8|capture=23Jan|frame=2658|row=2129,8,58325,True,True,True,False
wifib|device=8|capture=23Jan|frame=2300|row=1834,8,58030,True,True,True,False
wifib|device=8|capture=23Jan|frame=2208|row=1756,8,57952,True,True,True,False
wifib|device=8|capture=23Jan|frame=2492|row=1991,8,58187,True,True,True,False
wifib|device=8|capture=23Jan|frame=2458|row=1963,8,58159,True,True,True,False
wifib|device=8|capture=23Jan|frame=2546|row=2039,8,58235,True,True,True,False
wifib|device=8|capture=23Jan|frame=2440|row=1952,8,58148,True,True,True,False
wifib|device=8|capture=23Jan|frame=2559|row=2052,8,58248,True,True,True,False
wifib|device=8|capture=23Jan|frame=2613|row=2098,8,58294,True,True,True,False
wifib|device=8|capture=23Jan|frame=2482|row=1981,8,58177,True,True,True,False
wifib|device=8|capture=23Jan|frame=2721|row=2184,8,58380,True,True,True,False
wifib|device=8|capture=23Jan|frame=2587|row=2074,8,58270,True,True,True,False
wifib|device=8|capture=23Jan|frame=2709|row=2172,8,58368,True,True,True,False
wifib|device=8|capture=23Jan|frame=2319|row=1847,8,58043,True,True,True,False
wifib|device=8|capture=23Jan|frame=2647|row=2120,8,58316,True,True,True,False
wifib|device=8|capture=23Jan|frame=2430|row=1942,8,58138,True,True,True,False
wifib|device=8|capture=23Jan|frame=2646|row=2119,8,58315,True,True,True,False
wifib|device=8|capture=23Jan|frame=2516|row=2013,8,58209,True,True,True,False
wifib|device=8|capture=23Jan|frame=2189|row=1745,8,57941,True,True,True,False
wifib|device=8|capture=23Jan|frame=2655|row=2128,8,58324,True,True,True,False
wifib|device=8|capture=23Jan|frame=2499|row=1998,8,58194,True,True,True,False
wifib|device=8|capture=23Jan|frame=2450|row=1957,8,58153,True,True,True,False
wifib|device=8|capture=23Jan|frame=2271|row=1811,8,58007,True,True,True,False
wifib|device=8|capture=23Jan|frame=2243|row=1787,8,57983,True,True,True,False
wifib|device=8|capture=23Jan|frame=2399|row=1917,8,58113,True,True,True,False
wifib|device=8|capture=23Jan|frame=2739|row=2194,8,58390,True,True,True,False
wifib|device=8|capture=23Jan|frame=2401|row=1919,8,58115,True,True,True,False
wifib|device=8|capture=23Jan|frame=2764|row=2211,8,58407,True,True,True,False
wifib|device=8|capture=23Jan|frame=2390|row=1908,8,58104,True,True,True,False
wifib|device=8|capture=23Jan|frame=2415|row=1927,8,58123,True,True,True,False
wifib|device=8|capture=23Jan|frame=2352|row=1874,8,58070,True,True,True,False
wifib|device=8|capture=23Jan|frame=2246|row=1790,8,57986,True,True,True,False
wifib|device=8|capture=23Jan|frame=2745|row=2198,8,58394,True,True,True,False
wifib|device=8|capture=23Jan|frame=2660|row=2131,8,58327,True,True,True,False
wifib|device=8|capture=23Jan|frame=2416|row=1928,8,58124,True,True,True,False
wifib|device=8|capture=23Jan|frame=2589|row=2076,8,58272,True,True,True,False
wifib|device=8|capture=23Jan|frame=2525|row=2022,8,58218,True,True,True,False
wifib|device=8|capture=23Jan|frame=2309|row=1839,8,58035,True,True,True,False
wifib|device=8|capture=23Jan|frame=2576|row=2065,8,58261,True,True,True,False
wifib|device=8|capture=23Jan|frame=2274|row=1814,8,58010,True,True,True,False
wifib|device=8|capture=23Jan|frame=2749|row=2202,8,58398,True,True,True,False
wifib|device=8|capture=23Jan|frame=2263|row=1805,8,58001,True,True,True,False
wifib|device=8|capture=23Jan|frame=2761|row=2208,8,58404,True,True,True,False
wifib|device=8|capture=23Jan|frame=2535|row=2030,8,58226,True,True,True,False
wifib|device=8|capture=23Jan|frame=2685|row=2154,8,58350,True,True,True,False
wifib|device=8|capture=23Jan|frame=2572|row=2061,8,58257,True,True,True,False
wifib|device=8|capture=23Jan|frame=2224|row=1770,8,57966,True,True,True,False
wifib|device=8|capture=23Jan|frame=2747|row=2200,8,58396,True,True,True,False
wifib|device=8|capture=23Jan|frame=2235|row=1781,8,57977,True,True,True,False
wifib|device=8|capture=23Jan|frame=2653|row=2126,8,58322,True,True,True,False
wifib|device=8|capture=23Jan|frame=2691|row=2160,8,58356,True,True,True,False
wifib|device=8|capture=23Jan|frame=2618|row=2103,8,58299,True,True,True,False
wifib|device=8|capture=23Jan|frame=2238|row=1784,8,57980,True,True,True,False
wifib|device=8|capture=23Jan|frame=2418|row=1930,8,58126,True,True,True,False
wifib|device=8|capture=23Jan|frame=2353|row=1875,8,58071,True,True,True,False
wifib|device=8|capture=23Jan|frame=2377|row=1895,8,58091,True,True,True,False
wifib|device=8|capture=23Jan|frame=2638|row=2113,8,58309,True,True,True,False
wifib|device=8|capture=23Jan|frame=2347|row=1869,8,58065,True,True,True,False
wifib|device=8|capture=23Jan|frame=2491|row=1990,8,58186,True,True,True,False
wifib|device=8|capture=23Jan|frame=2547|row=2040,8,58236,True,True,True,False
wifib|device=8|capture=23Jan|frame=2607|row=2092,8,58288,True,True,True,False
wifib|device=8|capture=23Jan|frame=2262|row=1804,8,58000,True,True,True,False
wifib|device=8|capture=23Jan|frame=2350|row=1872,8,58068,True,True,True,False
wifib|device=8|capture=23Jan|frame=2354|row=1876,8,58072,True,True,True,False
wifib|device=8|capture=23Jan|frame=2471|row=1974,8,58170,True,True,True,False
wifib|device=8|capture=23Jan|frame=2215|row=1761,8,57957,True,True,True,False
wifib|device=8|capture=23Jan|frame=2737|row=2192,8,58388,True,True,True,False
wifib|device=8|capture=23Jan|frame=2557|row=2050,8,58246,True,True,True,False
wifib|device=8|capture=23Jan|frame=2234|row=1780,8,57976,True,True,True,False
wifib|device=8|capture=23Jan|frame=2359|row=1879,8,58075,True,True,True,False
wifib|device=8|capture=23Jan|frame=2736|row=2191,8,58387,True,True,True,False
wifib|device=8|capture=23Jan|frame=2272|row=1812,8,58008,True,True,True,False
wifib|device=8|capture=23Jan|frame=2705|row=2168,8,58364,True,True,True,False
wifib|device=8|capture=23Jan|frame=2391|row=1909,8,58105,True,True,True,False
wifib|device=8|capture=23Jan|frame=2268|row=1808,8,58004,True,True,True,False
wifib|device=8|capture=23Jan|frame=2360|row=1880,8,58076,True,True,True,False
wifib|device=8|capture=23Jan|frame=2461|row=1966,8,58162,True,True,True,False
wifib|device=8|capture=23Jan|frame=2598|row=2085,8,58281,True,True,True,False
wifib|device=8|capture=23Jan|frame=2643|row=2116,8,58312,True,True,True,False
wifib|device=8|capture=23Jan|frame=2608|row=2093,8,58289,True,True,True,False
wifib|device=8|capture=23Jan|frame=2437|row=1949,8,58145,True,True,True,False
wifib|device=8|capture=23Jan|frame=2683|row=2152,8,58348,True,True,True,False
wifib|device=8|capture=23Jan|frame=2435|row=1947,8,58143,True,True,True,False
wifib|device=8|capture=23Jan|frame=2463|row=1968,8,58164,True,True,True,False
wifib|device=8|capture=23Jan|frame=2470|row=1973,8,58169,True,True,True,False
wifib|device=8|capture=23Jan|frame=2494|row=1993,8,58189,True,True,True,False
wifib|device=8|capture=23Jan|frame=2340|row=1864,8,58060,True,True,True,False
wifib|device=8|capture=23Jan|frame=2490|row=1989,8,58185,True,True,True,False
wifib|device=8|capture=23Jan|frame=2615|row=2100,8,58296,True,True,True,False
wifib|device=8|capture=23Jan|frame=2454|row=1961,8,58157,True,True,True,False
wifib|device=8|capture=23Jan|frame=2201|row=1753,8,57949,True,True,True,False
wifib|device=8|capture=23Jan|frame=2338|row=1862,8,58058,True,True,True,False
wifib|device=8|capture=23Jan|frame=2179|row=1737,8,57933,True,True,True,False
wifib|device=8|capture=23Jan|frame=2477|row=1978,8,58174,True,True,True,False
wifib|device=8|capture=23Jan|frame=2544|row=2037,8,58233,True,True,True,False
wifib|device=8|capture=23Jan|frame=2226|row=1772,8,57968,True,True,True,False
wifib|device=8|capture=23Jan|frame=2318|row=1846,8,58042,True,True,True,False
wifib|device=8|capture=23Jan|frame=2493|row=1992,8,58188,True,True,True,False
wifib|device=8|capture=23Jan|frame=2654|row=2127,8,58323,True,True,True,False
wifib|device=8|capture=23Jan|frame=2389|row=1907,8,58103,True,True,True,False
wifib|device=8|capture=23Jan|frame=2173|row=1735,8,57931,True,True,True,False
wifib|device=8|capture=23Jan|frame=2630|row=2109,8,58305,True,True,True,False
wifib|device=8|capture=23Jan|frame=2261|row=1803,8,57999,True,True,True,False
wifib|device=8|capture=23Jan|frame=2677|row=2146,8,58342,True,True,True,False
wifib|device=8|capture=23Jan|frame=2511|row=2008,8,58204,True,True,True,False
wifib|device=8|capture=23Jan|frame=2718|row=2181,8,58377,True,True,True,False
wifib|device=8|capture=23Jan|frame=2619|row=2104,8,58300,True,True,True,False
wifib|device=8|capture=23Jan|frame=2664|row=2135,8,58331,True,True,True,False
wifib|device=8|capture=23Jan|frame=2411|row=1925,8,58121,True,True,True,False
wifib|device=8|capture=23Jan|frame=2550|row=2043,8,58239,True,True,True,False
wifib|device=8|capture=23Jan|frame=2231|row=1777,8,57973,True,True,True,False
wifib|device=8|capture=23Jan|frame=2434|row=1946,8,58142,True,True,True,False
wifib|device=8|capture=23Jan|frame=2679|row=2148,8,58344,True,True,True,False
wifib|device=8|capture=23Jan|frame=2202|row=1754,8,57950,True,True,True,False
wifib|device=8|capture=23Jan|frame=2327|row=1855,8,58051,True,True,True,False
wifib|device=8|capture=23Jan|frame=2368|row=1888,8,58084,True,True,True,False
wifib|device=8|capture=23Jan|frame=2506|row=2005,8,58201,True,True,True,False
wifib|device=8|capture=23Jan|frame=2545|row=2038,8,58234,True,True,True,False
wifib|device=8|capture=23Jan|frame=2374|row=1892,8,58088,True,True,True,False
wifib|device=8|capture=23Jan|frame=2400|row=1918,8,58114,True,True,True,False
wifib|device=8|capture=23Jan|frame=2323|row=1851,8,58047,True,True,True,False
wifib|device=8|capture=23Jan|frame=2375|row=1893,8,58089,True,True,True,False
wifib|device=8|capture=23Jan|frame=2649|row=2122,8,58318,True,True,True,False
wifib|device=8|capture=23Jan|frame=2513|row=2010,8,58206,True,True,True,False
wifib|device=8|capture=23Jan|frame=2218|row=1764,8,57960,True,True,True,False
wifib|device=8|capture=23Jan|frame=2356|row=1878,8,58074,True,True,True,False
wifib|device=8|capture=23Jan|frame=2429|row=1941,8,58137,True,True,True,False
wifib|device=8|capture=23Jan|frame=2605|row=2090,8,58286,True,True,True,False
wifib|device=8|capture=23Jan|frame=2484|row=1983,8,58179,True,True,True,False
wifib|device=8|capture=23Jan|frame=2331|row=1857,8,58053,True,True,True,False
wifib|device=8|capture=23Jan|frame=2548|row=2041,8,58237,True,True,True,False
wifib|device=8|capture=23Jan|frame=2715|row=2178,8,58374,True,True,True,False
wifib|device=8|capture=23Jan|frame=2308|row=1838,8,58034,True,True,True,False
wifib|device=8|capture=23Jan|frame=2376|row=1894,8,58090,True,True,True,False
wifib|device=8|capture=23Jan|frame=2438|row=1950,8,58146,True,True,True,False
wifib|device=8|capture=23Jan|frame=2355|row=1877,8,58073,True,True,True,False
wifib|device=8|capture=23Jan|frame=2247|row=1791,8,57987,True,True,True,False
wifib|device=8|capture=23Jan|frame=2326|row=1854,8,58050,True,True,True,False
wifib|device=8|capture=23Jan|frame=2382|row=1900,8,58096,True,True,True,False
wifib|device=8|capture=23Jan|frame=2689|row=2158,8,58354,True,True,True,False
wifib|device=8|capture=23Jan|frame=2284|row=1820,8,58016,True,True,True,False
wifib|device=8|capture=23Jan|frame=2384|row=1902,8,58098,True,True,True,False
wifib|device=8|capture=23Jan|frame=2740|row=2195,8,58391,True,True,True,False
wifib|device=8|capture=23Jan|frame=2681|row=2150,8,58346,True,True,True,False
wifib|device=8|capture=23Jan|frame=2478|row=1979,8,58175,True,True,True,False
wifib|device=8|capture=23Jan|frame=2581|row=2070,8,58266,True,True,True,False
wifib|device=8|capture=23Jan|frame=2497|row=1996,8,58192,True,True,True,False
wifib|device=8|capture=23Jan|frame=2388|row=1906,8,58102,True,True,True,False
wifib|device=8|capture=23Jan|frame=2766|row=2213,8,58409,True,True,True,False
wifib|device=8|capture=23Jan|frame=2192|row=1748,8,57944,True,True,True,False
wifib|device=8|capture=23Jan|frame=2297|row=1833,8,58029,True,True,True,False
wifib|device=8|capture=23Jan|frame=2531|row=2026,8,58222,True,True,True,False
wifib|device=8|capture=23Jan|frame=2527|row=2024,8,58220,True,True,True,False
wifib|device=8|capture=23Jan|frame=2332|row=1858,8,58054,True,True,True,False
wifib|device=8|capture=23Jan|frame=2592|row=2079,8,58275,True,True,True,False
wifib|device=8|capture=23Jan|frame=2310|row=1840,8,58036,True,True,True,False
wifib|device=8|capture=23Jan|frame=2276|row=1816,8,58012,True,True,True,False
wifib|device=8|capture=23Jan|frame=2439|row=1951,8,58147,True,True,True,False
wifib|device=8|capture=23Jan|frame=2260|row=1802,8,57998,True,True,True,False
wifib|device=8|capture=23Jan|frame=2590|row=2077,8,58273,True,True,True,False
wifib|device=8|capture=23Jan|frame=2476|row=1977,8,58173,True,True,True,False
wifib|device=8|capture=23Jan|frame=2673|row=2142,8,58338,True,True,True,False
wifib|device=8|capture=23Jan|frame=2712|row=2175,8,58371,True,True,True,False
wifib|device=8|capture=23Jan|frame=2536|row=2031,8,58227,True,True,True,False
wifib|device=8|capture=23Jan|frame=2257|row=1799,8,57995,True,True,True,False
wifib|device=8|capture=23Jan|frame=2349|row=1871,8,58067,True,True,True,False
wifib|device=8|capture=23Jan|frame=2277|row=1817,8,58013,True,True,True,False
wifib|device=8|capture=23Jan|frame=2373|row=1891,8,58087,True,True,True,False
wifib|device=8|capture=23Jan|frame=2528|row=2025,8,58221,True,True,True,False
wifib|device=8|capture=23Jan|frame=2502|row=2001,8,58197,True,True,True,False
wifib|device=8|capture=23Jan|frame=2522|row=2019,8,58215,True,True,True,False
wifib|device=8|capture=23Jan|frame=2495|row=1994,8,58190,True,True,True,False
wifib|device=8|capture=23Jan|frame=2287|row=1823,8,58019,True,True,True,False
wifib|device=8|capture=23Jan|frame=2616|row=2101,8,58297,True,True,True,False
wifib|device=8|capture=23Jan|frame=2565|row=2058,8,58254,True,True,True,False
wifib|device=10|capture=23Jan|frame=2578|row=2160,10,5662,True,True,True,True
wifib|device=10|capture=23Jan|frame=2551|row=2140,10,5642,True,True,True,True
wifib|device=10|capture=23Jan|frame=2636|row=2204,10,5706,True,True,True,True
wifib|device=10|capture=23Jan|frame=2666|row=2230,10,5732,True,True,True,True
wifib|device=10|capture=23Jan|frame=2724|row=2280,10,5782,True,True,True,True
wifib|device=10|capture=23Jan|frame=2655|row=2221,10,5723,True,True,True,True
wifib|device=10|capture=23Jan|frame=2336|row=1964,10,5466,True,True,True,True
wifib|device=10|capture=23Jan|frame=2653|row=2219,10,5721,True,True,True,True
wifib|device=10|capture=23Jan|frame=2589|row=2169,10,5671,True,True,True,True
wifib|device=10|capture=23Jan|frame=2669|row=2233,10,5735,True,True,True,True
wifib|device=10|capture=23Jan|frame=2598|row=2178,10,5680,True,True,True,False
wifib|device=10|capture=23Jan|frame=2184|row=1838,10,5340,True,True,True,False
wifib|device=10|capture=23Jan|frame=2373|row=1999,10,5501,True,True,True,False
wifib|device=10|capture=23Jan|frame=2568|row=2155,10,5657,True,True,True,False
wifib|device=10|capture=23Jan|frame=2427|row=2045,10,5547,True,True,True,False
wifib|device=10|capture=23Jan|frame=2375|row=2001,10,5503,True,True,True,False
wifib|device=10|capture=23Jan|frame=2207|row=1855,10,5357,True,True,True,False
wifib|device=10|capture=23Jan|frame=2556|row=2145,10,5647,True,True,True,False
wifib|device=10|capture=23Jan|frame=2247|row=1889,10,5391,True,True,True,False
wifib|device=10|capture=23Jan|frame=2251|row=1893,10,5395,True,True,True,False
wifib|device=10|capture=23Jan|frame=2153|row=1811,10,5313,True,True,True,False
wifib|device=10|capture=23Jan|frame=2715|row=2273,10,5775,True,True,True,False
wifib|device=10|capture=23Jan|frame=2554|row=2143,10,5645,True,True,True,False
wifib|device=10|capture=23Jan|frame=2579|row=2161,10,5663,True,True,True,False
wifib|device=10|capture=23Jan|frame=2673|row=2235,10,5737,True,True,True,False
wifib|device=10|capture=23Jan|frame=2524|row=2121,10,5623,True,True,True,False
wifib|device=10|capture=23Jan|frame=2121|row=1787,10,5289,True,True,True,False
wifib|device=10|capture=23Jan|frame=2641|row=2209,10,5711,True,True,True,False
wifib|device=10|capture=23Jan|frame=2389|row=2015,10,5517,True,True,True,False
wifib|device=10|capture=23Jan|frame=2308|row=1938,10,5440,True,True,True,False
wifib|device=10|capture=23Jan|frame=2294|row=1926,10,5428,True,True,True,False
wifib|device=10|capture=23Jan|frame=2143|row=1803,10,5305,True,True,True,False
wifib|device=10|capture=23Jan|frame=2656|row=2222,10,5724,True,True,True,False
wifib|device=10|capture=23Jan|frame=2166|row=1820,10,5322,True,True,True,False
wifib|device=10|capture=23Jan|frame=2680|row=2240,10,5742,True,True,True,False
wifib|device=10|capture=23Jan|frame=2350|row=1978,10,5480,True,True,True,False
wifib|device=10|capture=23Jan|frame=2155|row=1813,10,5315,True,True,True,False
wifib|device=10|capture=23Jan|frame=2496|row=2097,10,5599,True,True,True,False
wifib|device=10|capture=23Jan|frame=2135|row=1797,10,5299,True,True,True,False
wifib|device=10|capture=23Jan|frame=2313|row=1943,10,5445,True,True,True,False
wifib|device=10|capture=23Jan|frame=2706|row=2264,10,5766,True,True,True,False
wifib|device=10|capture=23Jan|frame=2386|row=2012,10,5514,True,True,True,False
wifib|device=10|capture=23Jan|frame=2141|row=1801,10,5303,True,True,True,False
wifib|device=10|capture=23Jan|frame=2692|row=2252,10,5754,True,True,True,False
wifib|device=10|capture=23Jan|frame=2663|row=2227,10,5729,True,True,True,False
wifib|device=10|capture=23Jan|frame=2303|row=1933,10,5435,True,True,True,False
wifib|device=10|capture=23Jan|frame=2548|row=2137,10,5639,True,True,True,False
wifib|device=10|capture=23Jan|frame=2521|row=2118,10,5620,True,True,True,False
wifib|device=10|capture=23Jan|frame=2402|row=2026,10,5528,True,True,True,False
wifib|device=10|capture=23Jan|frame=2380|row=2006,10,5508,True,True,True,False
wifib|device=10|capture=23Jan|frame=2130|row=1794,10,5296,True,True,True,False
wifib|device=10|capture=23Jan|frame=2452|row=2063,10,5565,True,True,True,False
wifib|device=10|capture=23Jan|frame=2363|row=1991,10,5493,True,True,True,False
wifib|device=10|capture=23Jan|frame=2642|row=2210,10,5712,True,True,True,False
wifib|device=10|capture=23Jan|frame=2674|row=2236,10,5738,True,True,True,False
wifib|device=10|capture=23Jan|frame=2522|row=2119,10,5621,True,True,True,False
wifib|device=10|capture=23Jan|frame=2198|row=1850,10,5352,True,True,True,False
wifib|device=10|capture=23Jan|frame=2532|row=2125,10,5627,True,True,True,False
wifib|device=10|capture=23Jan|frame=2333|row=1961,10,5463,True,True,True,False
wifib|device=10|capture=23Jan|frame=2285|row=1917,10,5419,True,True,True,False
wifib|device=10|capture=23Jan|frame=2244|row=1886,10,5388,False,True,False,False
wifib|device=10|capture=23Jan|frame=2281|row=1913,10,5415,True,True,True,False
wifib|device=10|capture=23Jan|frame=2140|row=1800,10,5302,False,True,False,False
wifib|device=10|capture=23Jan|frame=2359|row=1987,10,5489,True,True,True,False
wifib|device=10|capture=23Jan|frame=2553|row=2142,10,5644,True,True,True,False
wifib|device=10|capture=23Jan|frame=2265|row=1903,10,5405,True,True,True,False
wifib|device=10|capture=23Jan|frame=2289|row=1921,10,5423,True,True,True,False
wifib|device=10|capture=23Jan|frame=2705|row=2263,10,5765,True,True,True,False
wifib|device=10|capture=23Jan|frame=2407|row=2029,10,5531,True,True,True,False
wifib|device=10|capture=23Jan|frame=2620|row=2194,10,5696,True,True,True,False
wifib|device=10|capture=23Jan|frame=2458|row=2067,10,5569,True,True,True,False
wifib|device=10|capture=23Jan|frame=2331|row=1959,10,5461,True,True,True,False
wifib|device=10|capture=23Jan|frame=2329|row=1957,10,5459,True,True,True,False
wifib|device=10|capture=23Jan|frame=2167|row=1821,10,5323,True,True,True,False
wifib|device=10|capture=23Jan|frame=2486|row=2089,10,5591,True,True,True,False
wifib|device=10|capture=23Jan|frame=2714|row=2272,10,5774,True,True,True,False
wifib|device=10|capture=23Jan|frame=2520|row=2117,10,5619,True,True,True,False
wifib|device=10|capture=23Jan|frame=2507|row=2108,10,5610,True,True,True,False
wifib|device=10|capture=23Jan|frame=2365|row=1993,10,5495,True,True,True,False
wifib|device=10|capture=23Jan|frame=2451|row=2062,10,5564,True,True,True,False
wifib|device=10|capture=23Jan|frame=2177|row=1831,10,5333,True,True,True,False
wifib|device=10|capture=23Jan|frame=2392|row=2018,10,5520,True,True,True,False
wifib|device=10|capture=23Jan|frame=2195|row=1847,10,5349,True,True,True,False
wifib|device=10|capture=23Jan|frame=2383|row=2009,10,5511,True,True,True,False
wifib|device=10|capture=23Jan|frame=2390|row=2016,10,5518,True,True,True,False
wifib|device=10|capture=23Jan|frame=2223|row=1867,10,5369,True,True,True,False
wifib|device=10|capture=23Jan|frame=2126|row=1792,10,5294,True,True,True,False
wifib|device=10|capture=23Jan|frame=2477|row=2082,10,5584,True,True,True,False
wifib|device=10|capture=23Jan|frame=2382|row=2008,10,5510,True,True,True,False
wifib|device=10|capture=23Jan|frame=2558|row=2147,10,5649,True,True,True,False
wifib|device=10|capture=23Jan|frame=2418|row=2038,10,5540,True,True,True,False
wifib|device=10|capture=23Jan|frame=2708|row=2266,10,5768,True,True,True,False
wifib|device=10|capture=23Jan|frame=2290|row=1922,10,5424,True,True,True,False
wifib|device=10|capture=23Jan|frame=2539|row=2128,10,5630,True,True,True,False
wifib|device=10|capture=23Jan|frame=2628|row=2198,10,5700,True,True,True,False
wifib|device=10|capture=23Jan|frame=2508|row=2109,10,5611,True,True,True,False
wifib|device=10|capture=23Jan|frame=2586|row=2166,10,5668,True,True,True,False
wifib|device=10|capture=23Jan|frame=2627|row=2197,10,5699,True,True,True,False
wifib|device=10|capture=23Jan|frame=2131|row=1795,10,5297,True,True,True,False
wifib|device=10|capture=23Jan|frame=2543|row=2132,10,5634,True,True,True,False
wifib|device=10|capture=23Jan|frame=2440|row=2055,10,5557,True,True,True,False
wifib|device=10|capture=23Jan|frame=2221|row=1865,10,5367,True,True,True,False
wifib|device=10|capture=23Jan|frame=2596|row=2176,10,5678,True,True,True,False
wifib|device=10|capture=23Jan|frame=2196|row=1848,10,5350,True,True,True,False
wifib|device=10|capture=23Jan|frame=2618|row=2192,10,5694,True,True,True,False
wifib|device=10|capture=23Jan|frame=2124|row=1790,10,5292,True,True,True,False
wifib|device=10|capture=23Jan|frame=2304|row=1934,10,5436,True,True,True,False
wifib|device=10|capture=23Jan|frame=2592|row=2172,10,5674,True,True,True,False
wifib|device=10|capture=23Jan|frame=2246|row=1888,10,5390,True,True,True,False
wifib|device=10|capture=23Jan|frame=2626|row=2196,10,5698,True,True,True,False
wifib|device=10|capture=23Jan|frame=2235|row=1877,10,5379,True,True,True,False
wifib|device=10|capture=23Jan|frame=2523|row=2120,10,5622,True,True,True,False
wifib|device=10|capture=23Jan|frame=2417|row=2037,10,5539,True,True,True,False
wifib|device=10|capture=23Jan|frame=2683|row=2243,10,5745,True,True,True,False
wifib|device=10|capture=23Jan|frame=2632|row=2200,10,5702,True,True,True,False
wifib|device=10|capture=23Jan|frame=2638|row=2206,10,5708,True,True,True,False
wifib|device=10|capture=23Jan|frame=2505|row=2106,10,5608,True,True,True,False
wifib|device=10|capture=23Jan|frame=2261|row=1901,10,5403,True,True,True,False
wifib|device=10|capture=23Jan|frame=2171|row=1825,10,5327,True,True,True,False
wifib|device=10|capture=23Jan|frame=2356|row=1984,10,5486,True,True,True,False
wifib|device=10|capture=23Jan|frame=2562|row=2151,10,5653,True,True,True,False
wifib|device=10|capture=23Jan|frame=2576|row=2158,10,5660,True,True,True,False
wifib|device=10|capture=23Jan|frame=2696|row=2256,10,5758,True,True,True,False
wifib|device=10|capture=23Jan|frame=2163|row=1817,10,5319,False,True,False,False
wifib|device=10|capture=23Jan|frame=2165|row=1819,10,5321,True,True,True,False
wifib|device=10|capture=23Jan|frame=2414|row=2034,10,5536,True,True,True,False
wifib|device=10|capture=23Jan|frame=2397|row=2023,10,5525,True,True,True,False
wifib|device=10|capture=23Jan|frame=2216|row=1862,10,5364,True,True,True,False
wifib|device=10|capture=23Jan|frame=2151|row=1809,10,5311,True,True,True,False
wifib|device=10|capture=23Jan|frame=2686|row=2246,10,5748,True,True,True,False
wifib|device=10|capture=23Jan|frame=2188|row=1842,10,5344,True,True,True,False
wifib|device=10|capture=23Jan|frame=2718|row=2276,10,5778,True,True,True,False
wifib|device=10|capture=23Jan|frame=2217|row=1863,10,5365,True,True,True,False
wifib|device=10|capture=23Jan|frame=2278|row=1910,10,5412,True,True,True,False
wifib|device=10|capture=23Jan|frame=2502|row=2103,10,5605,True,True,True,False
wifib|device=10|capture=23Jan|frame=2123|row=1789,10,5291,True,True,True,False
wifib|device=10|capture=23Jan|frame=2617|row=2191,10,5693,True,True,True,False
wifib|device=10|capture=23Jan|frame=2347|row=1975,10,5477,True,True,True,False
wifib|device=10|capture=23Jan|frame=2148|row=1808,10,5310,True,True,True,False
wifib|device=10|capture=23Jan|frame=2321|row=1951,10,5453,True,True,True,False
wifib|device=10|capture=23Jan|frame=2580|row=2162,10,5664,False,True,False,False
wifib|device=10|capture=23Jan|frame=2369|row=1995,10,5497,True,True,True,False
wifib|device=10|capture=23Jan|frame=2481|row=2084,10,5586,True,True,True,False
wifib|device=10|capture=23Jan|frame=2287|row=1919,10,5421,True,True,True,False
wifib|device=10|capture=23Jan|frame=2726|row=2282,10,5784,True,True,True,False
wifib|device=10|capture=23Jan|frame=2709|row=2267,10,5769,True,True,True,False
wifib|device=10|capture=23Jan|frame=2182|row=1836,10,5338,True,True,True,False
wifib|device=10|capture=23Jan|frame=2478|row=2083,10,5585,True,True,True,False
wifib|device=10|capture=23Jan|frame=2475|row=2080,10,5582,True,True,True,False
wifib|device=10|capture=23Jan|frame=2330|row=1958,10,5460,True,True,True,False
wifib|device=10|capture=23Jan|frame=2681|row=2241,10,5743,True,True,True,False
wifib|device=10|capture=23Jan|frame=2314|row=1944,10,5446,True,True,True,False
wifib|device=10|capture=23Jan|frame=2700|row=2260,10,5762,True,True,True,False
wifib|device=10|capture=23Jan|frame=2430|row=2047,10,5549,True,True,True,False
wifib|device=10|capture=23Jan|frame=2473|row=2078,10,5580,True,True,True,False
wifib|device=10|capture=23Jan|frame=2569|row=2156,10,5658,True,True,True,False
wifib|device=10|capture=23Jan|frame=2309|row=1939,10,5441,True,True,True,False
wifib|device=10|capture=23Jan|frame=2189|row=1843,10,5345,False,True,False,False
wifib|device=10|capture=23Jan|frame=2271|row=1905,10,5407,True,True,True,False
wifib|device=10|capture=23Jan|frame=2559|row=2148,10,5650,True,True,True,False
wifib|device=10|capture=23Jan|frame=2256|row=1898,10,5400,False,True,False,False
wifib|device=10|capture=23Jan|frame=2461|row=2070,10,5572,True,True,True,False
wifib|device=10|capture=23Jan|frame=2455|row=2064,10,5566,True,True,True,False
wifib|device=10|capture=23Jan|frame=2445|row=2058,10,5560,True,True,True,False
wifib|device=10|capture=23Jan|frame=2437|row=2052,10,5554,True,True,True,False
wifib|device=10|capture=23Jan|frame=2274|row=1906,10,5408,True,True,True,False
wifib|device=10|capture=23Jan|frame=2292|row=1924,10,5426,True,True,True,False
wifib|device=10|capture=23Jan|frame=2372|row=1998,10,5500,True,True,True,False
wifib|device=10|capture=23Jan|frame=2684|row=2244,10,5746,True,True,True,False
wifib|device=10|capture=23Jan|frame=2175|row=1829,10,5331,True,True,True,False
wifib|device=10|capture=23Jan|frame=2489|row=2092,10,5594,True,True,True,False
wifib|device=10|capture=23Jan|frame=2170|row=1824,10,5326,True,True,True,False
wifib|device=10|capture=23Jan|frame=2339|row=1967,10,5469,True,True,True,False
wifib|device=10|capture=23Jan|frame=2597|row=2177,10,5679,True,True,True,False
wifib|device=10|capture=23Jan|frame=2349|row=1977,10,5479,True,True,True,False
wifib|device=10|capture=23Jan|frame=2629|row=2199,10,5701,True,True,True,False
wifib|device=10|capture=23Jan|frame=2384|row=2010,10,5512,True,True,True,False
wifib|device=10|capture=23Jan|frame=2457|row=2066,10,5568,True,True,True,False
wifib|device=10|capture=23Jan|frame=2264|row=1902,10,5404,True,True,True,False
wifib|device=10|capture=23Jan|frame=2370|row=1996,10,5498,True,True,True,False
wifib|device=10|capture=23Jan|frame=2679|row=2239,10,5741,True,True,True,False
wifib|device=10|capture=23Jan|frame=2541|row=2130,10,5632,True,True,True,False
wifib|device=10|capture=23Jan|frame=2525|row=2122,10,5624,True,True,True,False
wifib|device=10|capture=23Jan|frame=2512|row=2111,10,5613,True,True,True,False
wifib|device=10|capture=23Jan|frame=2506|row=2107,10,5609,True,True,True,False
wifib|device=10|capture=23Jan|frame=2337|row=1965,10,5467,True,True,True,False
wifib|device=10|capture=23Jan|frame=2231|row=1873,10,5375,True,True,True,False
wifib|device=10|capture=23Jan|frame=2233|row=1875,10,5377,True,True,True,False
wifib|device=10|capture=23Jan|frame=2179|row=1833,10,5335,True,True,True,False
wifib|device=10|capture=23Jan|frame=2545|row=2134,10,5636,True,True,True,False
wifib|device=10|capture=23Jan|frame=2456|row=2065,10,5567,True,True,True,False
wifib|device=10|capture=23Jan|frame=2689|row=2249,10,5751,True,True,True,False
wifib|device=10|capture=23Jan|frame=2594|row=2174,10,5676,True,True,True,False
wifib|device=10|capture=23Jan|frame=2467|row=2074,10,5576,True,True,True,False
wifib|device=10|capture=23Jan|frame=2215|row=1861,10,5363,True,True,True,False
wifib|device=10|capture=23Jan|frame=2185|row=1839,10,5341,True,True,True,False
wifib|device=10|capture=23Jan|frame=2352|row=1980,10,5482,True,True,True,False
wifib|device=10|capture=23Jan|frame=2206|row=1854,10,5356,False,True,False,False
wifib|device=10|capture=23Jan|frame=2257|row=1899,10,5401,True,True,True,False
wifib|device=10|capture=23Jan|frame=2311|row=1941,10,5443,True,True,True,False
wifib|device=10|capture=23Jan|frame=2344|row=1972,10,5474,True,True,True,False
wifib|device=10|capture=23Jan|frame=2447|row=2060,10,5562,True,True,True,False
wifib|device=10|capture=23Jan|frame=2588|row=2168,10,5670,True,True,True,False
wifib|device=10|capture=23Jan|frame=2672|row=2234,10,5736,True,True,True,False
wifib|device=10|capture=23Jan|frame=2533|row=2126,10,5628,True,True,True,False
wifib|device=10|capture=23Jan|frame=2419|row=2039,10,5541,True,True,True,False
wifib|device=10|capture=23Jan|frame=2214|row=1860,10,5362,True,True,True,False
wifib|device=10|capture=23Jan|frame=2322|row=1952,10,5454,True,True,True,False
wifib|device=10|capture=23Jan|frame=2323|row=1953,10,5455,True,True,True,False
wifib|device=10|capture=23Jan|frame=2279|row=1911,10,5413,True,True,True,False
wifib|device=10|capture=23Jan|frame=2232|row=1874,10,5376,True,True,True,False
wifib|device=10|capture=23Jan|frame=2711|row=2269,10,5771,True,True,True,False
wifib|device=10|capture=23Jan|frame=2426|row=2044,10,5546,True,True,True,False
wifib|device=10|capture=23Jan|frame=2401|row=2025,10,5527,False,True,False,False
wifib|device=10|capture=23Jan|frame=2139|row=1799,10,5301,True,True,True,False
wifib|device=10|capture=23Jan|frame=2499|row=2100,10,5602,True,True,True,False
wifib|device=10|capture=23Jan|frame=2280|row=1912,10,5414,True,True,True,False
wifib|device=10|capture=23Jan|frame=2625|row=2195,10,5697,True,True,True,False
wifib|device=10|capture=23Jan|frame=2701|row=2261,10,5763,True,True,True,False
wifib|device=10|capture=23Jan|frame=2595|row=2175,10,5677,True,True,True,False
wifib|device=10|capture=23Jan|frame=2268|row=1904,10,5406,True,True,True,False
wifib|device=10|capture=23Jan|frame=2283|row=1915,10,5417,True,True,True,False
wifib|device=10|capture=23Jan|frame=2688|row=2248,10,5750,True,True,True,False
wifib|device=10|capture=23Jan|frame=2497|row=2098,10,5600,True,True,True,False
wifib|device=10|capture=23Jan|frame=2276|row=1908,10,5410,True,True,True,False
wifib|device=10|capture=23Jan|frame=2408|row=2030,10,5532,True,True,True,False
wifib|device=10|capture=23Jan|frame=2466|row=2073,10,5575,True,True,True,False
wifib|device=10|capture=23Jan|frame=2570|row=2157,10,5659,True,True,True,False
wifib|device=10|capture=23Jan|frame=2194|row=1846,10,5348,False,True,False,False
wifib|device=10|capture=23Jan|frame=2540|row=2129,10,5631,True,True,True,False
wifib|device=10|capture=23Jan|frame=2474|row=2079,10,5581,True,True,True,False
wifib|device=10|capture=23Jan|frame=2713|row=2271,10,5773,False,False,False,False
wifib|device=10|capture=23Jan|frame=2599|row=2179,10,5681,True,True,True,False
wifib|device=10|capture=23Jan|frame=2248|row=1890,10,5392,True,True,True,False
wifib|device=10|capture=23Jan|frame=2310|row=1940,10,5442,True,True,True,False
wifib|device=10|capture=23Jan|frame=2436|row=2051,10,5553,True,True,True,False
wifib|device=10|capture=23Jan|frame=2664|row=2228,10,5730,True,True,True,False
wifib|device=10|capture=23Jan|frame=2255|row=1897,10,5399,True,True,True,False
wifib|device=10|capture=23Jan|frame=2654|row=2220,10,5722,True,True,True,False
wifib|device=10|capture=23Jan|frame=2125|row=1791,10,5293,True,True,True,False
wifib|device=10|capture=23Jan|frame=2488|row=2091,10,5593,True,True,True,False
wifib|device=10|capture=23Jan|frame=2353|row=1981,10,5483,True,True,True,False
wifib|device=10|capture=23Jan|frame=2348|row=1976,10,5478,False,True,False,False
wifib|device=10|capture=23Jan|frame=2694|row=2254,10,5756,True,True,True,False
wifib|device=10|capture=23Jan|frame=2286|row=1918,10,5420,True,True,True,False
wifib|device=10|capture=23Jan|frame=2377|row=2003,10,5505,True,True,True,False
wifib|device=10|capture=23Jan|frame=2501|row=2102,10,5604,True,True,True,False
wifib|device=10|capture=23Jan|frame=2640|row=2208,10,5710,True,True,True,False
wifib|device=10|capture=23Jan|frame=2376|row=2002,10,5504,True,True,True,False
wifib|device=10|capture=23Jan|frame=2450|row=2061,10,5563,True,True,True,False
wifib|device=10|capture=23Jan|frame=2420|row=2040,10,5542,True,True,True,False
wifib|device=10|capture=23Jan|frame=2362|row=1990,10,5492,True,True,True,False
wifib|device=10|capture=23Jan|frame=2379|row=2005,10,5507,False,True,False,False
wifib|device=10|capture=23Jan|frame=2134|row=1796,10,5298,True,True,True,False
wifib|device=10|capture=23Jan|frame=2295|row=1927,10,5429,True,True,True,False
wifib|device=10|capture=23Jan|frame=2494|row=2095,10,5597,True,True,True,False
wifib|device=10|capture=23Jan|frame=2511|row=2110,10,5612,True,True,True,False
wifib|device=10|capture=23Jan|frame=2444|row=2057,10,5559,False,True,False,False
wifib|device=10|capture=23Jan|frame=2122|row=1788,10,5290,True,True,True,False
wifib|device=10|capture=23Jan|frame=2464|row=2071,10,5573,True,True,True,False
wifib|device=10|capture=23Jan|frame=2176|row=1830,10,5332,True,True,True,False
wifib|device=10|capture=23Jan|frame=2424|row=2042,10,5544,True,True,True,False
wifib|device=10|capture=23Jan|frame=2218|row=1864,10,5366,True,True,True,False
wifib|device=10|capture=23Jan|frame=2357|row=1985,10,5487,True,True,True,False
wifib|device=10|capture=23Jan|frame=2306|row=1936,10,5438,True,True,True,False
wifib|device=10|capture=23Jan|frame=2485|row=2088,10,5590,True,True,True,False
wifib|device=10|capture=23Jan|frame=2717|row=2275,10,5777,True,True,True,False
wifib|device=10|capture=23Jan|frame=2343|row=1971,10,5473,True,True,True,False
wifib|device=10|capture=23Jan|frame=2413|row=2033,10,5535,True,True,True,False
wifib|device=10|capture=23Jan|frame=2230|row=1872,10,5374,True,True,True,False
wifib|device=10|capture=23Jan|frame=2526|row=2123,10,5625,True,True,True,False
wifib|device=10|capture=23Jan|frame=2616|row=2190,10,5692,True,True,True,False
wifib|device=10|capture=23Jan|frame=2316|row=1946,10,5448,True,True,True,False
wifib|device=10|capture=23Jan|frame=2328|row=1956,10,5458,True,True,True,False
wifib|device=10|capture=23Jan|frame=2504|row=2105,10,5607,True,True,True,False
wifib|device=10|capture=23Jan|frame=2699|row=2259,10,5761,True,True,True,False
wifib|device=10|capture=23Jan|frame=2603|row=2181,10,5683,True,True,True,False
wifib|device=10|capture=23Jan|frame=2634|row=2202,10,5704,True,True,True,False
wifib|device=10|capture=23Jan|frame=2555|row=2144,10,5646,True,True,True,False
wifib|device=10|capture=23Jan|frame=2484|row=2087,10,5589,True,True,True,False
wifib|device=10|capture=23Jan|frame=2465|row=2072,10,5574,True,True,True,False
wifib|device=10|capture=23Jan|frame=2649|row=2215,10,5717,True,True,True,False
wifib|device=10|capture=23Jan|frame=2315|row=1945,10,5447,True,True,True,False
wifib|device=10|capture=23Jan|frame=2136|row=1798,10,5300,True,True,True,False
wifib|device=10|capture=23Jan|frame=2707|row=2265,10,5767,True,True,True,False
wifib|device=10|capture=23Jan|frame=2613|row=2189,10,5691,True,True,True,False
wifib|device=10|capture=23Jan|frame=2619|row=2193,10,5695,True,True,True,False
wifib|device=10|capture=23Jan|frame=2250|row=1892,10,5394,True,True,True,False
wifib|device=10|capture=23Jan|frame=2439|row=2054,10,5556,True,True,True,False
wifib|device=10|capture=23Jan|frame=2224|row=1868,10,5370,True,True,True,False
wifib|device=10|capture=23Jan|frame=2371|row=1997,10,5499,True,True,True,False
wifib|device=10|capture=23Jan|frame=2564|row=2153,10,5655,True,True,True,False
wifib|device=10|capture=23Jan|frame=2720|row=2278,10,5780,True,True,True,False
wifib|device=10|capture=23Jan|frame=2338|row=1966,10,5468,True,True,True,False
wifib|device=10|capture=23Jan|frame=2334|row=1962,10,5464,True,True,True,False
wifib|device=10|capture=23Jan|frame=2529|row=2124,10,5626,True,True,True,False
wifib|device=10|capture=23Jan|frame=2368|row=1994,10,5496,True,True,True,False
wifib|device=10|capture=23Jan|frame=2305|row=1935,10,5437,True,True,True,False
wifib|device=10|capture=23Jan|frame=2460|row=2069,10,5571,True,True,True,False
wifib|device=10|capture=23Jan|frame=2536|row=2127,10,5629,True,True,True,False
wifib|device=10|capture=23Jan|frame=2602|row=2180,10,5682,True,True,True,False
wifib|device=10|capture=23Jan|frame=2441|row=2056,10,5558,True,True,True,False
wifib|device=10|capture=23Jan|frame=2387|row=2013,10,5515,True,True,True,False
wifib|device=10|capture=23Jan|frame=2645|row=2213,10,5715,True,True,True,False
wifib|device=10|capture=23Jan|frame=2355|row=1983,10,5485,True,True,True,False
wifib|device=10|capture=23Jan|frame=2513|row=2112,10,5614,True,True,True,False
wifib|device=10|capture=23Jan|frame=2127|row=1793,10,5295,True,True,True,False
wifib|device=10|capture=23Jan|frame=2544|row=2133,10,5635,True,True,True,False
wifib|device=10|capture=23Jan|frame=2319|row=1949,10,5451,True,True,True,False
wifib|device=10|capture=23Jan|frame=2199|row=1851,10,5353,True,True,True,False
wifib|device=10|capture=23Jan|frame=2200|row=1852,10,5354,True,True,True,False
wifib|device=10|capture=23Jan|frame=2396|row=2022,10,5524,True,True,True,False
wifib|device=10|capture=23Jan|frame=2354|row=1982,10,5484,True,True,True,False
wifib|device=10|capture=23Jan|frame=2607|row=2183,10,5685,True,True,True,False
wifib|device=10|capture=23Jan|frame=2398|row=2024,10,5526,True,True,True,False
wifib|device=10|capture=23Jan|frame=2606|row=2182,10,5684,False,True,False,False
wifib|device=10|capture=23Jan|frame=2342|row=1970,10,5472,True,True,True,False
wifib|device=10|capture=23Jan|frame=2241|row=1883,10,5385,True,True,True,False
wifib|device=10|capture=23Jan|frame=2145|row=1805,10,5307,True,True,True,False
wifib|device=10|capture=23Jan|frame=2685|row=2245,10,5747,True,True,True,False
wifib|device=10|capture=23Jan|frame=2425|row=2043,10,5545,True,True,True,False
wifib|device=10|capture=23Jan|frame=2643|row=2211,10,5713,True,True,True,False
wifib|device=10|capture=23Jan|frame=2186|row=1840,10,5342,True,True,True,False
wifib|device=10|capture=23Jan|frame=2335|row=1963,10,5465,True,True,True,False
wifib|device=10|capture=23Jan|frame=2659|row=2223,10,5725,True,True,True,False
wifib|device=10|capture=23Jan|frame=2312|row=1942,10,5444,True,True,True,False
wifib|device=10|capture=23Jan|frame=2648|row=2214,10,5716,True,True,True,False
wifib|device=10|capture=23Jan|frame=2193|row=1845,10,5347,True,True,True,False
wifib|device=10|capture=23Jan|frame=2172|row=1826,10,5328,True,True,True,False
wifib|device=10|capture=23Jan|frame=2403|row=2027,10,5529,True,True,True,False
wifib|device=11|capture=23Jan|frame=2724|row=2390,11,9202,False,True,False,False
wifib|device=11|capture=23Jan|frame=2209|row=1936,11,8748,False,True,False,False
wifib|device=11|capture=23Jan|frame=2188|row=1917,11,8729,False,True,False,False
wifib|device=11|capture=23Jan|frame=2370|row=2077,11,8889,True,True,True,True
wifib|device=11|capture=23Jan|frame=2473|row=2168,11,8980,True,True,True,True
wifib|device=11|capture=23Jan|frame=2472|row=2167,11,8979,False,True,False,False
wifib|device=11|capture=23Jan|frame=2654|row=2322,11,9134,False,True,False,False
wifib|device=11|capture=23Jan|frame=2446|row=2145,11,8957,True,True,True,True
wifib|device=11|capture=23Jan|frame=2262|row=1987,11,8799,True,True,True,True
wifib|device=11|capture=23Jan|frame=2237|row=1962,11,8774,False,True,False,False
wifib|device=11|capture=23Jan|frame=2481|row=2174,11,8986,True,True,True,True
wifib|device=11|capture=23Jan|frame=2607|row=2283,11,9095,True,True,True,True
wifib|device=11|capture=23Jan|frame=2445|row=2144,11,8956,False,True,False,False
wifib|device=11|capture=23Jan|frame=2249|row=1974,11,8786,True,True,True,True
wifib|device=11|capture=23Jan|frame=2527|row=2212,11,9024,True,True,True,True
wifib|device=11|capture=23Jan|frame=2779|row=2441,11,9253,False,True,False,False
wifib|device=11|capture=23Jan|frame=2504|row=2193,11,9005,False,True,False,False
wifib|device=11|capture=23Jan|frame=2256|row=1981,11,8793,False,True,False,False
wifib|device=11|capture=23Jan|frame=2539|row=2222,11,9034,False,True,False,False
wifib|device=11|capture=23Jan|frame=2622|row=2296,11,9108,False,True,False,False
wifib|device=11|capture=23Jan|frame=2438|row=2139,11,8951,True,True,True,True
wifib|device=11|capture=23Jan|frame=2727|row=2393,11,9205,False,True,False,False
wifib|device=11|capture=23Jan|frame=2780|row=2442,11,9254,False,True,False,False
wifib|device=11|capture=23Jan|frame=2434|row=2137,11,8949,True,True,True,True
wifib|device=11|capture=23Jan|frame=2660|row=2328,11,9140,False,True,False,False
wifib|device=11|capture=23Jan|frame=2341|row=2054,11,8866,True,True,True,False
wifib|device=11|capture=23Jan|frame=2458|row=2157,11,8969,True,True,True,False
wifib|device=11|capture=23Jan|frame=2466|row=2161,11,8973,True,True,True,False
wifib|device=11|capture=23Jan|frame=2439|row=2140,11,8952,True,True,True,False
wifib|device=11|capture=23Jan|frame=2214|row=1941,11,8753,False,True,False,False
wifib|device=11|capture=23Jan|frame=2383|row=2088,11,8900,True,True,True,False
wifib|device=11|capture=23Jan|frame=2513|row=2200,11,9012,True,True,True,False
wifib|device=11|capture=23Jan|frame=2258|row=1983,11,8795,False,True,False,False
wifib|device=11|capture=23Jan|frame=2749|row=2415,11,9227,False,True,False,False
wifib|device=11|capture=23Jan|frame=2317|row=2032,11,8844,True,True,True,False
wifib|device=11|capture=23Jan|frame=2290|row=2007,11,8819,False,True,False,False
wifib|device=11|capture=23Jan|frame=2246|row=1971,11,8783,False,True,False,False
wifib|device=11|capture=23Jan|frame=2343|row=2056,11,8868,True,True,True,False
wifib|device=11|capture=23Jan|frame=2306|row=2023,11,8835,True,True,True,False
wifib|device=11|capture=23Jan|frame=2540|row=2223,11,9035,False,True,False,False
wifib|device=11|capture=23Jan|frame=2301|row=2018,11,8830,True,True,True,False
wifib|device=11|capture=23Jan|frame=2781|row=2443,11,9255,False,True,False,False
wifib|device=11|capture=23Jan|frame=2522|row=2207,11,9019,True,True,True,False
wifib|device=11|capture=23Jan|frame=2325|row=2040,11,8852,True,True,True,False
wifib|device=11|capture=23Jan|frame=2456|row=2155,11,8967,True,True,True,False
wifib|device=11|capture=23Jan|frame=2591|row=2270,11,9082,False,True,False,False
wifib|device=11|capture=23Jan|frame=2420|row=2123,11,8935,True,True,True,False
wifib|device=11|capture=23Jan|frame=2552|row=2233,11,9045,True,True,True,False
wifib|device=11|capture=23Jan|frame=2331|row=2044,11,8856,True,True,True,False
wifib|device=11|capture=23Jan|frame=2675|row=2343,11,9155,False,True,False,False
wifib|device=11|capture=23Jan|frame=2430|row=2133,11,8945,True,True,True,False
wifib|device=11|capture=23Jan|frame=2627|row=2301,11,9113,False,True,False,False
wifib|device=11|capture=23Jan|frame=2498|row=2189,11,9001,False,True,False,False
wifib|device=11|capture=23Jan|frame=2311|row=2028,11,8840,True,True,True,False
wifib|device=11|capture=23Jan|frame=2348|row=2061,11,8873,True,True,True,False
wifib|device=11|capture=23Jan|frame=2575|row=2254,11,9066,False,True,False,False
wifib|device=11|capture=23Jan|frame=2391|row=2096,11,8908,True,True,True,False
wifib|device=11|capture=23Jan|frame=2705|row=2371,11,9183,False,True,False,False
wifib|device=11|capture=23Jan|frame=2210|row=1937,11,8749,False,True,False,False
wifib|device=11|capture=23Jan|frame=2685|row=2353,11,9165,False,True,False,False
wifib|device=11|capture=23Jan|frame=2264|row=1989,11,8801,True,True,True,False
wifib|device=11|capture=23Jan|frame=2519|row=2204,11,9016,True,True,True,False
wifib|device=11|capture=23Jan|frame=2667|row=2335,11,9147,False,True,False,False
wifib|device=11|capture=23Jan|frame=2322|row=2037,11,8849,False,True,False,False
wifib|device=11|capture=23Jan|frame=2572|row=2251,11,9063,False,True,False,False
wifib|device=11|capture=23Jan|frame=2626|row=2300,11,9112,False,True,False,False
wifib|device=11|capture=23Jan|frame=2208|row=1935,11,8747,False,True,False,False
wifib|device=11|capture=23Jan|frame=2380|row=2087,11,8899,True,True,True,False
wifib|device=11|capture=23Jan|frame=2730|row=2396,11,9208,False,True,False,False
wifib|device=11|capture=23Jan|frame=2604|row=2280,11,9092,False,True,False,False
wifib|device=11|capture=23Jan|frame=2556|row=2237,11,9049,False,True,False,False
wifib|device=11|capture=23Jan|frame=2206|row=1933,11,8745,False,True,False,False
wifib|device=11|capture=23Jan|frame=2761|row=2423,11,9235,False,True,False,False
wifib|device=11|capture=23Jan|frame=2758|row=2420,11,9232,False,True,False,False
wifib|device=11|capture=23Jan|frame=2427|row=2130,11,8942,True,True,True,False
wifib|device=11|capture=23Jan|frame=2777|row=2439,11,9251,False,True,False,False
wifib|device=11|capture=23Jan|frame=2657|row=2325,11,9137,False,True,False,False
wifib|device=11|capture=23Jan|frame=2656|row=2324,11,9136,False,True,False,False
wifib|device=11|capture=23Jan|frame=2734|row=2400,11,9212,False,True,False,False
wifib|device=11|capture=23Jan|frame=2635|row=2307,11,9119,False,True,False,False
wifib|device=11|capture=23Jan|frame=2337|row=2050,11,8862,True,True,True,False
wifib|device=11|capture=23Jan|frame=2520|row=2205,11,9017,True,True,True,False
wifib|device=11|capture=23Jan|frame=2219|row=1946,11,8758,True,True,True,False
wifib|device=11|capture=23Jan|frame=2196|row=1925,11,8737,True,True,True,False
wifib|device=11|capture=23Jan|frame=2345|row=2058,11,8870,True,True,True,False
wifib|device=11|capture=23Jan|frame=2253|row=1978,11,8790,False,True,False,False
wifib|device=11|capture=23Jan|frame=2646|row=2314,11,9126,False,True,False,False
wifib|device=11|capture=23Jan|frame=2243|row=1968,11,8780,False,True,False,False
wifib|device=11|capture=23Jan|frame=2600|row=2276,11,9088,False,True,False,False
wifib|device=11|capture=23Jan|frame=2363|row=2070,11,8882,True,True,True,False
wifib|device=11|capture=23Jan|frame=2402|row=2107,11,8919,True,True,True,False
wifib|device=11|capture=23Jan|frame=2515|row=2202,11,9014,True,True,True,False
wifib|device=11|capture=23Jan|frame=2189|row=1918,11,8730,False,True,False,False
wifib|device=11|capture=23Jan|frame=2625|row=2299,11,9111,False,True,False,False
wifib|device=11|capture=23Jan|frame=2568|row=2247,11,9059,False,True,False,False
wifib|device=11|capture=23Jan|frame=2547|row=2228,11,9040,False,True,False,False
wifib|device=11|capture=23Jan|frame=2379|row=2086,11,8898,True,True,True,False
wifib|device=11|capture=23Jan|frame=2431|row=2134,11,8946,True,True,True,False
wifib|device=11|capture=23Jan|frame=2346|row=2059,11,8871,True,True,True,False
wifib|device=11|capture=23Jan|frame=2257|row=1982,11,8794,False,True,False,False
wifib|device=11|capture=23Jan|frame=2750|row=2416,11,9228,False,True,False,False
wifib|device=11|capture=23Jan|frame=2308|row=2025,11,8837,False,True,False,False
wifib|device=11|capture=23Jan|frame=2725|row=2391,11,9203,False,True,False,False
wifib|device=11|capture=23Jan|frame=2542|row=2225,11,9037,False,True,False,False
wifib|device=11|capture=23Jan|frame=2507|row=2194,11,9006,False,True,False,False
wifib|device=11|capture=23Jan|frame=2669|row=2337,11,9149,False,True,False,False
wifib|device=11|capture=23Jan|frame=2217|row=1944,11,8756,False,True,False,False
wifib|device=11|capture=23Jan|frame=2567|row=2246,11,9058,False,True,False,False
wifib|device=11|capture=23Jan|frame=2543|row=2226,11,9038,False,True,False,False
wifib|device=11|capture=23Jan|frame=2571|row=2250,11,9062,True,True,True,False
wifib|device=11|capture=23Jan|frame=2611|row=2287,11,9099,False,True,False,False
wifib|device=11|capture=23Jan|frame=2321|row=2036,11,8848,True,True,True,False
wifib|device=11|capture=23Jan|frame=2398|row=2103,11,8915,True,True,True,False
wifib|device=11|capture=23Jan|frame=2526|row=2211,11,9023,True,True,True,False
wifib|device=11|capture=23Jan|frame=2746|row=2412,11,9224,False,True,False,False
wifib|device=11|capture=23Jan|frame=2684|row=2352,11,9164,True,True,True,False
wifib|device=11|capture=23Jan|frame=2612|row=2288,11,9100,False,True,False,False
wifib|device=11|capture=23Jan|frame=2579|row=2258,11,9070,False,True,False,False
wifib|device=11|capture=23Jan|frame=2509|row=2196,11,9008,False,True,False,False
wifib|device=11|capture=23Jan|frame=2538|row=2221,11,9033,False,True,False,False
wifib|device=11|capture=23Jan|frame=2588|row=2267,11,9079,False,True,False,False
wifib|device=11|capture=23Jan|frame=2199|row=1928,11,8740,True,True,True,False
wifib|device=11|capture=23Jan|frame=2690|row=2358,11,9170,False,True,False,False
wifib|device=11|capture=23Jan|frame=2435|row=2138,11,8950,True,True,True,False
wifib|device=11|capture=23Jan|frame=2642|row=2312,11,9124,False,True,False,False
wifib|device=11|capture=23Jan|frame=2457|row=2156,11,8968,True,True,True,False
wifib|device=11|capture=23Jan|frame=2304|row=2021,11,8833,True,True,True,False
wifib|device=11|capture=23Jan|frame=2303|row=2020,11,8832,True,True,True,False
wifib|device=11|capture=23Jan|frame=2631|row=2305,11,9117,False,True,False,False
wifib|device=11|capture=23Jan|frame=2242|row=1967,11,8779,True,True,True,False
wifib|device=11|capture=23Jan|frame=2376|row=2083,11,8895,True,True,True,False
wifib|device=11|capture=23Jan|frame=2479|row=2172,11,8984,True,True,True,False
wifib|device=11|capture=23Jan|frame=2338|row=2051,11,8863,True,True,True,False
wifib|device=11|capture=23Jan|frame=2736|row=2402,11,9214,False,True,False,False
wifib|device=11|capture=23Jan|frame=2492|row=2185,11,8997,False,True,False,False
wifib|device=11|capture=23Jan|frame=2570|row=2249,11,9061,True,True,True,False
wifib|device=11|capture=23Jan|frame=2298|row=2015,11,8827,True,True,True,False
wifib|device=11|capture=23Jan|frame=2299|row=2016,11,8828,True,True,True,False
wifib|device=11|capture=23Jan|frame=2720|row=2386,11,9198,True,True,True,False
wifib|device=11|capture=23Jan|frame=2319|row=2034,11,8846,True,True,True,False
wifib|device=11|capture=23Jan|frame=2709|row=2375,11,9187,False,True,False,False
wifib|device=11|capture=23Jan|frame=2451|row=2150,11,8962,True,True,True,False
wifib|device=11|capture=23Jan|frame=2558|row=2239,11,9051,False,True,False,False
wifib|device=11|capture=23Jan|frame=2682|row=2350,11,9162,True,True,True,False
wifib|device=11|capture=23Jan|frame=2297|row=2014,11,8826,False,True,False,False
wifib|device=11|capture=23Jan|frame=2387|row=2092,11,8904,True,True,True,False
wifib|device=11|capture=23Jan|frame=2674|row=2342,11,9154,False,True,False,False
wifib|device=11|capture=23Jan|frame=2585|row=2264,11,9076,False,True,False,False
wifib|device=11|capture=23Jan|frame=2261|row=1986,11,8798,True,True,True,False
wifib|device=11|capture=23Jan|frame=2619|row=2293,11,9105,False,True,False,False
wifib|device=11|capture=23Jan|frame=2195|row=1924,11,8736,False,True,False,False
wifib|device=11|capture=23Jan|frame=2247|row=1972,11,8784,False,True,False,False
wifib|device=11|capture=23Jan|frame=2565|row=2244,11,9056,False,True,False,False
wifib|device=11|capture=23Jan|frame=2670|row=2338,11,9150,True,True,True,False
wifib|device=11|capture=23Jan|frame=2767|row=2429,11,9241,False,True,False,False
wifib|device=11|capture=23Jan|frame=2216|row=1943,11,8755,True,True,True,False
wifib|device=11|capture=23Jan|frame=2529|row=2214,11,9026,False,True,False,False
wifib|device=11|capture=23Jan|frame=2511|row=2198,11,9010,True,True,True,False
wifib|device=11|capture=23Jan|frame=2413|row=2116,11,8928,True,True,True,False
wifib|device=11|capture=23Jan|frame=2205|row=1932,11,8744,False,True,False,False
wifib|device=11|capture=23Jan|frame=2193|row=1922,11,8734,False,True,False,False
wifib|device=11|capture=23Jan|frame=2773|row=2435,11,9247,False,True,False,False
wifib|device=11|capture=23Jan|frame=2347|row=2060,11,8872,True,True,True,False
wifib|device=11|capture=23Jan|frame=2464|row=2159,11,8971,True,True,True,False
wifib|device=11|capture=23Jan|frame=2475|row=2170,11,8982,True,True,True,False
wifib|device=11|capture=23Jan|frame=2512|row=2199,11,9011,False,True,False,False
wifib|device=11|capture=23Jan|frame=2562|row=2243,11,9055,False,True,False,False
wifib|device=11|capture=23Jan|frame=2202|row=1929,11,8741,False,True,False,False
wifib|device=11|capture=23Jan|frame=2596|row=2272,11,9084,False,True,False,False
wifib|device=11|capture=23Jan|frame=2722|row=2388,11,9200,False,True,False,False
wifib|device=11|capture=23Jan|frame=2597|row=2273,11,9085,False,True,False,False
wifib|device=11|capture=23Jan|frame=2240|row=1965,11,8777,False,True,False,False
wifib|device=11|capture=23Jan|frame=2244|row=1969,11,8781,True,True,True,False
wifib|device=11|capture=23Jan|frame=2775|row=2437,11,9249,False,True,False,False
wifib|device=11|capture=23Jan|frame=2541|row=2224,11,9036,False,True,False,False
wifib|device=11|capture=23Jan|frame=2467|row=2162,11,8974,True,True,True,False
wifib|device=11|capture=23Jan|frame=2407|row=2112,11,8924,True,True,True,False
wifib|device=11|capture=23Jan|frame=2742|row=2408,11,9220,False,True,False,False
wifib|device=11|capture=23Jan|frame=2225|row=1952,11,8764,True,True,True,False
wifib|device=11|capture=23Jan|frame=2671|row=2339,11,9151,False,True,False,False
wifib|device=11|capture=23Jan|frame=2326|row=2041,11,8853,True,True,True,False
wifib|device=11|capture=23Jan|frame=2295|row=2012,11,8824,True,True,True,False
wifib|device=11|capture=23Jan|frame=2441|row=2142,11,8954,True,True,True,False
wifib|device=11|capture=23Jan|frame=2508|row=2195,11,9007,False,True,False,False
wifib|device=11|capture=23Jan|frame=2719|row=2385,11,9197,False,True,False,False
wifib|device=11|capture=23Jan|frame=2478|row=2171,11,8983,True,True,True,False
wifib|device=11|capture=23Jan|frame=2245|row=1970,11,8782,False,True,False,False
wifib|device=11|capture=23Jan|frame=2251|row=1976,11,8788,False,True,False,False
wifib|device=11|capture=23Jan|frame=2414|row=2117,11,8929,True,True,True,False
wifib|device=11|capture=23Jan|frame=2305|row=2022,11,8834,True,True,True,False
wifib|device=11|capture=23Jan|frame=2497|row=2188,11,9000,False,True,False,False
wifib|device=11|capture=23Jan|frame=2557|row=2238,11,9050,False,True,False,False
wifib|device=11|capture=23Jan|frame=2375|row=2082,11,8894,True,True,True,False
wifib|device=11|capture=23Jan|frame=2771|row=2433,11,9245,False,True,False,False
wifib|device=11|capture=23Jan|frame=2772|row=2434,11,9246,False,True,False,False
wifib|device=11|capture=23Jan|frame=2782|row=2444,11,9256,False,True,False,False
wifib|device=11|capture=23Jan|frame=2236|row=1961,11,8773,True,True,True,False
wifib|device=11|capture=23Jan|frame=2211|row=1938,11,8750,False,True,False,False
wifib|device=11|capture=23Jan|frame=2766|row=2428,11,9240,False,True,False,False
wifib|device=11|capture=23Jan|frame=2503|row=2192,11,9004,False,True,False,False
wifib|device=11|capture=23Jan|frame=2649|row=2317,11,9129,False,True,False,False
wifib|device=11|capture=23Jan|frame=2599|row=2275,11,9087,False,True,False,False
wifib|device=11|capture=23Jan|frame=2652|row=2320,11,9132,False,True,False,False
wifib|device=11|capture=23Jan|frame=2602|row=2278,11,9090,True,True,True,False
wifib|device=11|capture=23Jan|frame=2293|row=2010,11,8822,False,True,False,False
wifib|device=11|capture=23Jan|frame=2510|row=2197,11,9009,True,True,True,False
wifib|device=11|capture=23Jan|frame=2700|row=2366,11,9178,False,True,False,False
wifib|device=11|capture=23Jan|frame=2239|row=1964,11,8776,True,True,True,False
wifib|device=11|capture=23Jan|frame=2680|row=2348,11,9160,False,True,False,False
wifib|device=11|capture=23Jan|frame=2702|row=2368,11,9180,False,True,False,False
wifib|device=11|capture=23Jan|frame=2745|row=2411,11,9223,False,True,False,False
wifib|device=11|capture=23Jan|frame=2300|row=2017,11,8829,True,True,True,False
wifib|device=11|capture=23Jan|frame=2191|row=1920,11,8732,False,True,False,False
wifib|device=11|capture=23Jan|frame=2686|row=2354,11,9166,True,True,True,False
wifib|device=11|capture=23Jan|frame=2589|row=2268,11,9080,True,True,True,False
wifib|device=11|capture=23Jan|frame=2663|row=2331,11,9143,False,True,False,False
wifib|device=11|capture=23Jan|frame=2357|row=2066,11,8878,True,True,True,False
wifib|device=11|capture=23Jan|frame=2713|row=2379,11,9191,False,True,False,False
wifib|device=11|capture=23Jan|frame=2265|row=1990,11,8802,True,True,True,False
wifib|device=11|capture=23Jan|frame=2429|row=2132,11,8944,True,True,True,False
wifib|device=11|capture=23Jan|frame=2212|row=1939,11,8751,True,True,True,False
wifib|device=11|capture=23Jan|frame=2521|row=2206,11,9018,True,True,True,False
wifib|device=11|capture=23Jan|frame=2367|row=2074,11,8886,True,True,True,False
wifib|device=11|capture=23Jan|frame=2548|row=2229,11,9041,False,True,False,False
wifib|device=11|capture=23Jan|frame=2198|row=1927,11,8739,True,True,True,False
wifib|device=11|capture=23Jan|frame=2390|row=2095,11,8907,True,True,True,False
wifib|device=11|capture=23Jan|frame=2222|row=1949,11,8761,False,True,False,False
wifib|device=11|capture=23Jan|frame=2659|row=2327,11,9139,False,True,False,False
wifib|device=11|capture=23Jan|frame=2718|row=2384,11,9196,False,True,False,False
wifib|device=11|capture=23Jan|frame=2693|row=2361,11,9173,False,True,False,False
wifib|device=11|capture=23Jan|frame=2741|row=2407,11,9219,False,True,False,False
wifib|device=11|capture=23Jan|frame=2335|row=2048,11,8860,True,True,True,False
wifib|device=11|capture=23Jan|frame=2233|row=1958,11,8770,True,True,True,False
wifib|device=11|capture=23Jan|frame=2587|row=2266,11,9078,False,True,False,False
wifib|device=11|capture=23Jan|frame=2323|row=2038,11,8850,False,True,False,False
wifib|device=11|capture=23Jan|frame=2764|row=2426,11,9238,False,True,False,False
wifib|device=11|capture=23Jan|frame=2279|row=1996,11,8808,True,True,True,False
wifib|device=11|capture=23Jan|frame=2751|row=2417,11,9229,False,True,False,False
wifib|device=11|capture=23Jan|frame=2555|row=2236,11,9048,False,True,False,False
wifib|device=11|capture=23Jan|frame=2327|row=2042,11,8854,False,True,False,False
wifib|device=11|capture=23Jan|frame=2711|row=2377,11,9189,False,True,False,False
wifib|device=11|capture=23Jan|frame=2263|row=1988,11,8800,True,True,True,False
wifib|device=11|capture=23Jan|frame=2738|row=2404,11,9216,False,True,False,False
wifib|device=11|capture=23Jan|frame=2710|row=2376,11,9188,False,True,False,False
wifib|device=11|capture=23Jan|frame=2765|row=2427,11,9239,False,True,False,False
wifib|device=11|capture=23Jan|frame=2621|row=2295,11,9107,False,True,False,False
wifib|device=11|capture=23Jan|frame=2623|row=2297,11,9109,False,True,False,False
wifib|device=11|capture=23Jan|frame=2277|row=1994,11,8806,False,True,False,False
wifib|device=11|capture=23Jan|frame=2737|row=2403,11,9215,False,True,False,False
wifib|device=11|capture=23Jan|frame=2433|row=2136,11,8948,False,True,False,False
wifib|device=11|capture=23Jan|frame=2274|row=1991,11,8803,True,True,True,False
wifib|device=11|capture=23Jan|frame=2397|row=2102,11,8914,True,True,True,False
wifib|device=11|capture=23Jan|frame=2334|row=2047,11,8859,True,True,True,False
wifib|device=11|capture=23Jan|frame=2207|row=1934,11,8746,False,True,False,False
wifib|device=11|capture=23Jan|frame=2534|row=2219,11,9031,False,True,False,False
wifib|device=11|capture=23Jan|frame=2194|row=1923,11,8735,False,True,False,False
wifib|device=11|capture=23Jan|frame=2681|row=2349,11,9161,False,True,False,False
wifib|device=11|capture=23Jan|frame=2366|row=2073,11,8885,True,True,True,False
wifib|device=11|capture=23Jan|frame=2651|row=2319,11,9131,False,True,False,False
wifib|device=11|capture=23Jan|frame=2312|row=2029,11,8841,True,True,True,False
wifib|device=11|capture=23Jan|frame=2530|row=2215,11,9027,False,True,False,False
wifib|device=11|capture=23Jan|frame=2238|row=1963,11,8775,True,True,True,False
wifib|device=11|capture=23Jan|frame=2726|row=2392,11,9204,False,True,False,False
wifib|device=11|capture=23Jan|frame=2396|row=2101,11,8913,True,True,True,False
wifib|device=11|capture=23Jan|frame=2516|row=2203,11,9015,True,True,True,False
wifib|device=11|capture=23Jan|frame=2423|row=2126,11,8938,True,True,True,False
wifib|device=11|capture=23Jan|frame=2368|row=2075,11,8887,True,True,True,False
wifib|device=11|capture=23Jan|frame=2689|row=2357,11,9169,True,True,True,False
wifib|device=11|capture=23Jan|frame=2450|row=2149,11,8961,True,True,True,False
wifib|device=11|capture=23Jan|frame=2371|row=2078,11,8890,True,True,True,False
wifib|device=11|capture=23Jan|frame=2624|row=2298,11,9110,False,True,False,False
wifib|device=11|capture=23Jan|frame=2554|row=2235,11,9047,True,True,True,False
wifib|device=11|capture=23Jan|frame=2282|row=1999,11,8811,False,True,False,False
wifib|device=11|capture=23Jan|frame=2422|row=2125,11,8937,True,True,True,False
wifib|device=11|capture=23Jan|frame=2410|row=2113,11,8925,True,True,True,False
wifib|device=11|capture=23Jan|frame=2378|row=2085,11,8897,True,True,True,False
wifib|device=11|capture=23Jan|frame=2275|row=1992,11,8804,True,True,True,False
wifib|device=11|capture=23Jan|frame=2213|row=1940,11,8752,True,True,True,False
wifib|device=11|capture=23Jan|frame=2254|row=1979,11,8791,False,True,False,False
wifib|device=11|capture=23Jan|frame=2678|row=2346,11,9158,False,True,False,False
wifib|device=11|capture=23Jan|frame=2748|row=2414,11,9226,False,True,False,False
wifib|device=11|capture=23Jan|frame=2673|row=2341,11,9153,False,True,False,False
wifib|device=11|capture=23Jan|frame=2580|row=2259,11,9071,True,True,True,False
wifib|device=11|capture=23Jan|frame=2333|row=2046,11,8858,True,True,True,False
wifib|device=11|capture=23Jan|frame=2769|row=2431,11,9243,False,True,False,False
wifib|device=11|capture=23Jan|frame=2487|row=2180,11,8992,True,True,True,False
wifib|device=11|capture=23Jan|frame=2708|row=2374,11,9186,False,True,False,False
wifib|device=11|capture=23Jan|frame=2235|row=1960,11,8772,False,True,False,False
wifib|device=11|capture=23Jan|frame=2677|row=2345,11,9157,False,True,False,False
wifib|device=11|capture=23Jan|frame=2528|row=2213,11,9025,True,True,True,False
wifib|device=11|capture=23Jan|frame=2740|row=2406,11,9218,False,True,False,False
wifib|device=11|capture=23Jan|frame=2283|row=2000,11,8812,False,True,False,False
wifib|device=11|capture=23Jan|frame=2490|row=2183,11,8995,False,True,False,False
wifib|device=11|capture=23Jan|frame=2404|row=2109,11,8921,True,True,True,False
wifib|device=11|capture=23Jan|frame=2452|row=2151,11,8963,True,True,True,False
wifib|device=11|capture=23Jan|frame=2703|row=2369,11,9181,False,True,False,False
wifib|device=11|capture=23Jan|frame=2463|row=2158,11,8970,True,True,True,False
wifib|device=11|capture=23Jan|frame=2608|row=2284,11,9096,False,True,False,False
wifib|device=11|capture=23Jan|frame=2483|row=2176,11,8988,True,True,True,False
wifib|device=11|capture=23Jan|frame=2186|row=1915,11,8727,False,True,False,False
wifib|device=11|capture=23Jan|frame=2739|row=2405,11,9217,False,True,False,False
wifib|device=11|capture=23Jan|frame=2284|row=2001,11,8813,False,True,False,False
wifib|device=11|capture=23Jan|frame=2691|row=2359,11,9171,False,True,False,False
wifib|device=11|capture=23Jan|frame=2525|row=2210,11,9022,True,True,True,False
wifib|device=11|capture=23Jan|frame=2424|row=2127,11,8939,True,True,True,False
wifib|device=11|capture=23Jan|frame=2533|row=2218,11,9030,False,True,False,False
wifib|device=11|capture=23Jan|frame=2610|row=2286,11,9098,True,True,True,False
wifib|device=11|capture=23Jan|frame=2442|row=2143,11,8955,True,True,True,False
wifib|device=11|capture=23Jan|frame=2695|row=2363,11,9175,False,True,False,False
wifib|device=11|capture=23Jan|frame=2704|row=2370,11,9182,False,True,False,False
wifib|device=11|capture=23Jan|frame=2365|row=2072,11,8884,True,True,True,False
wifib|device=11|capture=23Jan|frame=2584|row=2263,11,9075,True,True,True,False
wifib|device=11|capture=23Jan|frame=2468|row=2163,11,8975,True,True,True,False
wifib|device=11|capture=23Jan|frame=2231|row=1956,11,8768,False,True,False,False
wifib|device=11|capture=23Jan|frame=2185|row=1914,11,8726,False,True,False,False
wifib|device=11|capture=23Jan|frame=2732|row=2398,11,9210,False,True,False,False
wifib|device=11|capture=23Jan|frame=2307|row=2024,11,8836,True,True,True,False
wifib|device=11|capture=23Jan|frame=2706|row=2372,11,9184,False,True,False,False
wifib|device=11|capture=23Jan|frame=2672|row=2340,11,9152,False,True,False,False
wifib|device=11|capture=23Jan|frame=2392|row=2097,11,8909,True,True,True,False
wifib|device=11|capture=23Jan|frame=2470|row=2165,11,8977,True,True,True,False
wifib|device=11|capture=23Jan|frame=2358|row=2067,11,8879,True,True,True,False
wifib|device=11|capture=23Jan|frame=2728|row=2394,11,9206,False,True,False,False
wifib|device=11|capture=23Jan|frame=2425|row=2128,11,8940,True,True,True,False
wifib|device=11|capture=23Jan|frame=2440|row=2141,11,8953,False,True,False,False
wifib|device=11|capture=23Jan|frame=2770|row=2432,11,9244,False,True,False,False
wifib|device=11|capture=23Jan|frame=2615|row=2291,11,9103,False,True,False,False
wifib|device=11|capture=23Jan|frame=2204|row=1931,11,8743,True,True,True,False
wifib|device=11|capture=23Jan|frame=2759|row=2421,11,9233,False,True,False,False
wifib|device=11|capture=23Jan|frame=2661|row=2329,11,9141,False,True,False,False
wifib|device=11|capture=23Jan|frame=2688|row=2356,11,9168,False,True,False,False
wifib|device=11|capture=23Jan|frame=2699|row=2365,11,9177,False,True,False,False
wifib|device=11|capture=23Jan|frame=2278|row=1995,11,8807,False,True,False,False
wifib|device=11|capture=23Jan|frame=2340|row=2053,11,8865,True,True,True,False
wifib|device=11|capture=23Jan|frame=2384|row=2089,11,8901,True,True,True,False
wifib|device=11|capture=23Jan|frame=2762|row=2424,11,9236,False,True,False,False
wifib|device=11|capture=23Jan|frame=2640|row=2310,11,9122,False,True,False,False
wifib|device=11|capture=23Jan|frame=2417|row=2120,11,8932,True,True,True,False
wifib|device=11|capture=23Jan|frame=2241|row=1966,11,8778,False,True,False,False
wifib|device=11|capture=23Jan|frame=2716|row=2382,11,9194,False,True,False,False
wifib|device=11|capture=23Jan|frame=2281|row=1998,11,8810,False,True,False,False
wifib|device=11|capture=23Jan|frame=2405|row=2110,11,8922,True,True,True,False
wifib|device=11|capture=23Jan|frame=2197|row=1926,11,8738,False,True,False,False
wifib|device=11|capture=23Jan|frame=2763|row=2425,11,9237,False,True,False,False
wifib|device=11|capture=23Jan|frame=2776|row=2438,11,9250,False,True,False,False
wifib|device=11|capture=23Jan|frame=2692|row=2360,11,9172,False,True,False,False
wifib|device=11|capture=23Jan|frame=2230|row=1955,11,8767,False,True,False,False
wifib|device=11|capture=23Jan|frame=2224|row=1951,11,8763,False,True,False,False
wifib|device=11|capture=23Jan|frame=2484|row=2177,11,8989,False,True,False,False
wifib|device=11|capture=23Jan|frame=2432|row=2135,11,8947,True,True,True,False
wifib|device=11|capture=23Jan|frame=2496|row=2187,11,8999,False,True,False,False
wifib|device=11|capture=23Jan|frame=2454|row=2153,11,8965,True,True,True,False
wifib|device=11|capture=23Jan|frame=2374|row=2081,11,8893,True,True,True,False
wifib|device=12|capture=23Jan|frame=2699|row=2461,12,12816,True,True,True,True
wifib|device=12|capture=23Jan|frame=2344|row=2138,12,12493,True,True,True,True
wifib|device=12|capture=23Jan|frame=2559|row=2333,12,12688,True,True,True,True
wifib|device=12|capture=23Jan|frame=2534|row=2308,12,12663,True,True,True,True
wifib|device=12|capture=23Jan|frame=2197|row=2016,12,12371,True,True,True,True
wifib|device=12|capture=23Jan|frame=2458|row=2240,12,12595,True,True,True,True
wifib|device=12|capture=23Jan|frame=2231|row=2039,12,12394,True,True,True,True
wifib|device=12|capture=23Jan|frame=2480|row=2262,12,12617,True,True,True,True
wifib|device=12|capture=23Jan|frame=2451|row=2233,12,12588,True,True,True,True
wifib|device=12|capture=23Jan|frame=2434|row=2216,12,12571,True,True,True,True
wifib|device=12|capture=23Jan|frame=2642|row=2406,12,12761,True,True,True,False
wifib|device=12|capture=23Jan|frame=2184|row=2007,12,12362,True,True,True,False
wifib|device=12|capture=23Jan|frame=2454|row=2236,12,12591,True,True,True,False
wifib|device=12|capture=23Jan|frame=2441|row=2223,12,12578,True,True,True,False
wifib|device=12|capture=23Jan|frame=2383|row=2173,12,12528,True,True,True,False
wifib|device=12|capture=23Jan|frame=2409|row=2195,12,12550,True,True,True,False
wifib|device=12|capture=23Jan|frame=2679|row=2441,12,12796,True,True,True,False
wifib|device=12|capture=23Jan|frame=2506|row=2286,12,12641,True,True,True,False
wifib|device=12|capture=23Jan|frame=2291|row=2091,12,12446,True,True,True,False
wifib|device=12|capture=23Jan|frame=2264|row=2064,12,12419,True,True,True,False
wifib|device=12|capture=23Jan|frame=2546|row=2320,12,12675,True,True,True,False
wifib|device=12|capture=23Jan|frame=2692|row=2454,12,12809,True,True,True,False
wifib|device=12|capture=23Jan|frame=2706|row=2468,12,12823,True,True,True,False
wifib|device=12|capture=23Jan|frame=2239|row=2047,12,12402,True,True,True,False
wifib|device=12|capture=23Jan|frame=2251|row=2053,12,12408,True,True,True,False
wifib|device=12|capture=23Jan|frame=2365|row=2157,12,12512,True,True,True,False
wifib|device=12|capture=23Jan|frame=2433|row=2215,12,12570,True,True,True,False
wifib|device=12|capture=23Jan|frame=2672|row=2434,12,12789,True,True,True,False
wifib|device=12|capture=23Jan|frame=2208|row=2025,12,12380,True,True,True,False
wifib|device=12|capture=23Jan|frame=2222|row=2032,12,12387,True,True,True,False
wifib|device=12|capture=23Jan|frame=2202|row=2021,12,12376,True,True,True,False
wifib|device=12|capture=23Jan|frame=2707|row=2469,12,12824,True,True,True,False
wifib|device=12|capture=23Jan|frame=2527|row=2301,12,12656,True,True,True,False
wifib|device=12|capture=23Jan|frame=2364|row=2156,12,12511,True,True,True,False
wifib|device=12|capture=23Jan|frame=2565|row=2339,12,12694,True,True,True,False
wifib|device=12|capture=23Jan|frame=2494|row=2274,12,12629,True,True,True,False
wifib|device=12|capture=23Jan|frame=2198|row=2017,12,12372,True,True,True,False
wifib|device=12|capture=23Jan|frame=2455|row=2237,12,12592,True,True,True,False
wifib|device=12|capture=23Jan|frame=2549|row=2323,12,12678,True,True,True,False
wifib|device=12|capture=23Jan|frame=2492|row=2272,12,12627,True,True,True,False
wifib|device=12|capture=23Jan|frame=2560|row=2334,12,12689,True,True,True,False
wifib|device=12|capture=23Jan|frame=2552|row=2326,12,12681,True,True,True,False
wifib|device=12|capture=23Jan|frame=2293|row=2093,12,12448,True,True,True,False
wifib|device=12|capture=23Jan|frame=2235|row=2043,12,12398,True,True,True,False
wifib|device=12|capture=23Jan|frame=2475|row=2257,12,12612,True,True,True,False
wifib|device=12|capture=23Jan|frame=2714|row=2476,12,12831,True,True,True,False
wifib|device=12|capture=23Jan|frame=2637|row=2401,12,12756,True,True,True,False
wifib|device=12|capture=23Jan|frame=2568|row=2342,12,12697,True,True,True,False
wifib|device=12|capture=23Jan|frame=2294|row=2094,12,12449,True,True,True,False
wifib|device=12|capture=23Jan|frame=2656|row=2420,12,12775,True,True,True,False
wifib|device=12|capture=23Jan|frame=2238|row=2046,12,12401,True,True,True,False
wifib|device=12|capture=23Jan|frame=2417|row=2201,12,12556,True,True,True,False
wifib|device=12|capture=23Jan|frame=2466|row=2248,12,12603,True,True,True,False
wifib|device=12|capture=23Jan|frame=2314|row=2112,12,12467,True,True,True,False
wifib|device=12|capture=23Jan|frame=2676|row=2438,12,12793,True,True,True,False
wifib|device=12|capture=23Jan|frame=2391|row=2179,12,12534,True,True,True,False
wifib|device=12|capture=23Jan|frame=2573|row=2347,12,12702,True,True,True,False
wifib|device=12|capture=23Jan|frame=2421|row=2205,12,12560,True,True,True,False
wifib|device=12|capture=23Jan|frame=2218|row=2030,12,12385,True,True,True,False
wifib|device=12|capture=23Jan|frame=2499|row=2279,12,12634,True,True,True,False
wifib|device=12|capture=23Jan|frame=2269|row=2069,12,12424,True,True,True,False
wifib|device=12|capture=23Jan|frame=2312|row=2110,12,12465,True,True,True,False
wifib|device=12|capture=23Jan|frame=2169|row=1996,12,12351,True,True,True,False
wifib|device=12|capture=23Jan|frame=2327|row=2123,12,12478,True,True,True,False
wifib|device=12|capture=23Jan|frame=2249|row=2051,12,12406,True,True,True,False
wifib|device=12|capture=23Jan|frame=2696|row=2458,12,12813,True,True,True,False
wifib|device=12|capture=23Jan|frame=2357|row=2149,12,12504,True,True,True,False
wifib|device=12|capture=23Jan|frame=2252|row=2054,12,12409,True,True,True,False
wifib|device=12|capture=23Jan|frame=2505|row=2285,12,12640,True,True,True,False
wifib|device=12|capture=23Jan|frame=2765|row=2525,12,12880,True,True,True,False
wifib|device=12|capture=23Jan|frame=2236|row=2044,12,12399,True,True,True,False
wifib|device=12|capture=23Jan|frame=2514|row=2290,12,12645,True,True,True,False
wifib|device=12|capture=23Jan|frame=2709|row=2471,12,12826,True,True,True,False
wifib|device=12|capture=23Jan|frame=2645|row=2409,12,12764,True,True,True,False
wifib|device=12|capture=23Jan|frame=2770|row=2530,12,12885,True,True,True,False
wifib|device=12|capture=23Jan|frame=2601|row=2371,12,12726,True,True,True,False
wifib|device=12|capture=23Jan|frame=2758|row=2518,12,12873,True,True,True,False
wifib|device=12|capture=23Jan|frame=2330|row=2124,12,12479,True,True,True,False
wifib|device=12|capture=23Jan|frame=2655|row=2419,12,12774,True,True,True,False
wifib|device=12|capture=23Jan|frame=2491|row=2271,12,12626,True,True,True,False
wifib|device=12|capture=23Jan|frame=2712|row=2474,12,12829,True,True,True,False
wifib|device=12|capture=23Jan|frame=2597|row=2367,12,12722,True,True,True,False
wifib|device=12|capture=23Jan|frame=2760|row=2520,12,12875,True,True,True,False
wifib|device=12|capture=23Jan|frame=2268|row=2068,12,12423,True,True,True,False
wifib|device=12|capture=23Jan|frame=2717|row=2479,12,12834,True,True,True,False
wifib|device=12|capture=23Jan|frame=2376|row=2168,12,12523,True,True,True,False
wifib|device=12|capture=23Jan|frame=2698|row=2460,12,12815,True,True,True,False
wifib|device=12|capture=23Jan|frame=2351|row=2143,12,12498,True,True,True,False
wifib|device=12|capture=23Jan|frame=2673|row=2435,12,12790,True,True,True,False
wifib|device=12|capture=23Jan|frame=2590|row=2362,12,12717,True,True,True,False
wifib|device=12|capture=23Jan|frame=2285|row=2085,12,12440,True,True,True,False
wifib|device=12|capture=23Jan|frame=2657|row=2421,12,12776,True,True,True,False
wifib|device=12|capture=23Jan|frame=2755|row=2515,12,12870,True,True,True,False
wifib|device=12|capture=23Jan|frame=2530|row=2304,12,12659,True,True,True,False
wifib|device=12|capture=23Jan|frame=2615|row=2381,12,12736,True,True,True,False
wifib|device=12|capture=23Jan|frame=2369|row=2161,12,12516,True,True,True,False
wifib|device=12|capture=23Jan|frame=2412|row=2196,12,12551,True,True,True,False
wifib|device=12|capture=23Jan|frame=2453|row=2235,12,12590,True,True,True,False
wifib|device=12|capture=23Jan|frame=2380|row=2170,12,12525,True,True,True,False
wifib|device=12|capture=23Jan|frame=2681|row=2443,12,12798,True,True,True,False
wifib|device=12|capture=23Jan|frame=2519|row=2295,12,12650,True,True,True,False
wifib|device=12|capture=23Jan|frame=2192|row=2011,12,12366,True,True,True,False
wifib|device=12|capture=23Jan|frame=2746|row=2506,12,12861,True,True,True,False
wifib|device=12|capture=23Jan|frame=2504|row=2284,12,12639,True,True,True,False
wifib|device=12|capture=23Jan|frame=2219|row=2031,12,12386,True,True,True,False
wifib|device=12|capture=23Jan|frame=2535|row=2309,12,12664,True,True,True,False
wifib|device=12|capture=23Jan|frame=2413|row=2197,12,12552,True,True,True,False
wifib|device=12|capture=23Jan|frame=2668|row=2430,12,12785,True,True,True,False
wifib|device=12|capture=23Jan|frame=2407|row=2193,12,12548,True,True,True,False
wifib|device=12|capture=23Jan|frame=2325|row=2121,12,12476,True,True,True,False
wifib|device=12|capture=23Jan|frame=2157|row=1984,12,12339,True,True,True,False
wifib|device=12|capture=23Jan|frame=2355|row=2147,12,12502,True,True,True,False
wifib|device=12|capture=23Jan|frame=2428|row=2210,12,12565,True,True,True,False
wifib|device=12|capture=23Jan|frame=2747|row=2507,12,12862,True,True,True,False
wifib|device=12|capture=23Jan|frame=2358|row=2150,12,12505,True,True,True,False
wifib|device=12|capture=23Jan|frame=2766|row=2526,12,12881,True,True,True,False
wifib|device=12|capture=23Jan|frame=2663|row=2427,12,12782,True,True,True,False
wifib|device=12|capture=23Jan|frame=2690|row=2452,12,12807,True,True,True,False
wifib|device=12|capture=23Jan|frame=2583|row=2355,12,12710,True,True,True,False
wifib|device=12|capture=23Jan|frame=2701|row=2463,12,12818,True,True,True,False
wifib|device=12|capture=23Jan|frame=2427|row=2209,12,12564,True,True,True,False
wifib|device=12|capture=23Jan|frame=2389|row=2177,12,12532,True,True,True,False
wifib|device=12|capture=23Jan|frame=2710|row=2472,12,12827,True,True,True,False
wifib|device=12|capture=23Jan|frame=2581|row=2353,12,12708,True,True,True,False
wifib|device=12|capture=23Jan|frame=2598|row=2368,12,12723,True,True,True,False
wifib|device=12|capture=23Jan|frame=2156|row=1983,12,12338,True,True,True,False
wifib|device=12|capture=23Jan|frame=2471|row=2253,12,12608,True,True,True,False
wifib|device=12|capture=23Jan|frame=2658|row=2422,12,12777,True,True,True,False
wifib|device=12|capture=23Jan|frame=2556|row=2330,12,12685,True,True,True,False
wifib|device=12|capture=23Jan|frame=2576|row=2350,12,12705,True,True,True,False
wifib|device=12|capture=23Jan|frame=2224|row=2034,12,12389,True,True,True,False
wifib|device=12|capture=23Jan|frame=2173|row=1998,12,12353,True,True,True,False
wifib|device=12|capture=23Jan|frame=2567|row=2341,12,12696,True,True,True,False
wifib|device=12|capture=23Jan|frame=2297|row=2097,12,12452,True,True,True,False
wifib|device=12|capture=23Jan|frame=2626|row=2390,12,12745,True,True,True,False
wifib|device=12|capture=23Jan|frame=2517|row=2293,12,12648,True,True,True,False
wifib|device=12|capture=23Jan|frame=2154|row=1981,12,12336,True,True,True,False
wifib|device=12|capture=23Jan|frame=2509|row=2287,12,12642,True,True,True,False
wifib|device=12|capture=23Jan|frame=2592|row=2364,12,12719,True,True,True,False
wifib|device=12|capture=23Jan|frame=2438|row=2220,12,12575,True,True,True,False
wifib|device=12|capture=23Jan|frame=2566|row=2340,12,12695,True,True,True,False
wifib|device=12|capture=23Jan|frame=2636|row=2400,12,12755,True,True,True,False
wifib|device=12|capture=23Jan|frame=2201|row=2020,12,12375,True,True,True,False
wifib|device=12|capture=23Jan|frame=2539|row=2313,12,12668,True,True,True,False
wifib|device=12|capture=23Jan|frame=2544|row=2318,12,12673,True,True,True,False
wifib|device=12|capture=23Jan|frame=2761|row=2521,12,12876,True,True,True,False
wifib|device=12|capture=23Jan|frame=2167|row=1994,12,12349,True,True,True,False
wifib|device=12|capture=23Jan|frame=2301|row=2101,12,12456,True,True,True,False
wifib|device=12|capture=23Jan|frame=2261|row=2061,12,12416,True,True,True,False
wifib|device=12|capture=23Jan|frame=2436|row=2218,12,12573,True,True,True,False
wifib|device=12|capture=23Jan|frame=2562|row=2336,12,12691,True,True,True,False
wifib|device=12|capture=23Jan|frame=2393|row=2181,12,12536,True,True,True,False
wifib|device=12|capture=23Jan|frame=2299|row=2099,12,12454,True,True,True,False
wifib|device=12|capture=23Jan|frame=2607|row=2377,12,12732,True,True,True,False
wifib|device=12|capture=23Jan|frame=2211|row=2026,12,12381,True,True,True,False
wifib|device=12|capture=23Jan|frame=2694|row=2456,12,12811,True,True,True,False
wifib|device=12|capture=23Jan|frame=2373|row=2165,12,12520,True,True,True,False
wifib|device=12|capture=23Jan|frame=2234|row=2042,12,12397,True,True,True,False
wifib|device=12|capture=23Jan|frame=2283|row=2083,12,12438,True,True,True,False
wifib|device=12|capture=23Jan|frame=2580|row=2352,12,12707,True,True,True,False
wifib|device=12|capture=23Jan|frame=2624|row=2388,12,12743,True,True,True,False
wifib|device=12|capture=23Jan|frame=2473|row=2255,12,12610,True,True,True,False
wifib|device=12|capture=23Jan|frame=2447|row=2229,12,12584,True,True,True,False
wifib|device=12|capture=23Jan|frame=2189|row=2008,12,12363,True,True,True,False
wifib|device=12|capture=23Jan|frame=2538|row=2312,12,12667,True,True,True,False
wifib|device=12|capture=23Jan|frame=2324|row=2120,12,12475,True,True,True,False
wifib|device=12|capture=23Jan|frame=2621|row=2385,12,12740,True,True,True,False
wifib|device=12|capture=23Jan|frame=2599|row=2369,12,12724,True,True,True,False
wifib|device=12|capture=23Jan|frame=2402|row=2188,12,12543,True,True,True,False
wifib|device=12|capture=23Jan|frame=2443|row=2225,12,12580,True,True,True,False
wifib|device=12|capture=23Jan|frame=2686|row=2448,12,12803,True,True,True,False
wifib|device=12|capture=23Jan|frame=2313|row=2111,12,12466,True,True,True,False
wifib|device=12|capture=23Jan|frame=2572|row=2346,12,12701,True,True,True,False
wifib|device=12|capture=23Jan|frame=2532|row=2306,12,12661,True,True,True,False
wifib|device=12|capture=23Jan|frame=2603|row=2373,12,12728,True,True,True,False
wifib|device=12|capture=23Jan|frame=2320|row=2118,12,12473,True,True,True,False
wifib|device=12|capture=23Jan|frame=2697|row=2459,12,12814,True,True,True,False
wifib|device=12|capture=23Jan|frame=2558|row=2332,12,12687,True,True,True,False
wifib|device=12|capture=23Jan|frame=2182|row=2005,12,12360,True,True,True,False
wifib|device=12|capture=23Jan|frame=2405|row=2191,12,12546,True,True,True,False
wifib|device=12|capture=23Jan|frame=2303|row=2103,12,12458,True,True,True,False
wifib|device=12|capture=23Jan|frame=2323|row=2119,12,12474,True,True,True,False
wifib|device=12|capture=23Jan|frame=2631|row=2395,12,12750,True,True,True,False
wifib|device=12|capture=23Jan|frame=2347|row=2139,12,12494,True,True,True,False
wifib|device=12|capture=23Jan|frame=2569|row=2343,12,12698,True,True,True,False
wifib|device=12|capture=23Jan|frame=2718|row=2480,12,12835,True,True,True,False
wifib|device=12|capture=23Jan|frame=2194|row=2013,12,12368,True,True,True,False
wifib|device=12|capture=23Jan|frame=2463|row=2245,12,12600,True,True,True,False
wifib|device=12|capture=23Jan|frame=2326|row=2122,12,12477,True,True,True,False
wifib|device=12|capture=23Jan|frame=2660|row=2424,12,12779,True,True,True,False
wifib|device=12|capture=23Jan|frame=2551|row=2325,12,12680,True,True,True,False
wifib|device=12|capture=23Jan|frame=2689|row=2451,12,12806,True,True,True,False
wifib|device=12|capture=23Jan|frame=2168|row=1995,12,12350,True,True,True,False
wifib|device=12|capture=23Jan|frame=2260|row=2060,12,12415,True,True,True,False
wifib|device=12|capture=23Jan|frame=2496|row=2276,12,12631,True,True,True,False
wifib|device=12|capture=23Jan|frame=2659|row=2423,12,12778,True,True,True,False
wifib|device=12|capture=23Jan|frame=2319|row=2117,12,12472,True,True,True,False
wifib|device=12|capture=23Jan|frame=2493|row=2273,12,12628,True,True,True,False
wifib|device=12|capture=23Jan|frame=2739|row=2499,12,12854,True,True,True,False
wifib|device=12|capture=23Jan|frame=2769|row=2529,12,12884,True,True,True,False
wifib|device=12|capture=23Jan|frame=2408|row=2194,12,12549,True,True,True,False
wifib|device=12|capture=23Jan|frame=2638|row=2402,12,12757,True,True,True,False
wifib|device=12|capture=23Jan|frame=2381|row=2171,12,12526,True,True,True,False
wifib|device=12|capture=23Jan|frame=2487|row=2267,12,12622,True,True,True,False
wifib|device=12|capture=23Jan|frame=2354|row=2146,12,12501,True,True,True,False
wifib|device=12|capture=23Jan|frame=2729|row=2491,12,12846,True,True,True,False
wifib|device=12|capture=23Jan|frame=2588|row=2360,12,12715,True,True,True,False
wifib|device=12|capture=23Jan|frame=2618|row=2384,12,12739,True,True,True,False
wifib|device=12|capture=23Jan|frame=2661|row=2425,12,12780,True,True,True,False
wifib|device=12|capture=23Jan|frame=2611|row=2379,12,12734,True,True,True,False
wifib|device=12|capture=23Jan|frame=2353|row=2145,12,12500,True,True,True,False
wifib|device=12|capture=23Jan|frame=2262|row=2062,12,12417,True,True,True,False
wifib|device=12|capture=23Jan|frame=2674|row=2436,12,12791,True,True,True,False
wifib|device=12|capture=23Jan|frame=2400|row=2186,12,12541,True,True,True,False
wifib|device=12|capture=23Jan|frame=2318|row=2116,12,12471,True,True,True,False
wifib|device=12|capture=23Jan|frame=2284|row=2084,12,12439,True,True,True,False
wifib|device=12|capture=23Jan|frame=2226|row=2036,12,12391,True,True,True,False
wifib|device=12|capture=23Jan|frame=2160|row=1987,12,12342,True,True,True,False
wifib|device=12|capture=23Jan|frame=2445|row=2227,12,12582,True,True,True,False
wifib|device=12|capture=23Jan|frame=2650|row=2414,12,12769,True,True,True,False
wifib|device=12|capture=23Jan|frame=2256|row=2058,12,12413,True,True,True,False
wifib|device=12|capture=23Jan|frame=2470|row=2252,12,12607,True,True,True,False
wifib|device=12|capture=23Jan|frame=2724|row=2486,12,12841,True,True,True,False
wifib|device=12|capture=23Jan|frame=2711|row=2473,12,12828,True,True,True,False
wifib|device=12|capture=23Jan|frame=2310|row=2108,12,12463,True,True,True,False
wifib|device=12|capture=23Jan|frame=2646|row=2410,12,12765,True,True,True,False
wifib|device=12|capture=23Jan|frame=2738|row=2498,12,12853,True,True,True,False
wifib|device=12|capture=23Jan|frame=2213|row=2028,12,12383,True,True,True,False
wifib|device=12|capture=23Jan|frame=2296|row=2096,12,12451,True,True,True,False
wifib|device=12|capture=23Jan|frame=2585|row=2357,12,12712,True,True,True,False
wifib|device=12|capture=23Jan|frame=2525|row=2299,12,12654,True,True,True,False
wifib|device=12|capture=23Jan|frame=2384|row=2174,12,12529,True,True,True,False
wifib|device=12|capture=23Jan|frame=2431|row=2213,12,12568,True,True,True,False
wifib|device=12|capture=23Jan|frame=2166|row=1993,12,12348,True,True,True,False
wifib|device=12|capture=23Jan|frame=2700|row=2462,12,12817,True,True,True,False
wifib|device=12|capture=23Jan|frame=2479|row=2261,12,12616,True,True,True,False
wifib|device=12|capture=23Jan|frame=2379|row=2169,12,12524,True,True,True,False
wifib|device=12|capture=23Jan|frame=2654|row=2418,12,12773,True,True,True,False
wifib|device=12|capture=23Jan|frame=2368|row=2160,12,12515,True,True,True,False
wifib|device=12|capture=23Jan|frame=2669|row=2431,12,12786,True,True,True,False
wifib|device=12|capture=23Jan|frame=2489|row=2269,12,12624,True,True,True,False
wifib|device=12|capture=23Jan|frame=2510|row=2288,12,12643,True,True,True,False
wifib|device=12|capture=23Jan|frame=2643|row=2407,12,12762,True,True,True,False
wifib|device=12|capture=23Jan|frame=2460|row=2242,12,12597,True,True,True,False
wifib|device=12|capture=23Jan|frame=2253|row=2055,12,12410,True,True,True,False
wifib|device=12|capture=23Jan|frame=2461|row=2243,12,12598,True,True,True,False
wifib|device=12|capture=23Jan|frame=2688|row=2450,12,12805,True,True,True,False
wifib|device=12|capture=23Jan|frame=2419|row=2203,12,12558,True,True,True,False
wifib|device=12|capture=23Jan|frame=2528|row=2302,12,12657,True,True,True,False
wifib|device=12|capture=23Jan|frame=2495|row=2275,12,12630,True,True,True,False
wifib|device=12|capture=23Jan|frame=2307|row=2105,12,12460,True,True,True,False
wifib|device=12|capture=23Jan|frame=2563|row=2337,12,12692,True,True,True,False
wifib|device=12|capture=23Jan|frame=2247|row=2049,12,12404,True,True,True,False
wifib|device=12|capture=23Jan|frame=2502|row=2282,12,12637,True,True,True,False
wifib|device=12|capture=23Jan|frame=2716|row=2478,12,12833,True,True,True,False
wifib|device=12|capture=23Jan|frame=2439|row=2221,12,12576,True,True,True,False
wifib|device=12|capture=23Jan|frame=2529|row=2303,12,12658,True,True,True,False
wifib|device=12|capture=23Jan|frame=2392|row=2180,12,12535,True,True,True,False
wifib|device=12|capture=23Jan|frame=2340|row=2134,12,12489,True,True,True,False
wifib|device=12|capture=23Jan|frame=2543|row=2317,12,12672,True,True,True,False
wifib|device=12|capture=23Jan|frame=2472|row=2254,12,12609,True,True,True,False
wifib|device=12|capture=23Jan|frame=2623|row=2387,12,12742,True,True,True,False
wifib|device=12|capture=23Jan|frame=2371|row=2163,12,12518,True,True,True,False
wifib|device=12|capture=23Jan|frame=2633|row=2397,12,12752,True,True,True,False
wifib|device=12|capture=23Jan|frame=2481|row=2263,12,12618,True,True,True,False
wifib|device=12|capture=23Jan|frame=2356|row=2148,12,12503,True,True,True,False
wifib|device=12|capture=23Jan|frame=2181|row=2004,12,12359,True,True,True,False
wifib|device=12|capture=23Jan|frame=2363|row=2155,12,12510,True,True,True,False
wifib|device=12|capture=23Jan|frame=2302|row=2102,12,12457,True,True,True,False
wifib|device=12|capture=23Jan|frame=2516|row=2292,12,12647,True,True,True,False
wifib|device=12|capture=23Jan|frame=2183|row=2006,12,12361,True,True,True,False
wifib|device=12|capture=23Jan|frame=2450|row=2232,12,12587,True,True,True,False
wifib|device=12|capture=23Jan|frame=2628|row=2392,12,12747,True,True,True,False
wifib|device=12|capture=23Jan|frame=2278|row=2078,12,12433,True,True,True,False
wifib|device=12|capture=23Jan|frame=2763|row=2523,12,12878,True,True,True,False
wifib|device=12|capture=23Jan|frame=2394|row=2182,12,12537,True,True,True,False
wifib|device=12|capture=23Jan|frame=2287|row=2087,12,12442,True,True,True,False
wifib|device=12|capture=23Jan|frame=2375|row=2167,12,12522,True,True,True,False
wifib|device=12|capture=23Jan|frame=2695|row=2457,12,12812,True,True,True,False
wifib|device=12|capture=23Jan|frame=2705|row=2467,12,12822,True,True,True,False
wifib|device=12|capture=23Jan|frame=2682|row=2444,12,12799,True,True,True,False
wifib|device=12|capture=23Jan|frame=2720|row=2482,12,12837,True,True,True,False
wifib|device=12|capture=23Jan|frame=2396|row=2184,12,12539,True,True,True,False
wifib|device=12|capture=23Jan|frame=2429|row=2211,12,12566,True,True,True,False
wifib|device=12|capture=23Jan|frame=2478|row=2260,12,12615,True,True,True,False
wifib|device=12|capture=23Jan|frame=2740|row=2500,12,12855,True,True,True,False
wifib|device=12|capture=23Jan|frame=2338|row=2132,12,12487,True,True,True,False
wifib|device=12|capture=23Jan|frame=2715|row=2477,12,12832,True,True,True,False
wifib|device=12|capture=23Jan|frame=2501|row=2281,12,12636,True,True,True,False
wifib|device=12|capture=23Jan|frame=2515|row=2291,12,12646,True,True,True,False
wifib|device=12|capture=23Jan|frame=2745|row=2505,12,12860,True,True,True,False
wifib|device=12|capture=23Jan|frame=2359|row=2151,12,12506,True,True,True,False
wifib|device=12|capture=23Jan|frame=2404|row=2190,12,12545,True,True,True,False
wifib|device=12|capture=23Jan|frame=2732|row=2494,12,12849,True,True,True,False
wifib|device=12|capture=23Jan|frame=2734|row=2496,12,12851,True,True,True,False
wifib|device=12|capture=23Jan|frame=2435|row=2217,12,12572,True,True,True,False
wifib|device=12|capture=23Jan|frame=2430|row=2212,12,12567,True,True,True,False
wifib|device=12|capture=23Jan|frame=2555|row=2329,12,12684,True,True,True,False
wifib|device=12|capture=23Jan|frame=2177|row=2002,12,12357,True,True,True,False
wifib|device=12|capture=23Jan|frame=2616|row=2382,12,12737,True,True,True,False
wifib|device=12|capture=23Jan|frame=2339|row=2133,12,12488,True,True,True,False
wifib|device=12|capture=23Jan|frame=2606|row=2376,12,12731,True,True,True,False
wifib|device=12|capture=23Jan|frame=2335|row=2129,12,12484,True,True,True,False
wifib|device=12|capture=23Jan|frame=2237|row=2045,12,12400,True,True,True,False
wifib|device=12|capture=23Jan|frame=2570|row=2344,12,12699,True,True,True,False
wifib|device=12|capture=23Jan|frame=2548|row=2322,12,12677,True,True,True,False
wifib|device=12|capture=23Jan|frame=2193|row=2012,12,12367,True,True,True,False
wifib|device=12|capture=23Jan|frame=2671|row=2433,12,12788,True,True,True,False
wifib|device=12|capture=23Jan|frame=2440|row=2222,12,12577,True,True,True,False
wifib|device=12|capture=23Jan|frame=2541|row=2315,12,12670,True,True,True,False
wifib|device=12|capture=23Jan|frame=2476|row=2258,12,12613,True,True,True,False
wifib|device=12|capture=23Jan|frame=2503|row=2283,12,12638,True,True,True,False
wifib|device=12|capture=23Jan|frame=2361|row=2153,12,12508,True,True,True,False
wifib|device=12|capture=23Jan|frame=2276|row=2076,12,12431,True,True,True,False
wifib|device=12|capture=23Jan|frame=2225|row=2035,12,12390,True,True,True,False
wifib|device=12|capture=23Jan|frame=2257|row=2059,12,12414,True,True,True,False
wifib|device=12|capture=23Jan|frame=2456|row=2238,12,12593,True,True,True,False
wifib|device=12|capture=23Jan|frame=2595|row=2365,12,12720,True,True,True,False
wifib|device=12|capture=23Jan|frame=2753|row=2513,12,12868,True,True,True,False
wifib|device=12|capture=23Jan|frame=2271|row=2071,12,12426,True,True,True,False
wifib|device=12|capture=23Jan|frame=2574|row=2348,12,12703,True,True,True,False
wifib|device=12|capture=23Jan|frame=2629|row=2393,12,12748,True,True,True,False
wifib|device=12|capture=23Jan|frame=2174|row=1999,12,12354,True,True,True,False
wifib|device=12|capture=23Jan|frame=2206|row=2023,12,12378,True,True,True,False
wifib|device=12|capture=23Jan|frame=2482|row=2264,12,12619,True,True,True,False
wifib|device=12|capture=23Jan|frame=2644|row=2408,12,12763,True,True,True,False
wifib|device=12|capture=23Jan|frame=2178|row=2003,12,12358,True,True,True,False
wifib|device=12|capture=23Jan|frame=2685|row=2447,12,12802,True,True,True,False
wifib|device=12|capture=23Jan|frame=2290|row=2090,12,12445,True,True,True,False
wifib|device=12|capture=23Jan|frame=2589|row=2361,12,12716,True,True,True,False
wifib|device=12|capture=23Jan|frame=2403|row=2189,12,12544,True,True,True,False
wifib|device=12|capture=23Jan|frame=2282|row=2082,12,12437,True,True,True,False
wifib|device=12|capture=23Jan|frame=2582|row=2354,12,12709,True,True,True,False
wifib|device=12|capture=23Jan|frame=2155|row=1982,12,12337,True,True,True,False
wifib|device=12|capture=23Jan|frame=2596|row=2366,12,12721,True,True,True,False
wifib|device=12|capture=23Jan|frame=2634|row=2398,12,12753,True,True,True,False
wifib|device=12|capture=23Jan|frame=2444|row=2226,12,12581,True,True,True,False
wifib|device=12|capture=23Jan|frame=2406|row=2192,12,12547,True,True,True,False
wifib|device=12|capture=23Jan|frame=2526|row=2300,12,12655,True,True,True,False
wifib|device=12|capture=23Jan|frame=2557|row=2331,12,12686,True,True,True,False
wifib|device=12|capture=23Jan|frame=2442|row=2224,12,12579,True,True,True,False
wifib|device=12|capture=23Jan|frame=2352|row=2144,12,12499,True,True,True,False
wifib|device=12|capture=23Jan|frame=2474|row=2256,12,12611,True,True,True,False
wifib|device=12|capture=23Jan|frame=2343|row=2137,12,12492,True,True,True,False
wifib|device=12|capture=23Jan|frame=2337|row=2131,12,12486,True,True,True,False
wifib|device=12|capture=23Jan|frame=2680|row=2442,12,12797,True,True,True,False
wifib|device=12|capture=23Jan|frame=2735|row=2497,12,12852,True,True,True,False
wifib|device=12|capture=23Jan|frame=2550|row=2324,12,12679,True,True,True,False
wifib|device=12|capture=23Jan|frame=2341|row=2135,12,12490,True,True,True,False
wifib|device=12|capture=23Jan|frame=2649|row=2413,12,12768,True,True,True,False
wifib|device=12|capture=23Jan|frame=2754|row=2514,12,12869,True,True,True,False
wifib|device=12|capture=23Jan|frame=2370|row=2162,12,12517,True,True,True,False
wifib|device=12|capture=23Jan|frame=2311|row=2109,12,12464,True,True,True,False
wifib|device=12|capture=23Jan|frame=2575|row=2349,12,12704,True,True,True,False
wifib|device=12|capture=23Jan|frame=2200|row=2019,12,12374,True,True,True,False
wifib|device=12|capture=23Jan|frame=2286|row=2086,12,12441,True,True,True,False
wifib|device=12|capture=23Jan|frame=2488|row=2268,12,12623,True,True,True,False
wifib|device=12|capture=23Jan|frame=2683|row=2445,12,12800,True,True,True,False
wifib|device=12|capture=23Jan|frame=2317|row=2115,12,12470,True,True,True,False
wifib|device=12|capture=23Jan|frame=2374|row=2166,12,12521,True,True,True,False
wifib|device=12|capture=23Jan|frame=2743|row=2503,12,12858,True,True,True,False
wifib|device=12|capture=23Jan|frame=2432|row=2214,12,12569,True,True,True,False
wifib|device=12|capture=23Jan|frame=2584|row=2356,12,12711,True,True,True,False
wifib|device=12|capture=23Jan|frame=2647|row=2411,12,12766,True,True,True,False
wifib|device=12|capture=23Jan|frame=2158|row=1985,12,12340,True,True,True,False
wifib|device=15|capture=23Jan|frame=2624|row=2278,15,16301,True,True,True,True
wifib|device=15|capture=23Jan|frame=2451|row=2121,15,16144,True,True,True,True
wifib|device=15|capture=23Jan|frame=2677|row=2323,15,16346,True,True,True,True
wifib|device=15|capture=23Jan|frame=2275|row=1965,15,15988,True,True,True,True
wifib|device=15|capture=23Jan|frame=2763|row=2399,15,16422,True,True,True,True
wifib|device=15|capture=23Jan|frame=2425|row=2101,15,16124,True,True,True,True
wifib|device=15|capture=23Jan|frame=2524|row=2186,15,16209,True,True,True,True
wifib|device=15|capture=23Jan|frame=2713|row=2355,15,16378,True,True,True,True
wifib|device=15|capture=23Jan|frame=2277|row=1967,15,15990,True,True,True,True
wifib|device=15|capture=23Jan|frame=2666|row=2314,15,16337,True,True,True,True
wifib|device=15|capture=23Jan|frame=2663|row=2311,15,16334,True,True,True,False
wifib|device=15|capture=23Jan|frame=2274|row=1964,15,15987,True,True,True,False
wifib|device=15|capture=23Jan|frame=2323|row=2013,15,16036,True,True,True,False
wifib|device=15|capture=23Jan|frame=2744|row=2382,15,16405,True,True,True,False
wifib|device=15|capture=23Jan|frame=2416|row=2094,15,16117,True,True,True,False
wifib|device=15|capture=23Jan|frame=2183|row=1895,15,15918,True,True,True,False
wifib|device=15|capture=23Jan|frame=2474|row=2144,15,16167,True,True,True,False
wifib|device=15|capture=23Jan|frame=2493|row=2161,15,16184,True,True,True,False
wifib|device=15|capture=23Jan|frame=2333|row=2023,15,16046,True,True,True,False
wifib|device=15|capture=23Jan|frame=2495|row=2163,15,16186,True,True,True,False
wifib|device=15|capture=23Jan|frame=2626|row=2280,15,16303,True,True,True,False
wifib|device=15|capture=23Jan|frame=2632|row=2286,15,16309,True,True,True,False
wifib|device=15|capture=23Jan|frame=2447|row=2117,15,16140,True,True,True,False
wifib|device=15|capture=23Jan|frame=2502|row=2170,15,16193,True,True,True,False
wifib|device=15|capture=23Jan|frame=2514|row=2178,15,16201,True,True,True,False
wifib|device=15|capture=23Jan|frame=2603|row=2259,15,16282,True,True,True,False
wifib|device=15|capture=23Jan|frame=2538|row=2200,15,16223,True,True,True,False
wifib|device=15|capture=23Jan|frame=2661|row=2309,15,16332,True,True,True,False
wifib|device=15|capture=23Jan|frame=2648|row=2298,15,16321,True,True,True,False
wifib|device=15|capture=23Jan|frame=2408|row=2086,15,16109,True,True,True,False
wifib|device=15|capture=23Jan|frame=2752|row=2390,15,16413,True,True,True,False
wifib|device=15|capture=23Jan|frame=2384|row=2070,15,16093,True,True,True,False
wifib|device=15|capture=23Jan|frame=2553|row=2215,15,16238,True,True,True,False
wifib|device=15|capture=23Jan|frame=2339|row=2029,15,16052,True,True,True,False
wifib|device=15|capture=23Jan|frame=2272|row=1962,15,15985,True,True,True,False
wifib|device=15|capture=23Jan|frame=2697|row=2343,15,16366,True,True,True,False
wifib|device=15|capture=23Jan|frame=2722|row=2364,15,16387,True,True,True,False
wifib|device=15|capture=23Jan|frame=2335|row=2025,15,16048,True,True,True,False
wifib|device=15|capture=23Jan|frame=2219|row=1919,15,15942,True,True,True,False
wifib|device=15|capture=23Jan|frame=2289|row=1979,15,16002,True,True,True,False
wifib|device=15|capture=23Jan|frame=2380|row=2066,15,16089,True,True,True,False
wifib|device=15|capture=23Jan|frame=2241|row=1937,15,15960,True,True,True,False
wifib|device=15|capture=23Jan|frame=2705|row=2349,15,16372,True,True,True,False
wifib|device=15|capture=23Jan|frame=2437|row=2107,15,16130,True,True,True,False
wifib|device=15|capture=23Jan|frame=2510|row=2174,15,16197,True,True,True,False
wifib|device=15|capture=23Jan|frame=2266|row=1956,15,15979,True,True,True,False
wifib|device=15|capture=23Jan|frame=2658|row=2306,15,16329,True,True,True,False
wifib|device=15|capture=23Jan|frame=2659|row=2307,15,16330,True,True,True,False
wifib|device=15|capture=23Jan|frame=2411|row=2089,15,16112,True,True,True,False
wifib|device=15|capture=23Jan|frame=2585|row=2243,15,16266,True,True,True,False
wifib|device=15|capture=23Jan|frame=2166|row=1880,15,15903,True,True,True,False
wifib|device=15|capture=23Jan|frame=2442|row=2112,15,16135,True,True,True,False
wifib|device=15|capture=23Jan|frame=2308|row=1998,15,16021,True,True,True,False
wifib|device=15|capture=23Jan|frame=2349|row=2037,15,16060,True,True,True,False
wifib|device=15|capture=23Jan|frame=2267|row=1957,15,15980,True,True,True,False
wifib|device=15|capture=23Jan|frame=2450|row=2120,15,16143,True,True,True,False
wifib|device=15|capture=23Jan|frame=2534|row=2196,15,16219,True,True,True,False
wifib|device=15|capture=23Jan|frame=2608|row=2264,15,16287,True,True,True,False
wifib|device=15|capture=23Jan|frame=2695|row=2341,15,16364,True,True,True,False
wifib|device=15|capture=23Jan|frame=2235|row=1931,15,15954,True,True,True,False
wifib|device=15|capture=23Jan|frame=2590|row=2248,15,16271,True,True,True,False
wifib|device=15|capture=23Jan|frame=2583|row=2241,15,16264,True,True,True,False
wifib|device=15|capture=23Jan|frame=2738|row=2376,15,16399,True,True,True,False
wifib|device=15|capture=23Jan|frame=2687|row=2333,15,16356,True,True,True,False
wifib|device=15|capture=23Jan|frame=2286|row=1976,15,15999,True,True,True,False
wifib|device=15|capture=23Jan|frame=2213|row=1913,15,15936,True,True,True,False
wifib|device=15|capture=23Jan|frame=2551|row=2213,15,16236,True,True,True,False
wifib|device=15|capture=23Jan|frame=2574|row=2234,15,16257,True,True,True,False
wifib|device=15|capture=23Jan|frame=2508|row=2172,15,16195,True,True,True,False
wifib|device=15|capture=23Jan|frame=2656|row=2304,15,16327,True,True,True,False
wifib|device=15|capture=23Jan|frame=2313|row=2003,15,16026,True,True,True,False
wifib|device=15|capture=23Jan|frame=2521|row=2183,15,16206,True,True,True,False
wifib|device=15|capture=23Jan|frame=2755|row=2393,15,16416,True,True,True,False
wifib|device=15|capture=23Jan|frame=2679|row=2325,15,16348,True,True,True,False
wifib|device=15|capture=23Jan|frame=2640|row=2294,15,16317,True,True,True,False
wifib|device=15|capture=23Jan|frame=2704|row=2348,15,16371,True,True,True,False
wifib|device=15|capture=23Jan|frame=2586|row=2244,15,16267,True,True,True,False
wifib|device=15|capture=23Jan|frame=2383|row=2069,15,16092,True,True,True,False
wifib|device=15|capture=23Jan|frame=2537|row=2199,15,16222,True,True,True,False
wifib|device=15|capture=23Jan|frame=2204|row=1906,15,15929,True,True,True,False
wifib|device=15|capture=23Jan|frame=2754|row=2392,15,16415,True,True,True,False
wifib|device=15|capture=23Jan|frame=2355|row=2043,15,16066,True,True,True,False
wifib|device=15|capture=23Jan|frame=2258|row=1950,15,15973,True,True,True,False
wifib|device=15|capture=23Jan|frame=2494|row=2162,15,16185,True,True,True,False
wifib|device=15|capture=23Jan|frame=2334|row=2024,15,16047,True,True,True,False
wifib|device=15|capture=23Jan|frame=2584|row=2242,15,16265,True,True,True,False
wifib|device=15|capture=23Jan|frame=2482|row=2152,15,16175,True,True,True,False
wifib|device=15|capture=23Jan|frame=2397|row=2079,15,16102,True,True,True,False
wifib|device=15|capture=23Jan|frame=2638|row=2292,15,16315,True,True,True,False
wifib|device=15|capture=23Jan|frame=2169|row=1883,15,15906,True,True,True,False
wifib|device=15|capture=23Jan|frame=2243|row=1939,15,15962,True,True,True,False
wifib|device=15|capture=23Jan|frame=2438|row=2108,15,16131,True,True,True,False
wifib|device=15|capture=23Jan|frame=2467|row=2137,15,16160,True,True,True,False
wifib|device=15|capture=23Jan|frame=2572|row=2232,15,16255,True,True,True,False
wifib|device=15|capture=23Jan|frame=2317|row=2007,15,16030,True,True,True,False
wifib|device=15|capture=23Jan|frame=2670|row=2316,15,16339,True,True,True,False
wifib|device=15|capture=23Jan|frame=2228|row=1926,15,15949,True,True,True,False
wifib|device=15|capture=23Jan|frame=2393|row=2077,15,16100,True,True,True,False
wifib|device=15|capture=23Jan|frame=2536|row=2198,15,16221,True,True,True,False
wifib|device=15|capture=23Jan|frame=2669|row=2315,15,16338,True,True,True,False
wifib|device=15|capture=23Jan|frame=2270|row=1960,15,15983,True,True,True,False
wifib|device=15|capture=23Jan|frame=2680|row=2326,15,16349,True,True,True,False
wifib|device=15|capture=23Jan|frame=2760|row=2398,15,16421,True,True,True,False
wifib|device=15|capture=23Jan|frame=2711|row=2353,15,16376,True,True,True,False
wifib|device=15|capture=23Jan|frame=2550|row=2212,15,16235,True,True,True,False
wifib|device=15|capture=23Jan|frame=2743|row=2381,15,16404,True,True,True,False
wifib|device=15|capture=23Jan|frame=2731|row=2373,15,16396,True,True,True,False
wifib|device=15|capture=23Jan|frame=2293|row=1983,15,16006,True,True,True,False
wifib|device=15|capture=23Jan|frame=2303|row=1993,15,16016,True,True,True,False
wifib|device=15|capture=23Jan|frame=2518|row=2180,15,16203,True,True,True,False
wifib|device=15|capture=23Jan|frame=2555|row=2217,15,16240,True,True,True,False
wifib|device=15|capture=23Jan|frame=2376|row=2062,15,16085,True,True,True,False
wifib|device=15|capture=23Jan|frame=2739|row=2377,15,16400,True,True,True,False
wifib|device=15|capture=23Jan|frame=2319|row=2009,15,16032,True,True,True,False
wifib|device=15|capture=23Jan|frame=2575|row=2235,15,16258,True,True,True,False
wifib|device=15|capture=23Jan|frame=2606|row=2262,15,16285,True,True,True,False
wifib|device=15|capture=23Jan|frame=2179|row=1891,15,15914,True,True,True,False
wifib|device=15|capture=23Jan|frame=2189|row=1897,15,15920,True,True,True,False
wifib|device=15|capture=23Jan|frame=2445|row=2115,15,16138,True,True,True,False
wifib|device=15|capture=23Jan|frame=2622|row=2276,15,16299,True,True,True,False
wifib|device=15|capture=23Jan|frame=2567|row=2227,15,16250,True,True,True,False
wifib|device=15|capture=23Jan|frame=2727|row=2369,15,16392,True,True,True,False
wifib|device=15|capture=23Jan|frame=2294|row=1984,15,16007,True,True,True,False
wifib|device=15|capture=23Jan|frame=2595|row=2253,15,16276,True,True,True,False
wifib|device=15|capture=23Jan|frame=2726|row=2368,15,16391,True,True,True,False
wifib|device=15|capture=23Jan|frame=2676|row=2322,15,16345,True,True,True,False
wifib|device=15|capture=23Jan|frame=2723|row=2365,15,16388,True,True,True,False
wifib|device=15|capture=23Jan|frame=2759|row=2397,15,16420,True,True,True,False
wifib|device=15|capture=23Jan|frame=2374|row=2060,15,16083,True,True,True,False
wifib|device=15|capture=23Jan|frame=2348|row=2036,15,16059,True,True,True,False
wifib|device=15|capture=23Jan|frame=2271|row=1961,15,15984,True,True,True,False
wifib|device=15|capture=23Jan|frame=2444|row=2114,15,16137,True,True,True,False
wifib|device=15|capture=23Jan|frame=2500|row=2168,15,16191,True,True,True,False
wifib|device=15|capture=23Jan|frame=2587|row=2245,15,16268,True,True,True,False
wifib|device=15|capture=23Jan|frame=2290|row=1980,15,16003,True,True,True,False
wifib|device=15|capture=23Jan|frame=2190|row=1898,15,15921,True,True,True,False
wifib|device=15|capture=23Jan|frame=2164|row=1878,15,15901,True,True,True,False
wifib|device=15|capture=23Jan|frame=2539|row=2201,15,16224,True,True,True,False
wifib|device=15|capture=23Jan|frame=2690|row=2336,15,16359,True,True,True,False
wifib|device=15|capture=23Jan|frame=2556|row=2218,15,16241,True,True,True,False
wifib|device=15|capture=23Jan|frame=2545|row=2207,15,16230,True,True,True,False
wifib|device=15|capture=23Jan|frame=2478|row=2148,15,16171,True,True,True,False
wifib|device=15|capture=23Jan|frame=2176|row=1888,15,15911,True,True,True,False
wifib|device=15|capture=23Jan|frame=2353|row=2041,15,16064,True,True,True,False
wifib|device=15|capture=23Jan|frame=2512|row=2176,15,16199,True,True,True,False
wifib|device=15|capture=23Jan|frame=2318|row=2008,15,16031,True,True,True,False
wifib|device=15|capture=23Jan|frame=2742|row=2380,15,16403,True,True,True,False
wifib|device=15|capture=23Jan|frame=2165|row=1879,15,15902,True,True,True,False
wifib|device=15|capture=23Jan|frame=2681|row=2327,15,16350,True,True,True,False
wifib|device=15|capture=23Jan|frame=2217|row=1917,15,15940,True,True,True,False
wifib|device=15|capture=23Jan|frame=2391|row=2075,15,16098,True,True,True,False
wifib|device=15|capture=23Jan|frame=2750|row=2388,15,16411,True,True,True,False
wifib|device=15|capture=23Jan|frame=2200|row=1904,15,15927,True,True,True,False
wifib|device=15|capture=23Jan|frame=2729|row=2371,15,16394,True,True,True,False
wifib|device=15|capture=23Jan|frame=2554|row=2216,15,16239,True,True,True,False
wifib|device=15|capture=23Jan|frame=2322|row=2012,15,16035,True,True,True,False
wifib|device=15|capture=23Jan|frame=2415|row=2093,15,16116,True,True,True,False
wifib|device=15|capture=23Jan|frame=2751|row=2389,15,16412,True,True,True,False
wifib|device=15|capture=23Jan|frame=2443|row=2113,15,16136,True,True,True,False
wifib|device=15|capture=23Jan|frame=2312|row=2002,15,16025,True,True,True,False
wifib|device=15|capture=23Jan|frame=2699|row=2345,15,16368,True,True,True,False
wifib|device=15|capture=23Jan|frame=2181|row=1893,15,15916,True,True,True,False
wifib|device=15|capture=23Jan|frame=2562|row=2222,15,16245,True,True,True,False
wifib|device=15|capture=23Jan|frame=2486|row=2156,15,16179,True,True,True,False
wifib|device=15|capture=23Jan|frame=2210|row=1910,15,15933,True,True,True,False
wifib|device=15|capture=23Jan|frame=2651|row=2301,15,16324,True,True,True,False
wifib|device=15|capture=23Jan|frame=2497|row=2165,15,16188,True,True,True,False
wifib|device=15|capture=23Jan|frame=2358|row=2046,15,16069,True,True,True,False
wifib|device=15|capture=23Jan|frame=2480|row=2150,15,16173,True,True,True,False
wifib|device=15|capture=23Jan|frame=2496|row=2164,15,16187,True,True,True,False
wifib|device=15|capture=23Jan|frame=2264|row=1954,15,15977,True,True,True,False
wifib|device=15|capture=23Jan|frame=2352|row=2040,15,16063,True,True,True,False
wifib|device=15|capture=23Jan|frame=2547|row=2209,15,16232,True,True,True,False
wifib|device=15|capture=23Jan|frame=2439|row=2109,15,16132,True,True,True,False
wifib|device=15|capture=23Jan|frame=2300|row=1990,15,16013,True,True,True,False
wifib|device=15|capture=23Jan|frame=2620|row=2274,15,16297,True,True,True,False
wifib|device=15|capture=23Jan|frame=2689|row=2335,15,16358,True,True,True,False
wifib|device=15|capture=23Jan|frame=2249|row=1943,15,15966,True,True,True,False
wifib|device=15|capture=23Jan|frame=2366|row=2052,15,16075,True,True,True,False
wifib|device=15|capture=23Jan|frame=2284|row=1974,15,15997,True,True,True,False
wifib|device=15|capture=23Jan|frame=2292|row=1982,15,16005,True,True,True,False
wifib|device=15|capture=23Jan|frame=2715|row=2357,15,16380,True,True,True,False
wifib|device=15|capture=23Jan|frame=2371|row=2057,15,16080,True,True,True,False
wifib|device=15|capture=23Jan|frame=2568|row=2228,15,16251,True,True,True,False
wifib|device=15|capture=23Jan|frame=2273|row=1963,15,15986,True,True,True,False
wifib|device=15|capture=23Jan|frame=2657|row=2305,15,16328,True,True,True,False
wifib|device=15|capture=23Jan|frame=2198|row=1902,15,15925,True,True,True,False
wifib|device=15|capture=23Jan|frame=2591|row=2249,15,16272,True,True,True,False
wifib|device=15|capture=23Jan|frame=2481|row=2151,15,16174,True,True,True,False
wifib|device=15|capture=23Jan|frame=2714|row=2356,15,16379,True,True,True,False
wifib|device=15|capture=23Jan|frame=2593|row=2251,15,16274,True,True,True,False
wifib|device=15|capture=23Jan|frame=2311|row=2001,15,16024,True,True,True,False
wifib|device=15|capture=23Jan|frame=2420|row=2098,15,16121,True,True,True,False
wifib|device=15|capture=23Jan|frame=2758|row=2396,15,16419,True,True,True,False
wifib|device=15|capture=23Jan|frame=2247|row=1941,15,15964,True,True,True,False
wifib|device=15|capture=23Jan|frame=2432|row=2106,15,16129,True,True,True,False
wifib|device=15|capture=23Jan|frame=2421|row=2099,15,16122,True,True,True,False
wifib|device=15|capture=23Jan|frame=2363|row=2049,15,16072,True,True,True,False
wifib|device=15|capture=23Jan|frame=2375|row=2061,15,16084,True,True,True,False
wifib|device=15|capture=23Jan|frame=2214|row=1914,15,15937,True,True,True,False
wifib|device=15|capture=23Jan|frame=2652|row=2302,15,16325,True,True,True,False
wifib|device=15|capture=23Jan|frame=2457|row=2127,15,16150,True,True,True,False
wifib|device=15|capture=23Jan|frame=2168|row=1882,15,15905,True,True,True,False
wifib|device=15|capture=23Jan|frame=2749|row=2387,15,16410,True,True,True,False
wifib|device=15|capture=23Jan|frame=2296|row=1986,15,16009,True,True,True,False
wifib|device=15|capture=23Jan|frame=2418|row=2096,15,16119,True,True,True,False
wifib|device=15|capture=23Jan|frame=2600|row=2258,15,16281,True,True,True,False
wifib|device=15|capture=23Jan|frame=2178|row=1890,15,15913,True,True,True,False
wifib|device=15|capture=23Jan|frame=2517|row=2179,15,16202,True,True,True,False
wifib|device=15|capture=23Jan|frame=2426|row=2102,15,16125,True,True,True,False
wifib|device=15|capture=23Jan|frame=2581|row=2239,15,16262,True,True,True,False
wifib|device=15|capture=23Jan|frame=2216|row=1916,15,15939,True,True,True,False
wifib|device=15|capture=23Jan|frame=2634|row=2288,15,16311,True,True,True,False
wifib|device=15|capture=23Jan|frame=2683|row=2329,15,16352,True,True,True,False
wifib|device=15|capture=23Jan|frame=2526|row=2188,15,16211,True,True,True,False
wifib|device=15|capture=23Jan|frame=2639|row=2293,15,16316,True,True,True,False
wifib|device=15|capture=23Jan|frame=2230|row=1928,15,15951,True,True,True,False
wifib|device=15|capture=23Jan|frame=2730|row=2372,15,16395,True,True,True,False
wifib|device=15|capture=23Jan|frame=2199|row=1903,15,15926,True,True,True,False
wifib|device=15|capture=23Jan|frame=2218|row=1918,15,15941,True,True,True,False
wifib|device=15|capture=23Jan|frame=2710|row=2352,15,16375,True,True,True,False
wifib|device=15|capture=23Jan|frame=2379|row=2065,15,16088,True,True,True,False
wifib|device=15|capture=23Jan|frame=2589|row=2247,15,16270,True,True,True,False
wifib|device=15|capture=23Jan|frame=2462|row=2132,15,16155,True,True,True,False
wifib|device=15|capture=23Jan|frame=2471|row=2141,15,16164,True,True,True,False
wifib|device=15|capture=23Jan|frame=2660|row=2308,15,16331,True,True,True,False
wifib|device=15|capture=23Jan|frame=2357|row=2045,15,16068,True,True,True,False
wifib|device=15|capture=23Jan|frame=2463|row=2133,15,16156,True,True,True,False
wifib|device=15|capture=23Jan|frame=2741|row=2379,15,16402,True,True,True,False
wifib|device=15|capture=23Jan|frame=2734|row=2374,15,16397,True,True,True,False
wifib|device=15|capture=23Jan|frame=2476|row=2146,15,16169,True,True,True,False
wifib|device=15|capture=23Jan|frame=2479|row=2149,15,16172,True,True,True,False
wifib|device=15|capture=23Jan|frame=2252|row=1946,15,15969,True,True,True,False
wifib|device=15|capture=23Jan|frame=2388|row=2072,15,16095,True,True,True,False
wifib|device=15|capture=23Jan|frame=2298|row=1988,15,16011,True,True,True,False
wifib|device=15|capture=23Jan|frame=2718|row=2360,15,16383,True,True,True,False
wifib|device=15|capture=23Jan|frame=2338|row=2028,15,16051,True,True,True,False
wifib|device=15|capture=23Jan|frame=2449|row=2119,15,16142,True,True,True,False
wifib|device=15|capture=23Jan|frame=2616|row=2270,15,16293,True,True,True,False
wifib|device=15|capture=23Jan|frame=2671|row=2317,15,16340,True,True,True,False
wifib|device=15|capture=23Jan|frame=2746|row=2384,15,16407,True,True,True,False
wifib|device=15|capture=23Jan|frame=2440|row=2110,15,16133,True,True,True,False
wifib|device=15|capture=23Jan|frame=2173|row=1885,15,15908,True,True,True,False
wifib|device=15|capture=23Jan|frame=2630|row=2284,15,16307,True,True,True,False
wifib|device=15|capture=23Jan|frame=2700|row=2346,15,16369,True,True,True,False
wifib|device=15|capture=23Jan|frame=2637|row=2291,15,16314,True,True,True,False
wifib|device=15|capture=23Jan|frame=2191|row=1899,15,15922,True,True,True,False
wifib|device=15|capture=23Jan|frame=2356|row=2044,15,16067,True,True,True,False
wifib|device=15|capture=23Jan|frame=2692|row=2338,15,16361,True,True,True,False
wifib|device=15|capture=23Jan|frame=2372|row=2058,15,16081,True,True,True,False
wifib|device=15|capture=23Jan|frame=2404|row=2084,15,16107,True,True,True,False
wifib|device=15|capture=23Jan|frame=2309|row=1999,15,16022,True,True,True,False
wifib|device=15|capture=23Jan|frame=2563|row=2223,15,16246,True,True,True,False
wifib|device=15|capture=23Jan|frame=2405|row=2085,15,16108,True,True,True,False
wifib|device=15|capture=23Jan|frame=2618|row=2272,15,16295,True,True,True,False
wifib|device=15|capture=23Jan|frame=2412|row=2090,15,16113,True,True,True,False
wifib|device=15|capture=23Jan|frame=2246|row=1940,15,15963,True,True,True,False
wifib|device=15|capture=23Jan|frame=2177|row=1889,15,15912,True,True,True,False
wifib|device=15|capture=23Jan|frame=2427|row=2103,15,16126,True,True,True,False
wifib|device=15|capture=23Jan|frame=2329|row=2019,15,16042,True,True,True,False
wifib|device=15|capture=23Jan|frame=2628|row=2282,15,16305,True,True,True,False
wifib|device=15|capture=23Jan|frame=2197|row=1901,15,15924,True,True,True,False
wifib|device=15|capture=23Jan|frame=2410|row=2088,15,16111,True,True,True,False
wifib|device=15|capture=23Jan|frame=2631|row=2285,15,16308,True,True,True,False
wifib|device=15|capture=23Jan|frame=2281|row=1971,15,15994,True,True,True,False
wifib|device=15|capture=23Jan|frame=2592|row=2250,15,16273,True,True,True,False
wifib|device=15|capture=23Jan|frame=2282|row=1972,15,15995,True,True,True,False
wifib|device=15|capture=23Jan|frame=2513|row=2177,15,16200,True,True,True,False
wifib|device=15|capture=23Jan|frame=2549|row=2211,15,16234,True,True,True,False
wifib|device=15|capture=23Jan|frame=2641|row=2295,15,16318,True,True,True,False
wifib|device=15|capture=23Jan|frame=2613|row=2267,15,16290,True,True,True,False
wifib|device=15|capture=23Jan|frame=2343|row=2033,15,16056,True,True,True,False
wifib|device=15|capture=23Jan|frame=2678|row=2324,15,16347,True,True,True,False
wifib|device=15|capture=23Jan|frame=2636|row=2290,15,16313,True,True,True,False
wifib|device=15|capture=23Jan|frame=2520|row=2182,15,16205,True,True,True,False
wifib|device=15|capture=23Jan|frame=2570|row=2230,15,16253,True,True,True,False
wifib|device=15|capture=23Jan|frame=2468|row=2138,15,16161,True,True,True,False
wifib|device=15|capture=23Jan|frame=2673|row=2319,15,16342,True,True,True,False
wifib|device=15|capture=23Jan|frame=2279|row=1969,15,15992,True,True,True,False
wifib|device=15|capture=23Jan|frame=2499|row=2167,15,16190,True,True,True,False
wifib|device=15|capture=23Jan|frame=2276|row=1966,15,15989,True,True,True,False
wifib|device=15|capture=23Jan|frame=2304|row=1994,15,16017,True,True,True,False
wifib|device=15|capture=23Jan|frame=2398|row=2080,15,16103,True,True,True,False
wifib|device=15|capture=23Jan|frame=2327|row=2017,15,16040,True,True,True,False
wifib|device=15|capture=23Jan|frame=2441|row=2111,15,16134,True,True,True,False
wifib|device=15|capture=23Jan|frame=2409|row=2087,15,16110,True,True,True,False
wifib|device=15|capture=23Jan|frame=2473|row=2143,15,16166,True,True,True,False
wifib|device=15|capture=23Jan|frame=2728|row=2370,15,16393,True,True,True,False
wifib|device=15|capture=23Jan|frame=2528|row=2190,15,16213,True,True,True,False
wifib|device=15|capture=23Jan|frame=2610|row=2266,15,16289,True,True,True,False
wifib|device=15|capture=23Jan|frame=2301|row=1991,15,16014,True,True,True,False
wifib|device=15|capture=23Jan|frame=2629|row=2283,15,16306,True,True,True,False
wifib|device=15|capture=23Jan|frame=2403|row=2083,15,16106,True,True,True,False
wifib|device=15|capture=23Jan|frame=2251|row=1945,15,15968,True,True,True,False
wifib|device=15|capture=23Jan|frame=2597|row=2255,15,16278,True,True,True,False
wifib|device=15|capture=23Jan|frame=2431|row=2105,15,16128,True,True,True,False
wifib|device=15|capture=23Jan|frame=2541|row=2203,15,16226,True,True,True,False
wifib|device=15|capture=23Jan|frame=2464|row=2134,15,16157,True,True,True,False
wifib|device=15|capture=23Jan|frame=2237|row=1933,15,15956,True,True,True,False
wifib|device=15|capture=23Jan|frame=2582|row=2240,15,16263,True,True,True,False
wifib|device=15|capture=23Jan|frame=2369|row=2055,15,16078,True,True,True,False
wifib|device=15|capture=23Jan|frame=2321|row=2011,15,16034,True,True,True,False
wifib|device=15|capture=23Jan|frame=2347|row=2035,15,16058,True,True,True,False
wifib|device=15|capture=23Jan|frame=2649|row=2299,15,16322,True,True,True,False
wifib|device=15|capture=23Jan|frame=2453|row=2123,15,16146,True,True,True,False
wifib|device=15|capture=23Jan|frame=2392|row=2076,15,16099,True,True,True,False
wifib|device=15|capture=23Jan|frame=2647|row=2297,15,16320,True,True,True,False
wifib|device=15|capture=23Jan|frame=2532|row=2194,15,16217,True,True,True,False
wifib|device=15|capture=23Jan|frame=2675|row=2321,15,16344,True,True,True,False
wifib|device=15|capture=23Jan|frame=2635|row=2289,15,16312,True,True,True,False
wifib|device=15|capture=23Jan|frame=2740|row=2378,15,16401,True,True,True,False
wifib|device=15|capture=23Jan|frame=2285|row=1975,15,15998,True,True,True,False
wifib|device=15|capture=23Jan|frame=2527|row=2189,15,16212,True,True,True,False
wifib|device=15|capture=23Jan|frame=2619|row=2273,15,16296,True,True,True,False
wifib|device=15|capture=23Jan|frame=2531|row=2193,15,16216,True,True,True,False
wifib|device=15|capture=23Jan|frame=2509|row=2173,15,16196,True,True,True,False
wifib|device=15|capture=23Jan|frame=2576|row=2236,15,16259,True,True,True,False
wifib|device=15|capture=23Jan|frame=2250|row=1944,15,15967,True,True,True,False
wifib|device=15|capture=23Jan|frame=2344|row=2034,15,16057,True,True,True,False
wifib|device=15|capture=23Jan|frame=2222|row=1922,15,15945,True,True,True,False
wifib|device=15|capture=23Jan|frame=2694|row=2340,15,16363,True,True,True,False
wifib|device=15|capture=23Jan|frame=2469|row=2139,15,16162,True,True,True,False
wifib|device=15|capture=23Jan|frame=2365|row=2051,15,16074,True,True,True,False
wifib|device=15|capture=23Jan|frame=2242|row=1938,15,15961,True,True,True,False
wifib|device=15|capture=23Jan|frame=2623|row=2277,15,16300,True,True,True,False
wifib|device=15|capture=23Jan|frame=2724|row=2366,15,16389,True,True,True,False
wifib|device=15|capture=23Jan|frame=2598|row=2256,15,16279,True,True,True,False
wifib|device=15|capture=23Jan|frame=2354|row=2042,15,16065,True,True,True,False
wifib|device=15|capture=23Jan|frame=2248|row=1942,15,15965,True,True,True,False
wifib|device=15|capture=23Jan|frame=2330|row=2020,15,16043,True,True,True,False
wifib|device=15|capture=23Jan|frame=2609|row=2265,15,16288,True,True,True,False
wifib|device=15|capture=23Jan|frame=2336|row=2026,15,16049,True,True,True,False
wifib|device=15|capture=23Jan|frame=2530|row=2192,15,16215,True,True,True,False
wifib|device=15|capture=23Jan|frame=2747|row=2385,15,16408,True,True,True,False
wifib|device=15|capture=23Jan|frame=2682|row=2328,15,16351,True,True,True,False
wifib|device=15|capture=23Jan|frame=2184|row=1896,15,15919,True,True,True,False
wifib|device=15|capture=23Jan|frame=2674|row=2320,15,16343,True,True,True,False
wifib|device=15|capture=23Jan|frame=2283|row=1973,15,15996,True,True,True,False
wifib|device=15|capture=23Jan|frame=2653|row=2303,15,16326,True,True,True,False
wifib|device=15|capture=23Jan|frame=2430|row=2104,15,16127,True,True,True,False
wifib|device=15|capture=23Jan|frame=2351|row=2039,15,16062,True,True,True,False
wifib|device=15|capture=23Jan|frame=2212|row=1912,15,15935,True,True,True,False
wifib|device=15|capture=23Jan|frame=2542|row=2204,15,16227,True,True,True,False
wifib|device=15|capture=23Jan|frame=2350|row=2038,15,16061,True,True,True,False
wifib|device=15|capture=23Jan|frame=2594|row=2252,15,16275,True,True,True,False
wifib|device=15|capture=23Jan|frame=2709|row=2351,15,16374,True,True,True,False
wifib|device=28|capture=23Jan|frame=2743|row=2503,28,20004,True,True,True,True
wifib|device=28|capture=23Jan|frame=2187|row=1987,28,19488,True,True,True,True
wifib|device=28|capture=23Jan|frame=2580|row=2354,28,19855,True,True,True,True
wifib|device=28|capture=23Jan|frame=2423|row=2203,28,19704,True,True,True,True
wifib|device=28|capture=23Jan|frame=2609|row=2383,28,19884,True,True,True,True
wifib|device=28|capture=23Jan|frame=2711|row=2473,28,19974,True,True,True,True
wifib|device=28|capture=23Jan|frame=2535|row=2309,28,19810,True,True,True,True
wifib|device=28|capture=23Jan|frame=2206|row=2006,28,19507,True,True,True,True
wifib|device=28|capture=23Jan|frame=2488|row=2264,28,19765,True,True,True,True
wifib|device=28|capture=23Jan|frame=2572|row=2346,28,19847,True,True,True,True
wifib|device=28|capture=23Jan|frame=2250|row=2050,28,19551,True,True,True,False
wifib|device=28|capture=23Jan|frame=2681|row=2445,28,19946,True,True,True,False
wifib|device=28|capture=23Jan|frame=2224|row=2024,28,19525,True,True,True,False
wifib|device=28|capture=23Jan|frame=2630|row=2402,28,19903,True,True,True,False
wifib|device=28|capture=23Jan|frame=2625|row=2397,28,19898,True,True,True,False
wifib|device=28|capture=23Jan|frame=2297|row=2093,28,19594,True,True,True,False
wifib|device=28|capture=23Jan|frame=2313|row=2107,28,19608,True,True,True,False
wifib|device=28|capture=23Jan|frame=2403|row=2189,28,19690,True,True,True,False
wifib|device=28|capture=23Jan|frame=2760|row=2518,28,20019,True,True,True,False
wifib|device=28|capture=23Jan|frame=2220|row=2020,28,19521,True,True,True,False
wifib|device=28|capture=23Jan|frame=2254|row=2054,28,19555,True,True,True,False
wifib|device=28|capture=23Jan|frame=2758|row=2516,28,20017,True,True,True,False
wifib|device=28|capture=23Jan|frame=2747|row=2507,28,20008,True,True,True,False
wifib|device=28|capture=23Jan|frame=2180|row=1982,28,19483,True,True,True,False
wifib|device=28|capture=23Jan|frame=2587|row=2361,28,19862,True,True,True,False
wifib|device=28|capture=23Jan|frame=2581|row=2355,28,19856,True,True,True,False
wifib|device=28|capture=23Jan|frame=2279|row=2079,28,19580,True,True,True,False
wifib|device=28|capture=23Jan|frame=2605|row=2379,28,19880,True,True,True,False
wifib|device=28|capture=23Jan|frame=2265|row=2065,28,19566,True,True,True,False
wifib|device=28|capture=23Jan|frame=2550|row=2324,28,19825,True,True,True,False
wifib|device=28|capture=23Jan|frame=2441|row=2219,28,19720,True,True,True,False
wifib|device=28|capture=23Jan|frame=2398|row=2184,28,19685,True,True,True,False
wifib|device=28|capture=23Jan|frame=2690|row=2452,28,19953,True,True,True,False
wifib|device=28|capture=23Jan|frame=2563|row=2337,28,19838,True,True,True,False
wifib|device=28|capture=23Jan|frame=2702|row=2464,28,19965,True,True,True,False
wifib|device=28|capture=23Jan|frame=2496|row=2272,28,19773,True,True,True,False
wifib|device=28|capture=23Jan|frame=2405|row=2191,28,19692,True,True,True,False
wifib|device=28|capture=23Jan|frame=2339|row=2129,28,19630,True,True,True,False
wifib|device=28|capture=23Jan|frame=2509|row=2285,28,19786,True,True,True,False
wifib|device=28|capture=23Jan|frame=2452|row=2230,28,19731,True,True,True,False
wifib|device=28|capture=23Jan|frame=2340|row=2130,28,19631,True,True,True,False
wifib|device=28|capture=23Jan|frame=2263|row=2063,28,19564,True,True,True,False
wifib|device=28|capture=23Jan|frame=2216|row=2016,28,19517,True,True,True,False
wifib|device=28|capture=23Jan|frame=2376|row=2162,28,19663,True,True,True,False
wifib|device=28|capture=23Jan|frame=2430|row=2210,28,19711,True,True,True,False
wifib|device=28|capture=23Jan|frame=2657|row=2425,28,19926,True,True,True,False
wifib|device=28|capture=23Jan|frame=2444|row=2222,28,19723,True,True,True,False
wifib|device=28|capture=23Jan|frame=2589|row=2363,28,19864,True,True,True,False
wifib|device=28|capture=23Jan|frame=2461|row=2237,28,19738,True,True,True,False
wifib|device=28|capture=23Jan|frame=2536|row=2310,28,19811,True,True,True,False
wifib|device=28|capture=23Jan|frame=2649|row=2421,28,19922,True,True,True,False
wifib|device=28|capture=23Jan|frame=2386|row=2172,28,19673,True,True,True,False
wifib|device=28|capture=23Jan|frame=2248|row=2048,28,19549,True,True,True,False
wifib|device=28|capture=23Jan|frame=2432|row=2212,28,19713,True,True,True,False
wifib|device=28|capture=23Jan|frame=2426|row=2206,28,19707,True,True,True,False
wifib|device=28|capture=23Jan|frame=2674|row=2440,28,19941,True,True,True,False
wifib|device=28|capture=23Jan|frame=2686|row=2448,28,19949,True,True,True,False
wifib|device=28|capture=23Jan|frame=2271|row=2071,28,19572,True,True,True,False
wifib|device=28|capture=23Jan|frame=2199|row=1999,28,19500,True,True,True,False
wifib|device=28|capture=23Jan|frame=2427|row=2207,28,19708,True,True,True,False
wifib|device=28|capture=23Jan|frame=2540|row=2314,28,19815,True,True,True,False
wifib|device=28|capture=23Jan|frame=2497|row=2273,28,19774,True,True,True,False
wifib|device=28|capture=23Jan|frame=2648|row=2420,28,19921,True,True,True,False
wifib|device=28|capture=23Jan|frame=2530|row=2304,28,19805,True,True,True,False
wifib|device=28|capture=23Jan|frame=2645|row=2417,28,19918,True,True,True,False
wifib|device=28|capture=23Jan|frame=2185|row=1985,28,19486,True,True,True,False
wifib|device=28|capture=23Jan|frame=2192|row=1992,28,19493,True,True,True,False
wifib|device=28|capture=23Jan|frame=2639|row=2411,28,19912,True,True,True,False
wifib|device=28|capture=23Jan|frame=2259|row=2059,28,19560,True,True,True,False
wifib|device=28|capture=23Jan|frame=2629|row=2401,28,19902,True,True,True,False
wifib|device=28|capture=23Jan|frame=2671|row=2437,28,19938,True,True,True,False
wifib|device=28|capture=23Jan|frame=2308|row=2102,28,19603,True,True,True,False
wifib|device=28|capture=23Jan|frame=2246|row=2046,28,19547,True,True,True,False
wifib|device=28|capture=23Jan|frame=2207|row=2007,28,19508,True,True,True,False
wifib|device=28|capture=23Jan|frame=2266|row=2066,28,19567,True,True,True,False
wifib|device=28|capture=23Jan|frame=2599|row=2373,28,19874,True,True,True,False
wifib|device=28|capture=23Jan|frame=2256|row=2056,28,19557,True,True,True,False
wifib|device=28|capture=23Jan|frame=2408|row=2194,28,19695,True,True,True,False
wifib|device=28|capture=23Jan|frame=2480|row=2256,28,19757,True,True,True,False
wifib|device=28|capture=23Jan|frame=2658|row=2426,28,19927,True,True,True,False
wifib|device=28|capture=23Jan|frame=2494|row=2270,28,19771,True,True,True,False
wifib|device=28|capture=23Jan|frame=2512|row=2288,28,19789,True,True,True,False
wifib|device=28|capture=23Jan|frame=2272|row=2072,28,19573,True,True,True,False
wifib|device=28|capture=23Jan|frame=2628|row=2400,28,19901,True,True,True,False
wifib|device=28|capture=23Jan|frame=2602|row=2376,28,19877,True,True,True,False
wifib|device=28|capture=23Jan|frame=2446|row=2224,28,19725,True,True,True,False
wifib|device=28|capture=23Jan|frame=2700|row=2462,28,19963,True,True,True,False
wifib|device=28|capture=23Jan|frame=2621|row=2393,28,19894,True,True,True,False
wifib|device=28|capture=23Jan|frame=2367|row=2155,28,19656,True,True,True,False
wifib|device=28|capture=23Jan|frame=2331|row=2123,28,19624,True,True,True,False
wifib|device=28|capture=23Jan|frame=2753|row=2511,28,20012,True,True,True,False
wifib|device=28|capture=23Jan|frame=2592|row=2366,28,19867,True,True,True,False
wifib|device=28|capture=23Jan|frame=2647|row=2419,28,19920,True,True,True,False
wifib|device=28|capture=23Jan|frame=2358|row=2146,28,19647,True,True,True,False
wifib|device=28|capture=23Jan|frame=2754|row=2512,28,20013,True,True,True,False
wifib|device=28|capture=23Jan|frame=2177|row=1979,28,19480,True,True,True,False
wifib|device=28|capture=23Jan|frame=2458|row=2236,28,19737,True,True,True,False
wifib|device=28|capture=23Jan|frame=2178|row=1980,28,19481,True,True,True,False
wifib|device=28|capture=23Jan|frame=2471|row=2247,28,19748,True,True,True,False
wifib|device=28|capture=23Jan|frame=2607|row=2381,28,19882,True,True,True,False
wifib|device=28|capture=23Jan|frame=2415|row=2201,28,19702,True,True,True,False
wifib|device=28|capture=23Jan|frame=2476|row=2252,28,19753,True,True,True,False
wifib|device=28|capture=23Jan|frame=2391|row=2177,28,19678,True,True,True,False
wifib|device=28|capture=23Jan|frame=2454|row=2232,28,19733,True,True,True,False
wifib|device=28|capture=23Jan|frame=2253|row=2053,28,19554,True,True,True,False
wifib|device=28|capture=23Jan|frame=2379|row=2165,28,19666,True,True,True,False
wifib|device=28|capture=23Jan|frame=2528|row=2302,28,19803,True,True,True,False
wifib|device=28|capture=23Jan|frame=2601|row=2375,28,19876,True,True,True,False
wifib|device=28|capture=23Jan|frame=2734|row=2494,28,19995,True,True,True,False
wifib|device=28|capture=23Jan|frame=2329|row=2121,28,19622,True,True,True,False
wifib|device=28|capture=23Jan|frame=2620|row=2392,28,19893,True,True,True,False
wifib|device=28|capture=23Jan|frame=2673|row=2439,28,19940,True,True,True,False
wifib|device=28|capture=23Jan|frame=2316|row=2110,28,19611,True,True,True,False
wifib|device=28|capture=23Jan|frame=2507|row=2283,28,19784,True,True,True,False
wifib|device=28|capture=23Jan|frame=2726|row=2486,28,19987,True,True,True,False
wifib|device=28|capture=23Jan|frame=2636|row=2408,28,19909,True,True,True,False
wifib|device=28|capture=23Jan|frame=2389|row=2175,28,19676,True,True,True,False
wifib|device=28|capture=23Jan|frame=2385|row=2171,28,19672,True,True,True,False
wifib|device=28|capture=23Jan|frame=2449|row=2227,28,19728,True,True,True,False
wifib|device=28|capture=23Jan|frame=2542|row=2316,28,19817,True,True,True,False
wifib|device=28|capture=23Jan|frame=2467|row=2243,28,19744,True,True,True,False
wifib|device=28|capture=23Jan|frame=2683|row=2447,28,19948,True,True,True,False
wifib|device=28|capture=23Jan|frame=2583|row=2357,28,19858,True,True,True,False
wifib|device=28|capture=23Jan|frame=2526|row=2300,28,19801,True,True,True,False
wifib|device=28|capture=23Jan|frame=2641|row=2413,28,19914,True,True,True,False
wifib|device=28|capture=23Jan|frame=2268|row=2068,28,19569,True,True,True,False
wifib|device=28|capture=23Jan|frame=2370|row=2156,28,19657,True,True,True,False
wifib|device=28|capture=23Jan|frame=2309|row=2103,28,19604,True,True,True,False
wifib|device=28|capture=23Jan|frame=2416|row=2202,28,19703,True,True,True,False
wifib|device=28|capture=23Jan|frame=2695|row=2457,28,19958,True,True,True,False
wifib|device=28|capture=23Jan|frame=2576|row=2350,28,19851,True,True,True,False
wifib|device=28|capture=23Jan|frame=2672|row=2438,28,19939,True,True,True,False
wifib|device=28|capture=23Jan|frame=2214|row=2014,28,19515,True,True,True,False
wifib|device=28|capture=23Jan|frame=2518|row=2292,28,19793,True,True,True,False
wifib|device=28|capture=23Jan|frame=2577|row=2351,28,19852,True,True,True,False
wifib|device=28|capture=23Jan|frame=2233|row=2033,28,19534,True,True,True,False
wifib|device=28|capture=23Jan|frame=2447|row=2225,28,19726,True,True,True,False
wifib|device=28|capture=23Jan|frame=2516|row=2290,28,19791,True,True,True,False
wifib|device=28|capture=23Jan|frame=2221|row=2021,28,19522,True,True,True,False
wifib|device=28|capture=23Jan|frame=2560|row=2334,28,19835,True,True,True,False
wifib|device=28|capture=23Jan|frame=2564|row=2338,28,19839,True,True,True,False
wifib|device=28|capture=23Jan|frame=2222|row=2022,28,19523,True,True,True,False
wifib|device=28|capture=23Jan|frame=2193|row=1993,28,19494,True,True,True,False
wifib|device=28|capture=23Jan|frame=2745|row=2505,28,20006,True,True,True,False
wifib|device=28|capture=23Jan|frame=2228|row=2028,28,19529,True,True,True,False
wifib|device=28|capture=23Jan|frame=2434|row=2214,28,19715,True,True,True,False
wifib|device=28|capture=23Jan|frame=2425|row=2205,28,19706,True,True,True,False
wifib|device=28|capture=23Jan|frame=2327|row=2119,28,19620,True,True,True,False
wifib|device=28|capture=23Jan|frame=2273|row=2073,28,19574,True,True,True,False
wifib|device=28|capture=23Jan|frame=2622|row=2394,28,19895,True,True,True,False
wifib|device=28|capture=23Jan|frame=2538|row=2312,28,19813,True,True,True,False
wifib|device=28|capture=23Jan|frame=2290|row=2086,28,19587,True,True,True,False
wifib|device=28|capture=23Jan|frame=2202|row=2002,28,19503,True,True,True,False
wifib|device=28|capture=23Jan|frame=2604|row=2378,28,19879,True,True,True,False
wifib|device=28|capture=23Jan|frame=2562|row=2336,28,19837,True,True,True,False
wifib|device=28|capture=23Jan|frame=2383|row=2169,28,19670,True,True,True,False
wifib|device=28|capture=23Jan|frame=2365|row=2153,28,19654,True,True,True,False
wifib|device=28|capture=23Jan|frame=2312|row=2106,28,19607,True,True,True,False
wifib|device=28|capture=23Jan|frame=2720|row=2480,28,19981,True,True,True,False
wifib|device=28|capture=23Jan|frame=2445|row=2223,28,19724,True,True,True,False
wifib|device=28|capture=23Jan|frame=2249|row=2049,28,19550,True,True,True,False
wifib|device=28|capture=23Jan|frame=2529|row=2303,28,19804,True,True,True,False
wifib|device=28|capture=23Jan|frame=2311|row=2105,28,19606,True,True,True,False
wifib|device=28|capture=23Jan|frame=2618|row=2390,28,19891,True,True,True,False
wifib|device=28|capture=23Jan|frame=2759|row=2517,28,20018,True,True,True,False
wifib|device=28|capture=23Jan|frame=2245|row=2045,28,19546,True,True,True,False
wifib|device=28|capture=23Jan|frame=2730|row=2490,28,19991,True,True,True,False
wifib|device=28|capture=23Jan|frame=2328|row=2120,28,19621,True,True,True,False
wifib|device=28|capture=23Jan|frame=2524|row=2298,28,19799,True,True,True,False
wifib|device=28|capture=23Jan|frame=2235|row=2035,28,19536,True,True,True,False
wifib|device=28|capture=23Jan|frame=2285|row=2083,28,19584,True,True,True,False
wifib|device=28|capture=23Jan|frame=2624|row=2396,28,19897,True,True,True,False
wifib|device=28|capture=23Jan|frame=2377|row=2163,28,19664,True,True,True,False
wifib|device=28|capture=23Jan|frame=2264|row=2064,28,19565,True,True,True,False
wifib|device=28|capture=23Jan|frame=2703|row=2465,28,19966,True,True,True,False
wifib|device=28|capture=23Jan|frame=2217|row=2017,28,19518,True,True,True,False
wifib|device=28|capture=23Jan|frame=2662|row=2430,28,19931,True,True,True,False
wifib|device=28|capture=23Jan|frame=2691|row=2453,28,19954,True,True,True,False
wifib|device=28|capture=23Jan|frame=2341|row=2131,28,19632,True,True,True,False
wifib|device=28|capture=23Jan|frame=2463|row=2239,28,19740,True,True,True,False
wifib|device=28|capture=23Jan|frame=2631|row=2403,28,19904,True,True,True,False
wifib|device=28|capture=23Jan|frame=2200|row=2000,28,19501,True,True,True,False
wifib|device=28|capture=23Jan|frame=2324|row=2116,28,19617,True,True,True,False
wifib|device=28|capture=23Jan|frame=2333|row=2125,28,19626,True,True,True,False
wifib|device=28|capture=23Jan|frame=2521|row=2295,28,19796,True,True,True,False
wifib|device=28|capture=23Jan|frame=2551|row=2325,28,19826,True,True,True,False
wifib|device=28|capture=23Jan|frame=2616|row=2388,28,19889,True,True,True,False
wifib|device=28|capture=23Jan|frame=2468|row=2244,28,19745,True,True,True,False
wifib|device=28|capture=23Jan|frame=2175|row=1977,28,19478,True,True,True,False
wifib|device=28|capture=23Jan|frame=2412|row=2198,28,19699,True,True,True,False
wifib|device=28|capture=23Jan|frame=2455|row=2233,28,19734,True,True,True,False
wifib|device=28|capture=23Jan|frame=2748|row=2508,28,20009,True,True,True,False
wifib|device=28|capture=23Jan|frame=2318|row=2112,28,19613,True,True,True,False
wifib|device=28|capture=23Jan|frame=2244|row=2044,28,19545,True,True,True,False
wifib|device=28|capture=23Jan|frame=2404|row=2190,28,19691,True,True,True,False
wifib|device=28|capture=23Jan|frame=2704|row=2466,28,19967,True,True,True,False
wifib|device=28|capture=23Jan|frame=2712|row=2474,28,19975,True,True,True,False
wifib|device=28|capture=23Jan|frame=2464|row=2240,28,19741,True,True,True,False
wifib|device=28|capture=23Jan|frame=2364|row=2152,28,19653,True,True,True,False
wifib|device=28|capture=23Jan|frame=2351|row=2139,28,19640,True,True,True,False
wifib|device=28|capture=23Jan|frame=2212|row=2012,28,19513,True,True,True,False
wifib|device=28|capture=23Jan|frame=2332|row=2124,28,19625,True,True,True,False
wifib|device=28|capture=23Jan|frame=2203|row=2003,28,19504,True,True,True,False
wifib|device=28|capture=23Jan|frame=2697|row=2459,28,19960,True,True,True,False
wifib|device=28|capture=23Jan|frame=2517|row=2291,28,19792,True,True,True,False
wifib|device=28|capture=23Jan|frame=2590|row=2364,28,19865,True,True,True,False
wifib|device=28|capture=23Jan|frame=2319|row=2113,28,19614,True,True,True,False
wifib|device=28|capture=23Jan|frame=2722|row=2482,28,19983,True,True,True,False
wifib|device=28|capture=23Jan|frame=2484|row=2260,28,19761,True,True,True,False
wifib|device=28|capture=23Jan|frame=2393|row=2179,28,19680,True,True,True,False
wifib|device=28|capture=23Jan|frame=2701|row=2463,28,19964,True,True,True,False
wifib|device=28|capture=23Jan|frame=2360|row=2148,28,19649,True,True,True,False
wifib|device=28|capture=23Jan|frame=2567|row=2341,28,19842,True,True,True,False
wifib|device=28|capture=23Jan|frame=2359|row=2147,28,19648,True,True,True,False
wifib|device=28|capture=23Jan|frame=2205|row=2005,28,19506,True,True,True,False
wifib|device=28|capture=23Jan|frame=2174|row=1976,28,19477,True,True,True,False
wifib|device=28|capture=23Jan|frame=2533|row=2307,28,19808,True,True,True,False
wifib|device=28|capture=23Jan|frame=2600|row=2374,28,19875,True,True,True,False
wifib|device=28|capture=23Jan|frame=2655|row=2423,28,19924,True,True,True,False
wifib|device=28|capture=23Jan|frame=2707|row=2469,28,19970,True,True,True,False
wifib|device=28|capture=23Jan|frame=2286|row=2084,28,19585,True,True,True,False
wifib|device=28|capture=23Jan|frame=2356|row=2144,28,19645,True,True,True,False
wifib|device=28|capture=23Jan|frame=2715|row=2477,28,19978,True,True,True,False
wifib|device=28|capture=23Jan|frame=2623|row=2395,28,19896,True,True,True,False
wifib|device=28|capture=23Jan|frame=2400|row=2186,28,19687,True,True,True,False
wifib|device=28|capture=23Jan|frame=2573|row=2347,28,19848,True,True,True,False
wifib|device=28|capture=23Jan|frame=2675|row=2441,28,19942,True,True,True,False
wifib|device=28|capture=23Jan|frame=2344|row=2134,28,19635,True,True,True,False
wifib|device=28|capture=23Jan|frame=2190|row=1990,28,19491,True,True,True,False
wifib|device=28|capture=23Jan|frame=2693|row=2455,28,19956,True,True,True,False
wifib|device=28|capture=23Jan|frame=2230|row=2030,28,19531,True,True,True,False
wifib|device=28|capture=23Jan|frame=2503|row=2279,28,19780,True,True,True,False
wifib|device=28|capture=23Jan|frame=2227|row=2027,28,19528,True,True,True,False
wifib|device=28|capture=23Jan|frame=2556|row=2330,28,19831,True,True,True,False
wifib|device=28|capture=23Jan|frame=2189|row=1989,28,19490,True,True,True,False
wifib|device=28|capture=23Jan|frame=2387|row=2173,28,19674,True,True,True,False
wifib|device=28|capture=23Jan|frame=2300|row=2096,28,19597,True,True,True,False
wifib|device=28|capture=23Jan|frame=2537|row=2311,28,19812,True,True,True,False
wifib|device=28|capture=23Jan|frame=2553|row=2327,28,19828,True,True,True,False
wifib|device=28|capture=23Jan|frame=2453|row=2231,28,19732,True,True,True,False
wifib|device=28|capture=23Jan|frame=2475|row=2251,28,19752,True,True,True,False
wifib|device=28|capture=23Jan|frame=2477|row=2253,28,19754,True,True,True,False
wifib|device=28|capture=23Jan|frame=2361|row=2149,28,19650,True,True,True,False
wifib|device=28|capture=23Jan|frame=2293|row=2089,28,19590,True,True,True,False
wifib|device=28|capture=23Jan|frame=2739|row=2499,28,20000,True,True,True,False
wifib|device=28|capture=23Jan|frame=2295|row=2091,28,19592,True,True,True,False
wifib|device=28|capture=23Jan|frame=2258|row=2058,28,19559,True,True,True,False
wifib|device=28|capture=23Jan|frame=2520|row=2294,28,19795,True,True,True,False
wifib|device=28|capture=23Jan|frame=2201|row=2001,28,19502,True,True,True,False
wifib|device=28|capture=23Jan|frame=2694|row=2456,28,19957,True,True,True,False
wifib|device=28|capture=23Jan|frame=2409|row=2195,28,19696,True,True,True,False
wifib|device=28|capture=23Jan|frame=2559|row=2333,28,19834,True,True,True,False
wifib|device=28|capture=23Jan|frame=2539|row=2313,28,19814,True,True,True,False
wifib|device=28|capture=23Jan|frame=2575|row=2349,28,19850,True,True,True,False
wifib|device=28|capture=23Jan|frame=2181|row=1983,28,19484,True,True,True,False
wifib|device=28|capture=23Jan|frame=2456|row=2234,28,19735,True,True,True,False
wifib|device=28|capture=23Jan|frame=2195|row=1995,28,19496,True,True,True,False
wifib|device=28|capture=23Jan|frame=2727|row=2487,28,19988,True,True,True,False
wifib|device=28|capture=23Jan|frame=2642|row=2414,28,19915,True,True,True,False
wifib|device=28|capture=23Jan|frame=2317|row=2111,28,19612,True,True,True,False
wifib|device=28|capture=23Jan|frame=2225|row=2025,28,19526,True,True,True,False
wifib|device=28|capture=23Jan|frame=2448|row=2226,28,19727,True,True,True,False
wifib|device=28|capture=23Jan|frame=2473|row=2249,28,19750,True,True,True,False
wifib|device=28|capture=23Jan|frame=2234|row=2034,28,19535,True,True,True,False
wifib|device=28|capture=23Jan|frame=2209|row=2009,28,19510,True,True,True,False
wifib|device=28|capture=23Jan|frame=2548|row=2322,28,19823,True,True,True,False
wifib|device=28|capture=23Jan|frame=2546|row=2320,28,19821,True,True,True,False
wifib|device=28|capture=23Jan|frame=2554|row=2328,28,19829,True,True,True,False
wifib|device=28|capture=23Jan|frame=2457|row=2235,28,19736,True,True,True,False
wifib|device=28|capture=23Jan|frame=2371|row=2157,28,19658,True,True,True,False
wifib|device=28|capture=23Jan|frame=2489|row=2265,28,19766,True,True,True,False
wifib|device=28|capture=23Jan|frame=2363|row=2151,28,19652,True,True,True,False
wifib|device=28|capture=23Jan|frame=2735|row=2495,28,19996,True,True,True,False
wifib|device=28|capture=23Jan|frame=2527|row=2301,28,19802,True,True,True,False
wifib|device=28|capture=23Jan|frame=2366|row=2154,28,19655,True,True,True,False
wifib|device=28|capture=23Jan|frame=2755|row=2513,28,20014,True,True,True,False
wifib|device=28|capture=23Jan|frame=2634|row=2406,28,19907,True,True,True,False
wifib|device=28|capture=23Jan|frame=2682|row=2446,28,19947,True,True,True,False
wifib|device=28|capture=23Jan|frame=2490|row=2266,28,19767,True,True,True,False
wifib|device=28|capture=23Jan|frame=2723|row=2483,28,19984,True,True,True,False
wifib|device=28|capture=23Jan|frame=2478|row=2254,28,19755,True,True,True,False
wifib|device=28|capture=23Jan|frame=2269|row=2069,28,19570,True,True,True,False
wifib|device=28|capture=23Jan|frame=2182|row=1984,28,19485,True,True,True,False
wifib|device=28|capture=23Jan|frame=2479|row=2255,28,19756,True,True,True,False
wifib|device=28|capture=23Jan|frame=2236|row=2036,28,19537,True,True,True,False
wifib|device=28|capture=23Jan|frame=2606|row=2380,28,19881,True,True,True,False
wifib|device=28|capture=23Jan|frame=2547|row=2321,28,19822,True,True,True,False
wifib|device=28|capture=23Jan|frame=2381|row=2167,28,19668,True,True,True,False
wifib|device=28|capture=23Jan|frame=2728|row=2488,28,19989,True,True,True,False
wifib|device=28|capture=23Jan|frame=2680|row=2444,28,19945,True,True,True,False
wifib|device=28|capture=23Jan|frame=2510|row=2286,28,19787,True,True,True,False
wifib|device=28|capture=23Jan|frame=2237|row=2037,28,19538,True,True,True,False
wifib|device=28|capture=23Jan|frame=2644|row=2416,28,19917,True,True,True,False
wifib|device=28|capture=23Jan|frame=2239|row=2039,28,19540,True,True,True,False
wifib|device=28|capture=23Jan|frame=2598|row=2372,28,19873,True,True,True,False
wifib|device=28|capture=23Jan|frame=2392|row=2178,28,19679,True,True,True,False
wifib|device=28|capture=23Jan|frame=2284|row=2082,28,19583,True,True,True,False
wifib|device=28|capture=23Jan|frame=2613|row=2385,28,19886,True,True,True,False
wifib|device=28|capture=23Jan|frame=2571|row=2345,28,19846,True,True,True,False
wifib|device=28|capture=23Jan|frame=2191|row=1991,28,19492,True,True,True,False
wifib|device=28|capture=23Jan|frame=2677|row=2443,28,19944,True,True,True,False
wifib|device=28|capture=23Jan|frame=2302|row=2098,28,19599,True,True,True,False
wifib|device=28|capture=23Jan|frame=2762|row=2520,28,20021,True,True,True,False
wifib|device=28|capture=23Jan|frame=2615|row=2387,28,19888,True,True,True,False
wifib|device=28|capture=23Jan|frame=2218|row=2018,28,19519,True,True,True,False
wifib|device=28|capture=23Jan|frame=2474|row=2250,28,19751,True,True,True,False
wifib|device=28|capture=23Jan|frame=2429|row=2209,28,19710,True,True,True,False
wifib|device=28|capture=23Jan|frame=2179|row=1981,28,19482,True,True,True,False
wifib|device=28|capture=23Jan|frame=2375|row=2161,28,19662,True,True,True,False
wifib|device=28|capture=23Jan|frame=2498|row=2274,28,19775,True,True,True,False
wifib|device=28|capture=23Jan|frame=2305|row=2099,28,19600,True,True,True,False
wifib|device=28|capture=23Jan|frame=2660|row=2428,28,19929,True,True,True,False
wifib|device=28|capture=23Jan|frame=2390|row=2176,28,19677,True,True,True,False
wifib|device=28|capture=23Jan|frame=2487|row=2263,28,19764,True,True,True,False
wifib|device=28|capture=23Jan|frame=2736|row=2496,28,19997,True,True,True,False
wifib|device=28|capture=23Jan|frame=2325|row=2117,28,19618,True,True,True,False
wifib|device=28|capture=23Jan|frame=2196|row=1996,28,19497,True,True,True,False
wifib|device=28|capture=23Jan|frame=2338|row=2128,28,19629,True,True,True,False
wifib|device=28|capture=23Jan|frame=2632|row=2404,28,19905,True,True,True,False
wifib|device=28|capture=23Jan|frame=2433|row=2213,28,19714,True,True,True,False
wifib|device=28|capture=23Jan|frame=2756|row=2514,28,20015,True,True,True,False
wifib|device=28|capture=23Jan|frame=2619|row=2391,28,19892,True,True,True,False
wifib|device=28|capture=23Jan|frame=2326|row=2118,28,19619,True,True,True,False
wifib|device=28|capture=23Jan|frame=2280|row=2080,28,19581,True,True,True,False
wifib|device=28|capture=23Jan|frame=2741|row=2501,28,20002,True,True,True,False
wifib|device=28|capture=23Jan|frame=2481|row=2257,28,19758,True,True,True,False
wifib|device=28|capture=23Jan|frame=2208|row=2008,28,19509,True,True,True,False
wifib|device=28|capture=23Jan|frame=2388|row=2174,28,19675,True,True,True,False
wifib|device=28|capture=23Jan|frame=2668|row=2434,28,19935,True,True,True,False
wifib|device=28|capture=23Jan|frame=2355|row=2143,28,19644,True,True,True,False
wifib|device=28|capture=23Jan|frame=2742|row=2502,28,20003,True,True,True,False
wifib|device=28|capture=23Jan|frame=2532|row=2306,28,19807,True,True,True,False
wifib|device=28|capture=23Jan|frame=2522|row=2296,28,19797,True,True,True,False
wifib|device=28|capture=23Jan|frame=2719|row=2479,28,19980,True,True,True,False
wifib|device=28|capture=23Jan|frame=2345|row=2135,28,19636,True,True,True,False
wifib|device=28|capture=23Jan|frame=2485|row=2261,28,19762,True,True,True,False
wifib|device=28|capture=23Jan|frame=2617|row=2389,28,19890,True,True,True,False
wifib|device=28|capture=23Jan|frame=2232|row=2032,28,19533,True,True,True,False
wifib|device=28|capture=23Jan|frame=2733|row=2493,28,19994,True,True,True,False
wifib|device=28|capture=23Jan|frame=2469|row=2245,28,19746,True,True,True,False
wifib|device=28|capture=23Jan|frame=2504|row=2280,28,19781,True,True,True,False
wifib|device=28|capture=23Jan|frame=2688|row=2450,28,19951,True,True,True,False
wifib|device=28|capture=23Jan|frame=2766|row=2524,28,20025,True,True,True,False
wifib|device=28|capture=23Jan|frame=2493|row=2269,28,19770,True,True,True,False
wifib|device=28|capture=23Jan|frame=2586|row=2360,28,19861,True,True,True,False
wifib|device=28|capture=23Jan|frame=2188|row=1988,28,19489,True,True,True,False
wifib|device=28|capture=23Jan|frame=2545|row=2319,28,19820,True,True,True,False
wifib|device=28|capture=23Jan|frame=2584|row=2358,28,19859,True,True,True,False
wifib|device=28|capture=23Jan|frame=2413|row=2199,28,19700,True,True,True,False
wifib|device=28|capture=23Jan|frame=2565|row=2339,28,19840,True,True,True,False
wifib|device=28|capture=23Jan|frame=2659|row=2427,28,19928,True,True,True,False
wifib|device=28|capture=23Jan|frame=2472|row=2248,28,19749,True,True,True,False
wifib|device=28|capture=23Jan|frame=2579|row=2353,28,19854,True,True,True,False
wifib|device=28|capture=23Jan|frame=2643|row=2415,28,19916,True,True,True,False
wifib|device=28|capture=23Jan|frame=2292|row=2088,28,19589,True,True,True,False
wifib|device=28|capture=23Jan|frame=2374|row=2160,28,19661,True,True,True,False
wifib|device=28|capture=23Jan|frame=2713|row=2475,28,19976,True,True,True,False
wifib|device=28|capture=23Jan|frame=2330|row=2122,28,19623,True,True,True,False
wifib|device=28|capture=23Jan|frame=2585|row=2359,28,19860,True,True,True,False
wifib|device=28|capture=23Jan|frame=2307|row=2101,28,19602,True,True,True,False
wifib|device=28|capture=23Jan|frame=2746|row=2506,28,20007,True,True,True,False
wifib|device=28|capture=23Jan|frame=2761|row=2519,28,20020,True,True,True,False
wifib|device=28|capture=23Jan|frame=2270|row=2070,28,19571,True,True,True,False
wifib|device=28|capture=23Jan|frame=2407|row=2193,28,19694,True,True,True,False
wifib|device=30|capture=23Jan|frame=2601|row=2059,30,23219,True,True,True,True
wifib|device=30|capture=23Jan|frame=2239|row=1755,30,22915,True,True,True,True
wifib|device=30|capture=23Jan|frame=2191|row=1719,30,22879,False,True,False,False
wifib|device=30|capture=23Jan|frame=2307|row=1807,30,22967,True,True,True,True
wifib|device=30|capture=23Jan|frame=2482|row=1958,30,23118,True,True,True,True
wifib|device=30|capture=23Jan|frame=2387|row=1877,30,23037,True,True,True,True
wifib|device=30|capture=23Jan|frame=2350|row=1844,30,23004,True,True,True,True
wifib|device=30|capture=23Jan|frame=2507|row=1981,30,23141,True,True,True,True
wifib|device=30|capture=23Jan|frame=2455|row=1933,30,23093,True,True,True,True
wifib|device=30|capture=23Jan|frame=2663|row=2109,30,23269,True,True,True,True
wifib|device=30|capture=23Jan|frame=2723|row=2155,30,23315,True,True,True,True
wifib|device=30|capture=23Jan|frame=2434|row=1918,30,23078,False,True,False,False
wifib|device=30|capture=23Jan|frame=2484|row=1960,30,23120,False,True,False,False
wifib|device=30|capture=23Jan|frame=2563|row=2029,30,23189,False,True,False,False
wifib|device=30|capture=23Jan|frame=2233|row=1751,30,22911,True,True,True,False
wifib|device=30|capture=23Jan|frame=2483|row=1959,30,23119,True,True,True,False
wifib|device=30|capture=23Jan|frame=2345|row=1839,30,22999,False,True,False,False
wifib|device=30|capture=23Jan|frame=2278|row=1784,30,22944,True,True,True,False
wifib|device=30|capture=23Jan|frame=2491|row=1967,30,23127,True,True,True,False
wifib|device=30|capture=23Jan|frame=2717|row=2149,30,23309,True,True,True,False
wifib|device=30|capture=23Jan|frame=2653|row=2101,30,23261,True,True,True,False
wifib|device=30|capture=23Jan|frame=2555|row=2021,30,23181,True,True,True,False
wifib|device=30|capture=23Jan|frame=2216|row=1738,30,22898,True,True,True,False
wifib|device=30|capture=23Jan|frame=2289|row=1793,30,22953,True,True,True,False
wifib|device=30|capture=23Jan|frame=2503|row=1977,30,23137,True,True,True,False
wifib|device=30|capture=23Jan|frame=2715|row=2147,30,23307,True,True,True,False
wifib|device=30|capture=23Jan|frame=2526|row=1998,30,23158,True,True,True,False
wifib|device=30|capture=23Jan|frame=2228|row=1748,30,22908,False,True,False,False
wifib|device=30|capture=23Jan|frame=2481|row=1957,30,23117,True,True,True,False
wifib|device=30|capture=23Jan|frame=2488|row=1964,30,23124,True,True,True,False
wifib|device=30|capture=23Jan|frame=2249|row=1763,30,22923,False,True,False,False
wifib|device=30|capture=23Jan|frame=2557|row=2023,30,23183,True,True,True,False
wifib|device=30|capture=23Jan|frame=2626|row=2078,30,23238,True,True,True,False
wifib|device=30|capture=23Jan|frame=2618|row=2072,30,23232,True,True,True,False
wifib|device=30|capture=23Jan|frame=2662|row=2108,30,23268,False,True,False,False
wifib|device=30|capture=23Jan|frame=2554|row=2020,30,23180,False,True,False,False
wifib|device=30|capture=23Jan|frame=2606|row=2064,30,23224,True,True,True,False
wifib|device=30|capture=23Jan|frame=2520|row=1992,30,23152,True,True,True,False
wifib|device=30|capture=23Jan|frame=2734|row=2164,30,23324,True,True,True,False
wifib|device=30|capture=23Jan|frame=2313|row=1813,30,22973,False,True,False,False
wifib|device=30|capture=23Jan|frame=2591|row=2051,30,23211,False,True,False,False
wifib|device=30|capture=23Jan|frame=2622|row=2076,30,23236,False,True,False,False
wifib|device=30|capture=23Jan|frame=2665|row=2111,30,23271,True,True,True,False
wifib|device=30|capture=23Jan|frame=2582|row=2044,30,23204,False,True,False,False
wifib|device=30|capture=23Jan|frame=2441|row=1923,30,23083,False,True,False,False
wifib|device=30|capture=23Jan|frame=2335|row=1829,30,22989,False,True,False,False
wifib|device=30|capture=23Jan|frame=2613|row=2069,30,23229,False,True,False,False
wifib|device=30|capture=23Jan|frame=2353|row=1847,30,23007,True,True,True,False
wifib|device=30|capture=23Jan|frame=2595|row=2055,30,23215,True,True,True,False
wifib|device=30|capture=23Jan|frame=2501|row=1975,30,23135,True,True,True,False
wifib|device=30|capture=23Jan|frame=2485|row=1961,30,23121,True,True,True,False
wifib|device=30|capture=23Jan|frame=2548|row=2014,30,23174,True,True,True,False
wifib|device=30|capture=23Jan|frame=2655|row=2103,30,23263,True,True,True,False
wifib|device=30|capture=23Jan|frame=2477|row=1953,30,23113,True,True,True,False
wifib|device=30|capture=23Jan|frame=2512|row=1986,30,23146,False,True,False,False
wifib|device=30|capture=23Jan|frame=2718|row=2150,30,23310,True,True,True,False
wifib|device=30|capture=23Jan|frame=2338|row=1832,30,22992,False,True,False,False
wifib|device=30|capture=23Jan|frame=2369|row=1863,30,23023,False,True,False,False
wifib|device=30|capture=23Jan|frame=2549|row=2015,30,23175,True,True,True,False
wifib|device=30|capture=23Jan|frame=2255|row=1769,30,22929,False,True,False,False
wifib|device=30|capture=23Jan|frame=2460|row=1938,30,23098,True,True,True,False
wifib|device=30|capture=23Jan|frame=2226|row=1746,30,22906,False,True,False,False
wifib|device=30|capture=23Jan|frame=2200|row=1724,30,22884,False,True,False,False
wifib|device=30|capture=23Jan|frame=2568|row=2034,30,23194,True,True,True,False
wifib|device=30|capture=23Jan|frame=2473|row=1951,30,23111,False,True,False,False
wifib|device=30|capture=23Jan|frame=2605|row=2063,30,23223,False,True,False,False
wifib|device=30|capture=23Jan|frame=2429|row=1913,30,23073,True,True,True,False
wifib|device=30|capture=23Jan|frame=2634|row=2084,30,23244,True,True,True,False
wifib|device=30|capture=23Jan|frame=2493|row=1969,30,23129,True,True,True,False
wifib|device=30|capture=23Jan|frame=2716|row=2148,30,23308,True,True,True,False
wifib|device=30|capture=23Jan|frame=2315|row=1815,30,22975,True,True,True,False
wifib|device=30|capture=23Jan|frame=2448|row=1930,30,23090,False,True,False,False
wifib|device=30|capture=23Jan|frame=2650|row=2098,30,23258,True,True,True,False
wifib|device=30|capture=23Jan|frame=2523|row=1995,30,23155,True,True,True,False
wifib|device=30|capture=23Jan|frame=2346|row=1840,30,23000,False,True,False,False
wifib|device=30|capture=23Jan|frame=2443|row=1925,30,23085,True,True,True,False
wifib|device=30|capture=23Jan|frame=2726|row=2158,30,23318,True,True,True,False
wifib|device=30|capture=23Jan|frame=2525|row=1997,30,23157,True,True,True,False
wifib|device=30|capture=23Jan|frame=2590|row=2050,30,23210,True,True,True,False
wifib|device=30|capture=23Jan|frame=2589|row=2049,30,23209,False,True,False,False
wifib|device=30|capture=23Jan|frame=2732|row=2162,30,23322,True,True,True,False
wifib|device=30|capture=23Jan|frame=2559|row=2025,30,23185,True,True,True,False
wifib|device=30|capture=23Jan|frame=2241|row=1757,30,22917,False,True,False,False
wifib|device=30|capture=23Jan|frame=2641|row=2089,30,23249,True,True,True,False
wifib|device=30|capture=23Jan|frame=2680|row=2122,30,23282,True,True,True,False
wifib|device=30|capture=23Jan|frame=2621|row=2075,30,23235,True,True,True,False
wifib|device=30|capture=23Jan|frame=2604|row=2062,30,23222,True,True,True,False
wifib|device=30|capture=23Jan|frame=2677|row=2119,30,23279,True,True,True,False
wifib|device=30|capture=23Jan|frame=2244|row=1760,30,22920,False,True,False,False
wifib|device=30|capture=23Jan|frame=2281|row=1787,30,22947,True,True,True,False
wifib|device=30|capture=23Jan|frame=2701|row=2135,30,23295,True,True,True,False
wifib|device=30|capture=23Jan|frame=2565|row=2031,30,23191,True,True,True,False
wifib|device=30|capture=23Jan|frame=2527|row=1999,30,23159,True,True,True,False
wifib|device=30|capture=23Jan|frame=2697|row=2133,30,23293,True,True,True,False
wifib|device=30|capture=23Jan|frame=2361|row=1855,30,23015,False,True,False,False
wifib|device=30|capture=23Jan|frame=2737|row=2167,30,23327,True,True,True,False
wifib|device=30|capture=23Jan|frame=2388|row=1878,30,23038,True,True,True,False
wifib|device=30|capture=23Jan|frame=2426|row=1910,30,23070,False,True,False,False
wifib|device=30|capture=23Jan|frame=2502|row=1976,30,23136,True,True,True,False
wifib|device=30|capture=23Jan|frame=2635|row=2085,30,23245,True,True,True,False
wifib|device=30|capture=23Jan|frame=2258|row=1770,30,22930,False,True,False,False
wifib|device=30|capture=23Jan|frame=2560|row=2026,30,23186,True,True,True,False
wifib|device=30|capture=23Jan|frame=2402|row=1888,30,23048,True,True,True,False
wifib|device=30|capture=23Jan|frame=2500|row=1974,30,23134,True,True,True,False
wifib|device=30|capture=23Jan|frame=2486|row=1962,30,23122,True,True,True,False
wifib|device=30|capture=23Jan|frame=2745|row=2175,30,23335,True,True,True,False
wifib|device=30|capture=23Jan|frame=2218|row=1740,30,22900,False,True,False,False
wifib|device=30|capture=23Jan|frame=2203|row=1725,30,22885,False,True,False,False
wifib|device=30|capture=23Jan|frame=2687|row=2127,30,23287,True,True,True,False
wifib|device=30|capture=23Jan|frame=2336|row=1830,30,22990,False,True,False,False
wifib|device=30|capture=23Jan|frame=2440|row=1922,30,23082,True,True,True,False
wifib|device=30|capture=23Jan|frame=2643|row=2091,30,23251,False,True,False,False
wifib|device=30|capture=23Jan|frame=2293|row=1797,30,22957,True,True,True,False
wifib|device=30|capture=23Jan|frame=2515|row=1989,30,23149,False,True,False,False
wifib|device=30|capture=23Jan|frame=2572|row=2038,30,23198,True,True,True,False
wifib|device=30|capture=23Jan|frame=2684|row=2124,30,23284,True,True,True,False
wifib|device=30|capture=23Jan|frame=2602|row=2060,30,23220,True,True,True,False
wifib|device=30|capture=23Jan|frame=2478|row=1954,30,23114,True,True,True,False
wifib|device=30|capture=23Jan|frame=2304|row=1804,30,22964,True,True,True,False
wifib|device=30|capture=23Jan|frame=2553|row=2019,30,23179,True,True,True,False
wifib|device=30|capture=23Jan|frame=2186|row=1714,30,22874,False,True,False,False
wifib|device=30|capture=23Jan|frame=2268|row=1778,30,22938,False,False,False,False
wifib|device=30|capture=23Jan|frame=2225|row=1745,30,22905,False,True,False,False
wifib|device=30|capture=23Jan|frame=2556|row=2022,30,23182,True,True,True,False
wifib|device=30|capture=23Jan|frame=2197|row=1723,30,22883,False,True,False,False
wifib|device=30|capture=23Jan|frame=2505|row=1979,30,23139,True,True,True,False
wifib|device=30|capture=23Jan|frame=2397|row=1885,30,23045,True,True,True,False
wifib|device=30|capture=23Jan|frame=2524|row=1996,30,23156,True,True,True,False
wifib|device=30|capture=23Jan|frame=2534|row=2002,30,23162,True,True,True,False
wifib|device=30|capture=23Jan|frame=2666|row=2112,30,23272,True,True,True,False
wifib|device=30|capture=23Jan|frame=2636|row=2086,30,23246,True,True,True,False
wifib|device=30|capture=23Jan|frame=2669|row=2115,30,23275,True,True,True,False
wifib|device=30|capture=23Jan|frame=2266|row=1776,30,22936,True,True,True,False
wifib|device=30|capture=23Jan|frame=2291|row=1795,30,22955,True,True,True,False
wifib|device=30|capture=23Jan|frame=2649|row=2097,30,23257,False,True,False,False
wifib|device=30|capture=23Jan|frame=2172|row=1703,30,22863,True,True,True,False
wifib|device=30|capture=23Jan|frame=2587|row=2047,30,23207,True,True,True,False
wifib|device=30|capture=23Jan|frame=2652|row=2100,30,23260,True,True,True,False
wifib|device=30|capture=23Jan|frame=2704|row=2136,30,23296,True,True,True,False
wifib|device=30|capture=23Jan|frame=2733|row=2163,30,23323,True,True,True,False
wifib|device=30|capture=23Jan|frame=2528|row=2000,30,23160,True,True,True,False
wifib|device=30|capture=23Jan|frame=2408|row=1894,30,23054,True,True,True,False
wifib|device=30|capture=23Jan|frame=2423|row=1907,30,23067,True,True,True,False
wifib|device=30|capture=23Jan|frame=2479|row=1955,30,23115,False,True,False,False
wifib|device=30|capture=23Jan|frame=2741|row=2171,30,23331,True,True,True,False
wifib|device=30|capture=23Jan|frame=2324|row=1822,30,22982,True,True,True,False
wifib|device=30|capture=23Jan|frame=2620|row=2074,30,23234,True,True,True,False
wifib|device=30|capture=23Jan|frame=2355|row=1849,30,23009,False,True,False,False
wifib|device=30|capture=23Jan|frame=2294|row=1798,30,22958,True,True,True,False
wifib|device=30|capture=23Jan|frame=2739|row=2169,30,23329,True,True,True,False
wifib|device=30|capture=23Jan|frame=2306|row=1806,30,22966,True,True,True,False
wifib|device=30|capture=23Jan|frame=2285|row=1791,30,22951,True,True,True,False
wifib|device=30|capture=23Jan|frame=2664|row=2110,30,23270,True,True,True,False
wifib|device=30|capture=23Jan|frame=2177|row=1708,30,22868,False,True,False,False
wifib|device=30|capture=23Jan|frame=2364|row=1858,30,23018,True,True,True,False
wifib|device=30|capture=23Jan|frame=2297|row=1801,30,22961,True,True,True,False
wifib|device=30|capture=23Jan|frame=2394|row=1882,30,23042,True,True,True,False
wifib|device=30|capture=23Jan|frame=2305|row=1805,30,22965,False,True,False,False
wifib|device=30|capture=23Jan|frame=2695|row=2131,30,23291,True,True,True,False
wifib|device=30|capture=23Jan|frame=2422|row=1906,30,23066,False,True,False,False
wifib|device=30|capture=23Jan|frame=2619|row=2073,30,23233,True,True,True,False
wifib|device=30|capture=23Jan|frame=2282|row=1788,30,22948,True,True,True,False
wifib|device=30|capture=23Jan|frame=2342|row=1836,30,22996,False,True,False,False
wifib|device=30|capture=23Jan|frame=2461|row=1939,30,23099,True,True,True,False
wifib|device=30|capture=23Jan|frame=2396|row=1884,30,23044,False,True,False,False
wifib|device=30|capture=23Jan|frame=2498|row=1972,30,23132,False,True,False,False
wifib|device=30|capture=23Jan|frame=2472|row=1950,30,23110,False,True,False,False
wifib|device=30|capture=23Jan|frame=2430|row=1914,30,23074,True,True,True,False
wifib|device=30|capture=23Jan|frame=2541|row=2009,30,23169,True,True,True,False
wifib|device=30|capture=23Jan|frame=2411|row=1897,30,23057,False,True,False,False
wifib|device=30|capture=23Jan|frame=2259|row=1771,30,22931,False,True,False,False
wifib|device=30|capture=23Jan|frame=2468|row=1946,30,23106,True,True,True,False
wifib|device=30|capture=23Jan|frame=2391|row=1881,30,23041,False,True,False,False
wifib|device=30|capture=23Jan|frame=2588|row=2048,30,23208,True,True,True,False
wifib|device=30|capture=23Jan|frame=2550|row=2016,30,23176,False,True,False,False
wifib|device=30|capture=23Jan|frame=2685|row=2125,30,23285,True,True,True,False
wifib|device=30|capture=23Jan|frame=2378|row=1870,30,23030,True,True,True,False
wifib|device=30|capture=23Jan|frame=2683|row=2123,30,23283,True,True,True,False
wifib|device=30|capture=23Jan|frame=2210|row=1732,30,22892,False,True,False,False
wifib|device=30|capture=23Jan|frame=2365|row=1859,30,23019,True,True,True,False
wifib|device=30|capture=23Jan|frame=2492|row=1968,30,23128,True,True,True,False
wifib|device=30|capture=23Jan|frame=2205|row=1727,30,22887,False,True,False,False
wifib|device=30|capture=23Jan|frame=2660|row=2106,30,23266,True,True,True,False
wifib|device=30|capture=23Jan|frame=2270|row=1780,30,22940,False,True,False,False
wifib|device=30|capture=23Jan|frame=2558|row=2024,30,23184,True,True,True,False
wifib|device=30|capture=23Jan|frame=2457|row=1935,30,23095,True,True,True,False
wifib|device=30|capture=23Jan|frame=2385|row=1875,30,23035,True,True,True,False
wifib|device=30|capture=23Jan|frame=2514|row=1988,30,23148,True,True,True,False
wifib|device=30|capture=23Jan|frame=2176|row=1707,30,22867,False,True,False,False
wifib|device=30|capture=23Jan|frame=2295|row=1799,30,22959,True,True,True,False
wifib|device=30|capture=23Jan|frame=2254|row=1768,30,22928,False,True,False,False
wifib|device=30|capture=23Jan|frame=2583|row=2045,30,23205,False,True,False,False
wifib|device=30|capture=23Jan|frame=2316|row=1816,30,22976,True,True,True,False
wifib|device=30|capture=23Jan|frame=2540|row=2008,30,23168,False,True,False,False
wifib|device=30|capture=23Jan|frame=2309|row=1809,30,22969,True,True,True,False
wifib|device=30|capture=23Jan|frame=2175|row=1706,30,22866,True,True,True,False
wifib|device=30|capture=23Jan|frame=2356|row=1850,30,23010,False,True,False,False
wifib|device=30|capture=23Jan|frame=2444|row=1926,30,23086,False,True,False,False
wifib|device=30|capture=23Jan|frame=2612|row=2068,30,23228,True,True,True,False
wifib|device=30|capture=23Jan|frame=2431|row=1915,30,23075,False,True,False,False
wifib|device=30|capture=23Jan|frame=2320|row=1820,30,22980,True,True,True,False
wifib|device=30|capture=23Jan|frame=2339|row=1833,30,22993,False,True,False,False
wifib|device=30|capture=23Jan|frame=2571|row=2037,30,23197,True,True,True,False
wifib|device=30|capture=23Jan|frame=2458|row=1936,30,23096,False,True,False,False
wifib|device=30|capture=23Jan|frame=2286|row=1792,30,22952,True,True,True,False
wifib|device=30|capture=23Jan|frame=2232|row=1750,30,22910,True,True,True,False
wifib|device=30|capture=23Jan|frame=2372|row=1866,30,23026,True,True,True,False
wifib|device=30|capture=23Jan|frame=2476|row=1952,30,23112,True,True,True,False
wifib|device=30|capture=23Jan|frame=2454|row=1932,30,23092,False,True,False,False
wifib|device=30|capture=23Jan|frame=2436|row=1920,30,23080,True,True,True,False
wifib|device=30|capture=23Jan|frame=2349|row=1843,30,23003,True,True,True,False
wifib|device=30|capture=23Jan|frame=2189|row=1717,30,22877,False,True,False,False
wifib|device=30|capture=23Jan|frame=2271|row=1781,30,22941,True,True,True,False
wifib|device=30|capture=23Jan|frame=2719|row=2151,30,23311,True,True,True,False
wifib|device=30|capture=23Jan|frame=2536|row=2004,30,23164,True,True,True,False
wifib|device=30|capture=23Jan|frame=2435|row=1919,30,23079,True,True,True,False
wifib|device=30|capture=23Jan|frame=2174|row=1705,30,22865,True,True,True,False
wifib|device=30|capture=23Jan|frame=2453|row=1931,30,23091,False,True,False,False
wifib|device=30|capture=23Jan|frame=2462|row=1940,30,23100,True,True,True,False
wifib|device=30|capture=23Jan|frame=2312|row=1812,30,22972,True,True,True,False
wifib|device=30|capture=23Jan|frame=2712|row=2144,30,23304,False,True,False,False
wifib|device=30|capture=23Jan|frame=2367|row=1861,30,23021,True,True,True,False
wifib|device=30|capture=23Jan|frame=2535|row=2003,30,23163,False,True,False,False
wifib|device=30|capture=23Jan|frame=2617|row=2071,30,23231,True,True,True,False
wifib|device=30|capture=23Jan|frame=2547|row=2013,30,23173,True,True,True,False
wifib|device=30|capture=23Jan|frame=2344|row=1838,30,22998,False,True,False,False
wifib|device=30|capture=23Jan|frame=2471|row=1949,30,23109,True,True,True,False
wifib|device=30|capture=23Jan|frame=2631|row=2083,30,23243,True,True,True,False
wifib|device=30|capture=23Jan|frame=2401|row=1887,30,23047,True,True,True,False
wifib|device=30|capture=23Jan|frame=2325|row=1823,30,22983,True,True,True,False
wifib|device=30|capture=23Jan|frame=2439|row=1921,30,23081,True,True,True,False
wifib|device=30|capture=23Jan|frame=2646|row=2094,30,23254,True,True,True,False
wifib|device=30|capture=23Jan|frame=2340|row=1834,30,22994,False,True,False,False
wifib|device=30|capture=23Jan|frame=2251|row=1765,30,22925,True,True,True,False
wifib|device=30|capture=23Jan|frame=2445|row=1927,30,23087,False,True,False,False
wifib|device=30|capture=23Jan|frame=2710|row=2142,30,23302,True,True,True,False
wifib|device=30|capture=23Jan|frame=2421|row=1905,30,23065,True,True,True,False
wifib|device=30|capture=23Jan|frame=2252|row=1766,30,22926,False,True,False,False
wifib|device=30|capture=23Jan|frame=2328|row=1826,30,22986,True,True,True,False
wifib|device=30|capture=23Jan|frame=2428|row=1912,30,23072,True,True,True,False
wifib|device=30|capture=23Jan|frame=2279|row=1785,30,22945,True,True,True,False
wifib|device=30|capture=23Jan|frame=2738|row=2168,30,23328,True,True,True,False
wifib|device=30|capture=23Jan|frame=2416|row=1902,30,23062,False,True,False,False
wifib|device=30|capture=23Jan|frame=2676|row=2118,30,23278,True,True,True,False
wifib|device=30|capture=23Jan|frame=2586|row=2046,30,23206,True,True,True,False
wifib|device=30|capture=23Jan|frame=2341|row=1835,30,22995,False,True,False,False
wifib|device=30|capture=23Jan|frame=2659|row=2105,30,23265,True,True,True,False
wifib|device=30|capture=23Jan|frame=2196|row=1722,30,22882,False,True,False,False
wifib|device=30|capture=23Jan|frame=2509|row=1983,30,23143,False,True,False,False
wifib|device=30|capture=23Jan|frame=2415|row=1901,30,23061,True,True,True,False
wifib|device=30|capture=23Jan|frame=2667|row=2113,30,23273,False,True,False,False
wifib|device=30|capture=23Jan|frame=2209|row=1731,30,22891,False,True,False,False
wifib|device=30|capture=23Jan|frame=2327|row=1825,30,22985,False,True,False,False
wifib|device=30|capture=23Jan|frame=2227|row=1747,30,22907,False,True,False,False
wifib|device=30|capture=23Jan|frame=2310|row=1810,30,22970,True,True,True,False
wifib|device=30|capture=23Jan|frame=2639|row=2087,30,23247,True,True,True,False
wifib|device=30|capture=23Jan|frame=2405|row=1891,30,23051,False,True,False,False
wifib|device=30|capture=23Jan|frame=2465|row=1943,30,23103,True,True,True,False
wifib|device=30|capture=23Jan|frame=2561|row=2027,30,23187,True,True,True,False
wifib|device=30|capture=23Jan|frame=2409|row=1895,30,23055,True,True,True,False
wifib|device=30|capture=23Jan|frame=2573|row=2039,30,23199,True,True,True,False
wifib|device=30|capture=23Jan|frame=2195|row=1721,30,22881,False,True,False,False
wifib|device=30|capture=23Jan|frame=2545|row=2011,30,23171,True,True,True,False
wifib|device=30|capture=23Jan|frame=2711|row=2143,30,23303,False,True,False,False
wifib|device=30|capture=23Jan|frame=2220|row=1742,30,22902,True,True,True,False
wifib|device=30|capture=23Jan|frame=2319|row=1819,30,22979,True,True,True,False
wifib|device=30|capture=23Jan|frame=2236|row=1752,30,22912,True,True,True,False
wifib|device=30|capture=23Jan|frame=2630|row=2082,30,23242,False,True,False,False
wifib|device=30|capture=23Jan|frame=2173|row=1704,30,22864,True,True,True,False
wifib|device=30|capture=23Jan|frame=2267|row=1777,30,22937,True,True,True,False
wifib|device=30|capture=23Jan|frame=2332|row=1828,30,22988,False,True,False,False
wifib|device=30|capture=23Jan|frame=2743|row=2173,30,23333,True,True,True,False
wifib|device=30|capture=23Jan|frame=2596|row=2056,30,23216,True,True,True,False
wifib|device=30|capture=23Jan|frame=2489|row=1965,30,23125,True,True,True,False
wifib|device=30|capture=23Jan|frame=2546|row=2012,30,23172,True,True,True,False
wifib|device=30|capture=23Jan|frame=2303|row=1803,30,22963,True,True,True,False
wifib|device=30|capture=23Jan|frame=2213|row=1735,30,22895,False,True,False,False
wifib|device=30|capture=23Jan|frame=2374|row=1868,30,23028,True,True,True,False
wifib|device=30|capture=23Jan|frame=2265|row=1775,30,22935,True,True,True,False
wifib|device=30|capture=23Jan|frame=2412|row=1898,30,23058,True,True,True,False
wifib|device=30|capture=23Jan|frame=2237|row=1753,30,22913,False,True,False,False
wifib|device=30|capture=23Jan|frame=2318|row=1818,30,22978,True,True,True,False
wifib|device=30|capture=23Jan|frame=2463|row=1941,30,23101,True,True,True,False
wifib|device=30|capture=23Jan|frame=2709|row=2141,30,23301,False,True,False,False
wifib|device=30|capture=23Jan|frame=2564|row=2030,30,23190,True,True,True,False
wifib|device=30|capture=23Jan|frame=2432|row=1916,30,23076,True,True,True,False
wifib|device=30|capture=23Jan|frame=2742|row=2172,30,23332,True,True,True,False
wifib|device=30|capture=23Jan|frame=2600|row=2058,30,23218,True,True,True,False
wifib|device=30|capture=23Jan|frame=2597|row=2057,30,23217,True,True,True,False
wifib|device=30|capture=23Jan|frame=2178|row=1709,30,22869,False,True,False,False
wifib|device=30|capture=23Jan|frame=2214|row=1736,30,22896,False,True,False,False
wifib|device=30|capture=23Jan|frame=2246|row=1762,30,22922,False,True,False,False
wifib|device=30|capture=23Jan|frame=2296|row=1800,30,22960,True,True,True,False
wifib|device=30|capture=23Jan|frame=2731|row=2161,30,23321,True,True,True,False
wifib|device=30|capture=23Jan|frame=2269|row=1779,30,22939,True,True,True,False
wifib|device=30|capture=23Jan|frame=2706|row=2138,30,23298,True,True,True,False
wifib|device=30|capture=23Jan|frame=2628|row=2080,30,23240,True,True,True,False
wifib|device=30|capture=23Jan|frame=2446|row=1928,30,23088,True,True,True,False
wifib|device=30|capture=23Jan|frame=2714|row=2146,30,23306,True,True,True,False
wifib|device=30|capture=23Jan|frame=2190|row=1718,30,22878,False,True,False,False
wifib|device=30|capture=23Jan|frame=2506|row=1980,30,23140,False,True,False,False
wifib|device=30|capture=23Jan|frame=2496|row=1970,30,23130,True,True,True,False
wifib|device=30|capture=23Jan|frame=2379|row=1871,30,23031,True,True,True,False
wifib|device=30|capture=23Jan|frame=2447|row=1929,30,23089,True,True,True,False
wifib|device=30|capture=23Jan|frame=2395|row=1883,30,23043,True,True,True,False
wifib|device=30|capture=23Jan|frame=2240|row=1756,30,22916,True,True,True,False
wifib|device=30|capture=23Jan|frame=2480|row=1956,30,23116,False,True,False,False
wifib|device=30|capture=23Jan|frame=2347|row=1841,30,23001,False,True,False,False
wifib|device=30|capture=23Jan|frame=2647|row=2095,30,23255,True,True,True,False
wifib|device=30|capture=23Jan|frame=2292|row=1796,30,22956,True,True,True,False
wifib|device=30|capture=23Jan|frame=2499|row=1973,30,23133,False,True,False,False
wifib|device=30|capture=23Jan|frame=2413|row=1899,30,23059,True,True,True,False
wifib|device=30|capture=23Jan|frame=2513|row=1987,30,23147,True,True,True,False
wifib|device=30|capture=23Jan|frame=2359|row=1853,30,23013,True,True,True,False
wifib|device=31|capture=23Jan|frame=2649|row=2420,31,26733,True,True,True,True
wifib|device=31|capture=23Jan|frame=2750|row=2519,31,26832,True,True,True,True
wifib|device=31|capture=23Jan|frame=2441|row=2229,31,26542,True,True,True,True
wifib|device=31|capture=23Jan|frame=2276|row=2074,31,26387,True,True,True,True
wifib|device=31|capture=23Jan|frame=2519|row=2303,31,26616,True,True,True,True
wifib|device=31|capture=23Jan|frame=2698|row=2469,31,26782,True,True,True,True
wifib|device=31|capture=23Jan|frame=2252|row=2052,31,26365,True,True,True,True
wifib|device=31|capture=23Jan|frame=2376|row=2166,31,26479,True,True,True,True
wifib|device=31|capture=23Jan|frame=2621|row=2395,31,26708,False,True,False,False
wifib|device=31|capture=23Jan|frame=2343|row=2135,31,26448,False,True,False,False
wifib|device=31|capture=23Jan|frame=2586|row=2364,31,26677,True,True,True,True
wifib|device=31|capture=23Jan|frame=2466|row=2250,31,26563,True,True,True,True
wifib|device=31|capture=23Jan|frame=2494|row=2278,31,26591,True,True,True,False
wifib|device=31|capture=23Jan|frame=2627|row=2398,31,26711,True,True,True,False
wifib|device=31|capture=23Jan|frame=2453|row=2239,31,26552,True,True,True,False
wifib|device=31|capture=23Jan|frame=2416|row=2206,31,26519,True,True,True,False
wifib|device=31|capture=23Jan|frame=2485|row=2269,31,26582,True,True,True,False
wifib|device=31|capture=23Jan|frame=2682|row=2453,31,26766,True,True,True,False
wifib|device=31|capture=23Jan|frame=2694|row=2465,31,26778,True,True,True,False
wifib|device=31|capture=23Jan|frame=2359|row=2151,31,26464,True,True,True,False
wifib|device=31|capture=23Jan|frame=2768|row=2535,31,26848,True,True,True,False
wifib|device=31|capture=23Jan|frame=2192|row=1996,31,26309,True,True,True,False
wifib|device=31|capture=23Jan|frame=2381|row=2171,31,26484,True,True,True,False
wifib|device=31|capture=23Jan|frame=2327|row=2121,31,26434,True,True,True,False
wifib|device=31|capture=23Jan|frame=2245|row=2045,31,26358,True,True,True,False
wifib|device=31|capture=23Jan|frame=2658|row=2429,31,26742,True,True,True,False
wifib|device=31|capture=23Jan|frame=2702|row=2473,31,26786,True,True,True,False
wifib|device=31|capture=23Jan|frame=2515|row=2299,31,26612,True,True,True,False
wifib|device=31|capture=23Jan|frame=2319|row=2115,31,26428,True,True,True,False
wifib|device=31|capture=23Jan|frame=2247|row=2047,31,26360,True,True,True,False
wifib|device=31|capture=23Jan|frame=2454|row=2240,31,26553,True,True,True,False
wifib|device=31|capture=23Jan|frame=2395|row=2185,31,26498,True,True,True,False
wifib|device=31|capture=23Jan|frame=2557|row=2335,31,26648,True,True,True,False
wifib|device=31|capture=23Jan|frame=2235|row=2035,31,26348,False,True,False,False
wifib|device=31|capture=23Jan|frame=2757|row=2526,31,26839,True,True,True,False
wifib|device=31|capture=23Jan|frame=2561|row=2339,31,26652,True,True,True,False
wifib|device=31|capture=23Jan|frame=2348|row=2140,31,26453,False,True,False,False
wifib|device=31|capture=23Jan|frame=2337|row=2129,31,26442,True,True,True,False
wifib|device=31|capture=23Jan|frame=2524|row=2308,31,26621,True,True,True,False
wifib|device=31|capture=23Jan|frame=2585|row=2363,31,26676,True,True,True,False
wifib|device=31|capture=23Jan|frame=2717|row=2486,31,26799,True,True,True,False
wifib|device=31|capture=23Jan|frame=2663|row=2434,31,26747,False,True,False,False
wifib|device=31|capture=23Jan|frame=2272|row=2070,31,26383,True,True,True,False
wifib|device=31|capture=23Jan|frame=2531|row=2315,31,26628,True,True,True,False
wifib|device=31|capture=23Jan|frame=2581|row=2359,31,26672,True,True,True,False
wifib|device=31|capture=23Jan|frame=2270|row=2068,31,26381,True,True,True,False
wifib|device=31|capture=23Jan|frame=2733|row=2502,31,26815,True,True,True,False
wifib|device=31|capture=23Jan|frame=2293|row=2091,31,26404,True,True,True,False
wifib|device=31|capture=23Jan|frame=2559|row=2337,31,26650,True,True,True,False
wifib|device=31|capture=23Jan|frame=2771|row=2538,31,26851,True,True,True,False
wifib|device=31|capture=23Jan|frame=2643|row=2414,31,26727,True,True,True,False
wifib|device=31|capture=23Jan|frame=2303|row=2101,31,26414,True,True,True,False
wifib|device=31|capture=23Jan|frame=2759|row=2528,31,26841,True,True,True,False
wifib|device=31|capture=23Jan|frame=2629|row=2400,31,26713,True,True,True,False
wifib|device=31|capture=23Jan|frame=2406|row=2196,31,26509,True,True,True,False
wifib|device=31|capture=23Jan|frame=2605|row=2383,31,26696,False,True,False,False
wifib|device=31|capture=23Jan|frame=2380|row=2170,31,26483,True,True,True,False
wifib|device=31|capture=23Jan|frame=2302|row=2100,31,26413,True,True,True,False
wifib|device=31|capture=23Jan|frame=2391|row=2181,31,26494,True,True,True,False
wifib|device=31|capture=23Jan|frame=2232|row=2032,31,26345,True,True,True,False
wifib|device=31|capture=23Jan|frame=2477|row=2261,31,26574,True,True,True,False
wifib|device=31|capture=23Jan|frame=2431|row=2221,31,26534,True,True,True,False
wifib|device=31|capture=23Jan|frame=2619|row=2393,31,26706,True,True,True,False
wifib|device=31|capture=23Jan|frame=2491|row=2275,31,26588,True,True,True,False
wifib|device=31|capture=23Jan|frame=2294|row=2092,31,26405,True,True,True,False
wifib|device=31|capture=23Jan|frame=2776|row=2543,31,26856,True,True,True,False
wifib|device=31|capture=23Jan|frame=2570|row=2348,31,26661,True,True,True,False
wifib|device=31|capture=23Jan|frame=2584|row=2362,31,26675,True,True,True,False
wifib|device=31|capture=23Jan|frame=2679|row=2450,31,26763,True,True,True,False
wifib|device=31|capture=23Jan|frame=2593|row=2371,31,26684,True,True,True,False
wifib|device=31|capture=23Jan|frame=2268|row=2066,31,26379,False,True,False,False
wifib|device=31|capture=23Jan|frame=2633|row=2404,31,26717,True,True,True,False
wifib|device=31|capture=23Jan|frame=2434|row=2224,31,26537,True,True,True,False
wifib|device=31|capture=23Jan|frame=2215|row=2017,31,26330,True,True,True,False
wifib|device=31|capture=23Jan|frame=2316|row=2112,31,26425,True,True,True,False
wifib|device=31|capture=23Jan|frame=2516|row=2300,31,26613,True,True,True,False
wifib|device=31|capture=23Jan|frame=2598|row=2376,31,26689,False,True,False,False
wifib|device=31|capture=23Jan|frame=2701|row=2472,31,26785,True,True,True,False
wifib|device=31|capture=23Jan|frame=2775|row=2542,31,26855,True,True,True,False
wifib|device=31|capture=23Jan|frame=2616|row=2392,31,26705,True,True,True,False
wifib|device=31|capture=23Jan|frame=2399|row=2189,31,26502,True,True,True,False
wifib|device=31|capture=23Jan|frame=2672|row=2443,31,26756,False,True,False,False
wifib|device=31|capture=23Jan|frame=2285|row=2083,31,26396,True,True,True,False
wifib|device=31|capture=23Jan|frame=2249|row=2049,31,26362,True,True,True,False
wifib|device=31|capture=23Jan|frame=2227|row=2027,31,26340,True,True,True,False
wifib|device=31|capture=23Jan|frame=2350|row=2142,31,26455,True,True,True,False
wifib|device=31|capture=23Jan|frame=2636|row=2407,31,26720,True,True,True,False
wifib|device=31|capture=23Jan|frame=2483|row=2267,31,26580,True,True,True,False
wifib|device=31|capture=23Jan|frame=2362|row=2154,31,26467,True,True,True,False
wifib|device=31|capture=23Jan|frame=2724|row=2493,31,26806,True,True,True,False
wifib|device=31|capture=23Jan|frame=2439|row=2227,31,26540,True,True,True,False
wifib|device=31|capture=23Jan|frame=2753|row=2522,31,26835,True,True,True,False
wifib|device=31|capture=23Jan|frame=2258|row=2058,31,26371,True,True,True,False
wifib|device=31|capture=23Jan|frame=2545|row=2325,31,26638,True,True,True,False
wifib|device=31|capture=23Jan|frame=2497|row=2281,31,26594,True,True,True,False
wifib|device=31|capture=23Jan|frame=2571|row=2349,31,26662,True,True,True,False
wifib|device=31|capture=23Jan|frame=2737|row=2506,31,26819,True,True,True,False
wifib|device=31|capture=23Jan|frame=2499|row=2283,31,26596,True,True,True,False
wifib|device=31|capture=23Jan|frame=2713|row=2482,31,26795,True,True,True,False
wifib|device=31|capture=23Jan|frame=2298|row=2096,31,26409,True,True,True,False
wifib|device=31|capture=23Jan|frame=2241|row=2041,31,26354,True,True,True,False
wifib|device=31|capture=23Jan|frame=2725|row=2494,31,26807,True,True,True,False
wifib|device=31|capture=23Jan|frame=2602|row=2380,31,26693,True,True,True,False
wifib|device=31|capture=23Jan|frame=2749|row=2518,31,26831,True,True,True,False
wifib|device=31|capture=23Jan|frame=2267|row=2065,31,26378,True,True,True,False
wifib|device=31|capture=23Jan|frame=2469|row=2253,31,26566,True,True,True,False
wifib|device=31|capture=23Jan|frame=2644|row=2415,31,26728,True,True,True,False
wifib|device=31|capture=23Jan|frame=2687|row=2458,31,26771,True,True,True,False
wifib|device=31|capture=23Jan|frame=2634|row=2405,31,26718,True,True,True,False
wifib|device=31|capture=23Jan|frame=2435|row=2225,31,26538,True,True,True,False
wifib|device=31|capture=23Jan|frame=2751|row=2520,31,26833,True,True,True,False
wifib|device=31|capture=23Jan|frame=2354|row=2146,31,26459,True,True,True,False
wifib|device=31|capture=23Jan|frame=2695|row=2466,31,26779,True,True,True,False
wifib|device=31|capture=23Jan|frame=2532|row=2316,31,26629,True,True,True,False
wifib|device=31|capture=23Jan|frame=2666|row=2437,31,26750,True,True,True,False
wifib|device=31|capture=23Jan|frame=2301|row=2099,31,26412,True,True,True,False
wifib|device=31|capture=23Jan|frame=2309|row=2107,31,26420,True,True,True,False
wifib|device=31|capture=23Jan|frame=2520|row=2304,31,26617,True,True,True,False
wifib|device=31|capture=23Jan|frame=2523|row=2307,31,26620,False,True,False,False
wifib|device=31|capture=23Jan|frame=2386|row=2176,31,26489,True,True,True,False
wifib|device=31|capture=23Jan|frame=2782|row=2549,31,26862,True,True,True,False
wifib|device=31|capture=23Jan|frame=2575|row=2353,31,26666,True,True,True,False
wifib|device=31|capture=23Jan|frame=2223|row=2023,31,26336,True,True,True,False
wifib|device=31|capture=23Jan|frame=2239|row=2039,31,26352,True,True,True,False
wifib|device=31|capture=23Jan|frame=2413|row=2203,31,26516,True,True,True,False
wifib|device=31|capture=23Jan|frame=2264|row=2062,31,26375,True,True,True,False
wifib|device=31|capture=23Jan|frame=2569|row=2347,31,26660,True,True,True,False
wifib|device=31|capture=23Jan|frame=2387|row=2177,31,26490,True,True,True,False
wifib|device=31|capture=23Jan|frame=2385|row=2175,31,26488,True,True,True,False
wifib|device=31|capture=23Jan|frame=2242|row=2042,31,26355,True,True,True,False
wifib|device=31|capture=23Jan|frame=2349|row=2141,31,26454,True,True,True,False
wifib|device=31|capture=23Jan|frame=2566|row=2344,31,26657,False,True,False,False
wifib|device=31|capture=23Jan|frame=2415|row=2205,31,26518,True,True,True,False
wifib|device=31|capture=23Jan|frame=2691|row=2462,31,26775,True,True,True,False
wifib|device=31|capture=23Jan|frame=2347|row=2139,31,26452,True,True,True,False
wifib|device=31|capture=23Jan|frame=2594|row=2372,31,26685,True,True,True,False
wifib|device=31|capture=23Jan|frame=2599|row=2377,31,26690,True,True,True,False
wifib|device=31|capture=23Jan|frame=2705|row=2476,31,26789,True,True,True,False
wifib|device=31|capture=23Jan|frame=2526|row=2310,31,26623,True,True,True,False
wifib|device=31|capture=23Jan|frame=2700|row=2471,31,26784,True,True,True,False
wifib|device=31|capture=23Jan|frame=2606|row=2384,31,26697,True,True,True,False
wifib|device=31|capture=23Jan|frame=2297|row=2095,31,26408,True,True,True,False
wifib|device=31|capture=23Jan|frame=2444|row=2232,31,26545,True,True,True,False
wifib|device=31|capture=23Jan|frame=2707|row=2478,31,26791,True,True,True,False
wifib|device=31|capture=23Jan|frame=2423|row=2213,31,26526,False,True,False,False
wifib|device=31|capture=23Jan|frame=2726|row=2495,31,26808,True,True,True,False
wifib|device=31|capture=23Jan|frame=2266|row=2064,31,26377,True,True,True,False
wifib|device=31|capture=23Jan|frame=2590|row=2368,31,26681,True,True,True,False
wifib|device=31|capture=23Jan|frame=2465|row=2249,31,26562,True,True,True,False
wifib|device=31|capture=23Jan|frame=2502|row=2286,31,26599,True,True,True,False
wifib|device=31|capture=23Jan|frame=2357|row=2149,31,26462,True,True,True,False
wifib|device=31|capture=23Jan|frame=2361|row=2153,31,26466,True,True,True,False
wifib|device=31|capture=23Jan|frame=2346|row=2138,31,26451,True,True,True,False
wifib|device=31|capture=23Jan|frame=2718|row=2487,31,26800,True,True,True,False
wifib|device=31|capture=23Jan|frame=2635|row=2406,31,26719,True,True,True,False
wifib|device=31|capture=23Jan|frame=2200|row=2002,31,26315,True,True,True,False
wifib|device=31|capture=23Jan|frame=2509|row=2293,31,26606,True,True,True,False
wifib|device=31|capture=23Jan|frame=2603|row=2381,31,26694,True,True,True,False
wifib|device=31|capture=23Jan|frame=2308|row=2106,31,26419,True,True,True,False
wifib|device=31|capture=23Jan|frame=2260|row=2060,31,26373,True,True,True,False
wifib|device=31|capture=23Jan|frame=2281|row=2079,31,26392,True,True,True,False
wifib|device=31|capture=23Jan|frame=2393|row=2183,31,26496,True,True,True,False
wifib|device=31|capture=23Jan|frame=2212|row=2014,31,26327,True,True,True,False
wifib|device=31|capture=23Jan|frame=2646|row=2417,31,26730,True,True,True,False
wifib|device=31|capture=23Jan|frame=2533|row=2317,31,26630,False,True,False,False
wifib|device=31|capture=23Jan|frame=2333|row=2125,31,26438,True,True,True,False
wifib|device=31|capture=23Jan|frame=2513|row=2297,31,26610,True,True,True,False
wifib|device=31|capture=23Jan|frame=2783|row=2550,31,26863,True,True,True,False
wifib|device=31|capture=23Jan|frame=2756|row=2525,31,26838,True,True,True,False
wifib|device=31|capture=23Jan|frame=2414|row=2204,31,26517,True,True,True,False
wifib|device=31|capture=23Jan|frame=2339|row=2131,31,26444,True,True,True,False
wifib|device=31|capture=23Jan|frame=2696|row=2467,31,26780,True,True,True,False
wifib|device=31|capture=23Jan|frame=2283|row=2081,31,26394,True,True,True,False
wifib|device=31|capture=23Jan|frame=2403|row=2193,31,26506,True,True,True,False
wifib|device=31|capture=23Jan|frame=2568|row=2346,31,26659,True,True,True,False
wifib|device=31|capture=23Jan|frame=2292|row=2090,31,26403,True,True,True,False
wifib|device=31|capture=23Jan|frame=2496|row=2280,31,26593,False,True,False,False
wifib|device=31|capture=23Jan|frame=2204|row=2006,31,26319,True,True,True,False
wifib|device=31|capture=23Jan|frame=2197|row=1999,31,26312,True,True,True,False
wifib|device=31|capture=23Jan|frame=2400|row=2190,31,26503,True,True,True,False
wifib|device=31|capture=23Jan|frame=2320|row=2116,31,26429,True,True,True,False
wifib|device=31|capture=23Jan|frame=2284|row=2082,31,26395,True,True,True,False
wifib|device=31|capture=23Jan|frame=2216|row=2018,31,26331,True,True,True,False
wifib|device=31|capture=23Jan|frame=2556|row=2334,31,26647,True,True,True,False
wifib|device=31|capture=23Jan|frame=2534|row=2318,31,26631,True,True,True,False
wifib|device=31|capture=23Jan|frame=2425|row=2215,31,26528,True,True,True,False
wifib|device=31|capture=23Jan|frame=2647|row=2418,31,26731,True,True,True,False
wifib|device=31|capture=23Jan|frame=2470|row=2254,31,26567,True,True,True,False
wifib|device=31|capture=23Jan|frame=2779|row=2546,31,26859,True,True,True,False
wifib|device=31|capture=23Jan|frame=2219|row=2021,31,26334,True,True,True,False
wifib|device=31|capture=23Jan|frame=2290|row=2088,31,26401,True,True,True,False
wifib|device=31|capture=23Jan|frame=2473|row=2257,31,26570,True,True,True,False
wifib|device=31|capture=23Jan|frame=2715|row=2484,31,26797,True,True,True,False
wifib|device=31|capture=23Jan|frame=2243|row=2043,31,26356,True,True,True,False
wifib|device=31|capture=23Jan|frame=2727|row=2496,31,26809,True,True,True,False
wifib|device=31|capture=23Jan|frame=2528|row=2312,31,26625,False,True,False,False
wifib|device=31|capture=23Jan|frame=2336|row=2128,31,26441,True,True,True,False
wifib|device=31|capture=23Jan|frame=2558|row=2336,31,26649,True,True,True,False
wifib|device=31|capture=23Jan|frame=2677|row=2448,31,26761,True,True,True,False
wifib|device=31|capture=23Jan|frame=2296|row=2094,31,26407,True,True,True,False
wifib|device=31|capture=23Jan|frame=2287|row=2085,31,26398,True,True,True,False
wifib|device=31|capture=23Jan|frame=2427|row=2217,31,26530,True,True,True,False
wifib|device=31|capture=23Jan|frame=2758|row=2527,31,26840,True,True,True,False
wifib|device=31|capture=23Jan|frame=2780|row=2547,31,26860,False,True,False,False
wifib|device=31|capture=23Jan|frame=2498|row=2282,31,26595,True,True,True,False
wifib|device=31|capture=23Jan|frame=2436|row=2226,31,26539,True,True,True,False
wifib|device=31|capture=23Jan|frame=2300|row=2098,31,26411,True,True,True,False
wifib|device=31|capture=23Jan|frame=2340|row=2132,31,26445,True,True,True,False
wifib|device=31|capture=23Jan|frame=2374|row=2164,31,26477,True,True,True,False
wifib|device=31|capture=23Jan|frame=2738|row=2507,31,26820,True,True,True,False
wifib|device=31|capture=23Jan|frame=2693|row=2464,31,26777,True,True,True,False
wifib|device=31|capture=23Jan|frame=2734|row=2503,31,26816,True,True,True,False
wifib|device=31|capture=23Jan|frame=2747|row=2516,31,26829,True,True,True,False
wifib|device=31|capture=23Jan|frame=2576|row=2354,31,26667,True,True,True,False
wifib|device=31|capture=23Jan|frame=2722|row=2491,31,26804,True,True,True,False
wifib|device=31|capture=23Jan|frame=2401|row=2191,31,26504,True,True,True,False
wifib|device=31|capture=23Jan|frame=2405|row=2195,31,26508,True,True,True,False
wifib|device=31|capture=23Jan|frame=2492|row=2276,31,26589,True,True,True,False
wifib|device=31|capture=23Jan|frame=2685|row=2456,31,26769,False,True,False,False
wifib|device=31|capture=23Jan|frame=2419|row=2209,31,26522,True,True,True,False
wifib|device=31|capture=23Jan|frame=2299|row=2097,31,26410,True,True,True,False
wifib|device=31|capture=23Jan|frame=2372|row=2162,31,26475,True,True,True,False
wifib|device=31|capture=23Jan|frame=2484|row=2268,31,26581,True,True,True,False
wifib|device=31|capture=23Jan|frame=2692|row=2463,31,26776,True,True,True,False
wifib|device=31|capture=23Jan|frame=2341|row=2133,31,26446,True,True,True,False
wifib|device=31|capture=23Jan|frame=2332|row=2124,31,26437,True,True,True,False
wifib|device=31|capture=23Jan|frame=2352|row=2144,31,26457,True,True,True,False
wifib|device=31|capture=23Jan|frame=2604|row=2382,31,26695,True,True,True,False
wifib|device=31|capture=23Jan|frame=2655|row=2426,31,26739,True,True,True,False
wifib|device=31|capture=23Jan|frame=2597|row=2375,31,26688,True,True,True,False
wifib|device=31|capture=23Jan|frame=2370|row=2160,31,26473,True,True,True,False
wifib|device=31|capture=23Jan|frame=2777|row=2544,31,26857,True,True,True,False
wifib|device=31|capture=23Jan|frame=2752|row=2521,31,26834,True,True,True,False
wifib|device=31|capture=23Jan|frame=2410|row=2200,31,26513,True,True,True,False
wifib|device=31|capture=23Jan|frame=2589|row=2367,31,26680,True,True,True,False
wifib|device=31|capture=23Jan|frame=2322|row=2118,31,26431,True,True,True,False
wifib|device=31|capture=23Jan|frame=2207|row=2009,31,26322,True,True,True,False
wifib|device=31|capture=23Jan|frame=2662|row=2433,31,26746,True,True,True,False
wifib|device=31|capture=23Jan|frame=2622|row=2396,31,26709,True,True,True,False
wifib|device=31|capture=23Jan|frame=2311|row=2109,31,26422,True,True,True,False
wifib|device=31|capture=23Jan|frame=2295|row=2093,31,26406,True,True,True,False
wifib|device=31|capture=23Jan|frame=2592|row=2370,31,26683,True,True,True,False
wifib|device=31|capture=23Jan|frame=2654|row=2425,31,26738,True,True,True,False
wifib|device=31|capture=23Jan|frame=2318|row=2114,31,26427,True,True,True,False
wifib|device=31|capture=23Jan|frame=2778|row=2545,31,26858,True,True,True,False
wifib|device=31|capture=23Jan|frame=2670|row=2441,31,26754,True,True,True,False
wifib|device=31|capture=23Jan|frame=2539|row=2323,31,26636,True,True,True,False
wifib|device=31|capture=23Jan|frame=2228|row=2028,31,26341,True,True,True,False
wifib|device=31|capture=23Jan|frame=2407|row=2197,31,26510,True,True,True,False
wifib|device=31|capture=23Jan|frame=2355|row=2147,31,26460,True,True,True,False
wifib|device=31|capture=23Jan|frame=2353|row=2145,31,26458,True,True,True,False
wifib|device=31|capture=23Jan|frame=2500|row=2284,31,26597,True,True,True,False
wifib|device=31|capture=23Jan|frame=2379|row=2169,31,26482,True,True,True,False
wifib|device=31|capture=23Jan|frame=2461|row=2245,31,26558,True,True,True,False
wifib|device=31|capture=23Jan|frame=2467|row=2251,31,26564,True,True,True,False
wifib|device=31|capture=23Jan|frame=2723|row=2492,31,26805,True,True,True,False
wifib|device=31|capture=23Jan|frame=2351|row=2143,31,26456,True,True,True,False
wifib|device=31|capture=23Jan|frame=2490|row=2274,31,26587,True,True,True,False
wifib|device=31|capture=23Jan|frame=2445|row=2233,31,26546,True,True,True,False
wifib|device=31|capture=23Jan|frame=2739|row=2508,31,26821,True,True,True,False
wifib|device=31|capture=23Jan|frame=2549|row=2329,31,26642,False,True,False,False
wifib|device=31|capture=23Jan|frame=2613|row=2389,31,26702,True,True,True,False
wifib|device=31|capture=23Jan|frame=2230|row=2030,31,26343,True,True,True,False
wifib|device=31|capture=23Jan|frame=2667|row=2438,31,26751,True,True,True,False
wifib|device=31|capture=23Jan|frame=2201|row=2003,31,26316,False,True,False,False
wifib|device=31|capture=23Jan|frame=2237|row=2037,31,26350,True,True,True,False
wifib|device=31|capture=23Jan|frame=2665|row=2436,31,26749,True,True,True,False
wifib|device=31|capture=23Jan|frame=2632|row=2403,31,26716,True,True,True,False
wifib|device=31|capture=23Jan|frame=2699|row=2470,31,26783,True,True,True,False
wifib|device=31|capture=23Jan|frame=2721|row=2490,31,26803,True,True,True,False
wifib|device=31|capture=23Jan|frame=2373|row=2163,31,26476,True,True,True,False
wifib|device=31|capture=23Jan|frame=2358|row=2150,31,26463,True,True,True,False
wifib|device=31|capture=23Jan|frame=2265|row=2063,31,26376,True,True,True,False
wifib|device=31|capture=23Jan|frame=2269|row=2067,31,26380,True,True,True,False
wifib|device=31|capture=23Jan|frame=2335|row=2127,31,26440,True,True,True,False
wifib|device=31|capture=23Jan|frame=2548|row=2328,31,26641,True,True,True,False
wifib|device=31|capture=23Jan|frame=2656|row=2427,31,26740,True,True,True,False
wifib|device=31|capture=23Jan|frame=2495|row=2279,31,26592,True,True,True,False
wifib|device=31|capture=23Jan|frame=2773|row=2540,31,26853,True,True,True,False
wifib|device=31|capture=23Jan|frame=2488|row=2272,31,26585,False,True,False,False
wifib|device=31|capture=23Jan|frame=2731|row=2500,31,26813,True,True,True,False
wifib|device=31|capture=23Jan|frame=2233|row=2033,31,26346,True,True,True,False
wifib|device=31|capture=23Jan|frame=2246|row=2046,31,26359,True,True,True,False
wifib|device=31|capture=23Jan|frame=2310|row=2108,31,26421,True,True,True,False
wifib|device=31|capture=23Jan|frame=2514|row=2298,31,26611,True,True,True,False
wifib|device=31|capture=23Jan|frame=2489|row=2273,31,26586,True,True,True,False
wifib|device=31|capture=23Jan|frame=2394|row=2184,31,26497,True,True,True,False
wifib|device=31|capture=23Jan|frame=2714|row=2483,31,26796,True,True,True,False
wifib|device=31|capture=23Jan|frame=2471|row=2255,31,26568,True,True,True,False
wifib|device=31|capture=23Jan|frame=2746|row=2515,31,26828,True,True,True,False
wifib|device=31|capture=23Jan|frame=2507|row=2291,31,26604,True,True,True,False
wifib|device=31|capture=23Jan|frame=2728|row=2497,31,26810,True,True,True,False
wifib|device=31|capture=23Jan|frame=2652|row=2423,31,26736,True,True,True,False
wifib|device=31|capture=23Jan|frame=2218|row=2020,31,26333,True,True,True,False
wifib|device=31|capture=23Jan|frame=2366|row=2158,31,26471,True,True,True,False
wifib|device=31|capture=23Jan|frame=2486|row=2270,31,26583,False,True,False,False
wifib|device=31|capture=23Jan|frame=2508|row=2292,31,26605,True,True,True,False
wifib|device=31|capture=23Jan|frame=2342|row=2134,31,26447,True,True,True,False
wifib|device=31|capture=23Jan|frame=2669|row=2440,31,26753,True,True,True,False
wifib|device=31|capture=23Jan|frame=2595|row=2373,31,26686,True,True,True,False
wifib|device=31|capture=23Jan|frame=2608|row=2386,31,26699,True,True,True,False
wifib|device=31|capture=23Jan|frame=2631|row=2402,31,26715,True,True,True,False
wifib|device=31|capture=23Jan|frame=2772|row=2539,31,26852,True,True,True,False
wifib|device=31|capture=23Jan|frame=2536|row=2320,31,26633,True,True,True,False
wifib|device=31|capture=23Jan|frame=2522|row=2306,31,26619,True,True,True,False
wifib|device=31|capture=23Jan|frame=2211|row=2013,31,26326,True,True,True,False
wifib|device=31|capture=23Jan|frame=2392|row=2182,31,26495,True,True,True,False
wifib|device=31|capture=23Jan|frame=2206|row=2008,31,26321,False,True,False,False
wifib|device=31|capture=23Jan|frame=2273|row=2071,31,26384,True,True,True,False
wifib|device=31|capture=23Jan|frame=2209|row=2011,31,26324,True,True,True,False
wifib|device=31|capture=23Jan|frame=2614|row=2390,31,26703,True,True,True,False
wifib|device=31|capture=23Jan|frame=2313|row=2111,31,26424,True,True,True,False
wifib|device=31|capture=23Jan|frame=2529|row=2313,31,26626,True,True,True,False
wifib|device=31|capture=23Jan|frame=2668|row=2439,31,26752,True,True,True,False
wifib|device=31|capture=23Jan|frame=2493|row=2277,31,26590,True,True,True,False
wifib|device=31|capture=23Jan|frame=2770|row=2537,31,26850,True,True,True,False
wifib|device=31|capture=23Jan|frame=2554|row=2332,31,26645,False,True,False,False
wifib|device=31|capture=23Jan|frame=2511|row=2295,31,26608,True,True,True,False
wifib|device=31|capture=23Jan|frame=2683|row=2454,31,26767,True,True,True,False
wifib|device=31|capture=23Jan|frame=2648|row=2419,31,26732,True,True,True,False
wifib|device=31|capture=23Jan|frame=2261|row=2061,31,26374,True,True,True,False
wifib|device=31|capture=23Jan|frame=2706|row=2477,31,26790,True,True,True,False
wifib|device=31|capture=23Jan|frame=2329|row=2123,31,26436,True,True,True,False
wifib|device=31|capture=23Jan|frame=2766|row=2533,31,26846,True,True,True,False
wifib|device=31|capture=23Jan|frame=2307|row=2105,31,26418,True,True,True,False
wifib|device=31|capture=23Jan|frame=2735|row=2504,31,26817,True,True,True,False
wifib|device=31|capture=23Jan|frame=2360|row=2152,31,26465,True,True,True,False
wifib|device=31|capture=23Jan|frame=2748|row=2517,31,26830,True,True,True,False
wifib|device=31|capture=23Jan|frame=2587|row=2365,31,26678,True,True,True,False
wifib|device=31|capture=23Jan|frame=2217|row=2019,31,26332,True,True,True,False
wifib|device=31|capture=23Jan|frame=2544|row=2324,31,26637,False,True,False,False
wifib|device=31|capture=23Jan|frame=2229|row=2029,31,26342,True,True,True,False
wifib|device=31|capture=23Jan|frame=2213|row=2015,31,26328,True,True,True,False
wifib|device=31|capture=23Jan|frame=2742|row=2511,31,26824,True,True,True,False
wifib|device=31|capture=23Jan|frame=2553|row=2331,31,26644,True,True,True,False
wifib|device=31|capture=23Jan|frame=2277|row=2075,31,26388,True,True,True,False
wifib|device=31|capture=23Jan|frame=2430|row=2220,31,26533,True,True,True,False
wifib|device=31|capture=23Jan|frame=2231|row=2031,31,26344,True,True,True,False
wifib|device=31|capture=23Jan|frame=2579|row=2357,31,26670,False,True,False,False
wifib|device=31|capture=23Jan|frame=2505|row=2289,31,26602,True,True,True,False
wifib|device=31|capture=23Jan|frame=2214|row=2016,31,26329,True,True,True,False
wifib|device=31|capture=23Jan|frame=2420|row=2210,31,26523,True,True,True,False
wifib|device=31|capture=23Jan|frame=2468|row=2252,31,26565,True,True,True,False
wifib|device=31|capture=23Jan|frame=2678|row=2449,31,26762,True,True,True,False
wifib|device=31|capture=23Jan|frame=2547|row=2327,31,26640,True,True,True,False
wifib|device=31|capture=23Jan|frame=2650|row=2421,31,26734,True,True,True,False
wifib|device=31|capture=23Jan|frame=2326|row=2120,31,26433,True,True,True,False
wifib|device=31|capture=23Jan|frame=2408|row=2198,31,26511,True,True,True,False
wifib|device=31|capture=23Jan|frame=2476|row=2260,31,26573,True,True,True,False
wifib|device=31|capture=23Jan|frame=2527|row=2311,31,26624,True,True,True,False
wifib|device=31|capture=23Jan|frame=2563|row=2341,31,26654,True,True,True,False
wifib|device=31|capture=23Jan|frame=2518|row=2302,31,26615,True,True,True,False
wifib|device=31|capture=23Jan|frame=2225|row=2025,31,26338,True,True,True,False
wifib|device=31|capture=23Jan|frame=2459|row=2243,31,26556,True,True,True,False
wifib|device=31|capture=23Jan|frame=2428|row=2218,31,26531,True,True,True,False
wifib|device=31|capture=23Jan|frame=2250|row=2050,31,26363,False,True,False,False
wifib|device=31|capture=23Jan|frame=2458|row=2242,31,26555,True,True,True,False
wifib|device=31|capture=23Jan|frame=2460|row=2244,31,26557,True,True,True,False
wifib|device=31|capture=23Jan|frame=2253|row=2053,31,26366,True,True,True,False
wifib|device=31|capture=23Jan|frame=2736|row=2505,31,26818,True,True,True,False
wifib|device=31|capture=23Jan|frame=2628|row=2399,31,26712,True,True,True,False
wifib|device=31|capture=23Jan|frame=2537|row=2321,31,26634,True,True,True,False
wifib|device=31|capture=23Jan|frame=2684|row=2455,31,26768,True,True,True,False
wifib|device=31|capture=23Jan|frame=2240|row=2040,31,26353,True,True,True,False
wifib|device=31|capture=23Jan|frame=2222|row=2022,31,26335,True,True,True,False
wifib|device=31|capture=23Jan|frame=2781|row=2548,31,26861,True,True,True,False
wifib|device=31|capture=23Jan|frame=2205|row=2007,31,26320,True,True,True,False
wifib|device=31|capture=23Jan|frame=2730|row=2499,31,26812,True,True,True,False
wifib|device=40|capture=23Jan|frame=2501|row=2230,40,33876,True,True,True,True
wifib|device=40|capture=23Jan|frame=2603|row=2328,40,33974,True,True,True,True
wifib|device=40|capture=23Jan|frame=2737|row=2449,40,34095,True,True,True,True
wifib|device=40|capture=23Jan|frame=2540|row=2269,40,33915,True,True,True,True
wifib|device=40|capture=23Jan|frame=2472|row=2201,40,33847,True,True,True,True
wifib|device=40|capture=23Jan|frame=2221|row=1978,40,33624,False,True,False,False
wifib|device=40|capture=23Jan|frame=2641|row=2362,40,34008,True,True,True,True
wifib|device=40|capture=23Jan|frame=2744|row=2456,40,34102,True,True,True,True
wifib|device=40|capture=23Jan|frame=2299|row=2048,40,33694,True,True,True,True
wifib|device=40|capture=23Jan|frame=2718|row=2437,40,34083,True,True,True,True
wifib|device=40|capture=23Jan|frame=2562|row=2287,40,33933,True,True,True,True
wifib|device=40|capture=23Jan|frame=2707|row=2426,40,34072,True,True,True,False
wifib|device=40|capture=23Jan|frame=2619|row=2340,40,33986,True,True,True,False
wifib|device=40|capture=23Jan|frame=2461|row=2190,40,33836,True,True,True,False
wifib|device=40|capture=23Jan|frame=2450|row=2179,40,33825,True,True,True,False
wifib|device=40|capture=23Jan|frame=2483|row=2212,40,33858,True,True,True,False
wifib|device=40|capture=23Jan|frame=2242|row=1997,40,33643,True,True,True,False
wifib|device=40|capture=23Jan|frame=2638|row=2359,40,34005,True,True,True,False
wifib|device=40|capture=23Jan|frame=2640|row=2361,40,34007,True,True,True,False
wifib|device=40|capture=23Jan|frame=2424|row=2159,40,33805,True,True,True,False
wifib|device=40|capture=23Jan|frame=2695|row=2414,40,34060,True,True,True,False
wifib|device=40|capture=23Jan|frame=2485|row=2214,40,33860,True,True,True,False
wifib|device=40|capture=23Jan|frame=2524|row=2253,40,33899,True,True,True,False
wifib|device=40|capture=23Jan|frame=2415|row=2152,40,33798,True,True,True,False
wifib|device=40|capture=23Jan|frame=2429|row=2164,40,33810,True,True,True,False
wifib|device=40|capture=23Jan|frame=2629|row=2350,40,33996,True,True,True,False
wifib|device=40|capture=23Jan|frame=2589|row=2314,40,33960,True,True,True,False
wifib|device=40|capture=23Jan|frame=2427|row=2162,40,33808,True,True,True,False
wifib|device=40|capture=23Jan|frame=2248|row=2001,40,33647,True,True,True,False
wifib|device=40|capture=23Jan|frame=2349|row=2094,40,33740,False,True,False,False
wifib|device=40|capture=23Jan|frame=2266|row=2019,40,33665,True,True,True,False
wifib|device=40|capture=23Jan|frame=2516|row=2245,40,33891,True,True,True,False
wifib|device=40|capture=23Jan|frame=2662|row=2383,40,34029,True,True,True,False
wifib|device=40|capture=23Jan|frame=2214|row=1971,40,33617,True,True,True,False
wifib|device=40|capture=23Jan|frame=2428|row=2163,40,33809,True,True,True,False
wifib|device=40|capture=23Jan|frame=2671|row=2392,40,34038,True,True,True,False
wifib|device=40|capture=23Jan|frame=2556|row=2281,40,33927,True,True,True,False
wifib|device=40|capture=23Jan|frame=2648|row=2369,40,34015,True,True,True,False
wifib|device=40|capture=23Jan|frame=2370|row=2113,40,33759,True,True,True,False
wifib|device=40|capture=23Jan|frame=2474|row=2203,40,33849,True,True,True,False
wifib|device=40|capture=23Jan|frame=2260|row=2013,40,33659,True,True,True,False
wifib|device=40|capture=23Jan|frame=2672|row=2393,40,34039,True,True,True,False
wifib|device=40|capture=23Jan|frame=2303|row=2052,40,33698,True,True,True,False
wifib|device=40|capture=23Jan|frame=2621|row=2342,40,33988,True,True,True,False
wifib|device=40|capture=23Jan|frame=2488|row=2217,40,33863,True,True,True,False
wifib|device=40|capture=23Jan|frame=2661|row=2382,40,34028,True,True,True,False
wifib|device=40|capture=23Jan|frame=2513|row=2242,40,33888,True,True,True,False
wifib|device=40|capture=23Jan|frame=2305|row=2054,40,33700,True,True,True,False
wifib|device=40|capture=23Jan|frame=2580|row=2305,40,33951,True,True,True,False
wifib|device=40|capture=23Jan|frame=2346|row=2091,40,33737,True,True,True,False
wifib|device=40|capture=23Jan|frame=2442|row=2177,40,33823,True,True,True,False
wifib|device=40|capture=23Jan|frame=2202|row=1959,40,33605,True,True,True,False
wifib|device=40|capture=23Jan|frame=2235|row=1992,40,33638,True,True,True,False
wifib|device=40|capture=23Jan|frame=2499|row=2228,40,33874,True,True,True,False
wifib|device=40|capture=23Jan|frame=2463|row=2192,40,33838,True,True,True,False
wifib|device=40|capture=23Jan|frame=2680|row=2401,40,34047,True,True,True,False
wifib|device=40|capture=23Jan|frame=2688|row=2409,40,34055,True,True,True,False
wifib|device=40|capture=23Jan|frame=2238|row=1993,40,33639,True,True,True,False
wifib|device=40|capture=23Jan|frame=2326|row=2073,40,33719,True,True,True,False
wifib|device=40|capture=23Jan|frame=2229|row=1986,40,33632,True,True,True,False
wifib|device=40|capture=23Jan|frame=2321|row=2068,40,33714,True,True,True,False
wifib|device=40|capture=23Jan|frame=2521|row=2250,40,33896,True,True,True,False
wifib|device=40|capture=23Jan|frame=2666|row=2387,40,34033,True,True,True,False
wifib|device=40|capture=23Jan|frame=2704|row=2423,40,34069,True,True,True,False
wifib|device=40|capture=23Jan|frame=2577|row=2302,40,33948,True,True,True,False
wifib|device=40|capture=23Jan|frame=2527|row=2256,40,33902,True,True,True,False
wifib|device=40|capture=23Jan|frame=2721|row=2440,40,34086,True,True,True,False
wifib|device=40|capture=23Jan|frame=2530|row=2259,40,33905,True,True,True,False
wifib|device=40|capture=23Jan|frame=2598|row=2323,40,33969,True,True,True,False
wifib|device=40|capture=23Jan|frame=2538|row=2267,40,33913,True,True,True,False
wifib|device=40|capture=23Jan|frame=2508|row=2237,40,33883,True,True,True,False
wifib|device=40|capture=23Jan|frame=2311|row=2060,40,33706,True,True,True,False
wifib|device=40|capture=23Jan|frame=2654|row=2375,40,34021,True,True,True,False
wifib|device=40|capture=23Jan|frame=2270|row=2023,40,33669,True,True,True,False
wifib|device=40|capture=23Jan|frame=2231|row=1988,40,33634,True,True,True,False
wifib|device=40|capture=23Jan|frame=2604|row=2329,40,33975,False,True,False,False
wifib|device=40|capture=23Jan|frame=2279|row=2032,40,33678,True,True,True,False
wifib|device=40|capture=23Jan|frame=2752|row=2462,40,34108,True,True,True,False
wifib|device=40|capture=23Jan|frame=2615|row=2338,40,33984,True,True,True,False
wifib|device=40|capture=23Jan|frame=2207|row=1964,40,33610,True,True,True,False
wifib|device=40|capture=23Jan|frame=2393|row=2136,40,33782,True,True,True,False
wifib|device=40|capture=23Jan|frame=2658|row=2379,40,34025,True,True,True,False
wifib|device=40|capture=23Jan|frame=2575|row=2300,40,33946,True,True,True,False
wifib|device=40|capture=23Jan|frame=2357|row=2100,40,33746,True,True,True,False
wifib|device=40|capture=23Jan|frame=2605|row=2330,40,33976,True,True,True,False
wifib|device=40|capture=23Jan|frame=2377|row=2120,40,33766,True,True,True,False
wifib|device=40|capture=23Jan|frame=2548|row=2273,40,33919,True,True,True,False
wifib|device=40|capture=23Jan|frame=2534|row=2263,40,33909,True,True,True,False
wifib|device=40|capture=23Jan|frame=2433|row=2168,40,33814,True,True,True,False
wifib|device=40|capture=23Jan|frame=2683|row=2404,40,34050,True,True,True,False
wifib|device=40|capture=23Jan|frame=2517|row=2246,40,33892,True,True,True,False
wifib|device=40|capture=23Jan|frame=2254|row=2007,40,33653,True,True,True,False
wifib|device=40|capture=23Jan|frame=2181|row=1940,40,33586,True,True,True,False
wifib|device=40|capture=23Jan|frame=2240|row=1995,40,33641,True,True,True,False
wifib|device=40|capture=23Jan|frame=2557|row=2282,40,33928,True,True,True,False
wifib|device=40|capture=23Jan|frame=2209|row=1966,40,33612,True,True,True,False
wifib|device=40|capture=23Jan|frame=2480|row=2209,40,33855,True,True,True,False
wifib|device=40|capture=23Jan|frame=2630|row=2351,40,33997,True,True,True,False
wifib|device=40|capture=23Jan|frame=2507|row=2236,40,33882,True,True,True,False
wifib|device=40|capture=23Jan|frame=2244|row=1999,40,33645,True,True,True,False
wifib|device=40|capture=23Jan|frame=2186|row=1943,40,33589,True,True,True,False
wifib|device=40|capture=23Jan|frame=2473|row=2202,40,33848,True,True,True,False
wifib|device=40|capture=23Jan|frame=2206|row=1963,40,33609,True,True,True,False
wifib|device=40|capture=23Jan|frame=2312|row=2061,40,33707,True,True,True,False
wifib|device=40|capture=23Jan|frame=2249|row=2002,40,33648,True,True,True,False
wifib|device=40|capture=23Jan|frame=2627|row=2348,40,33994,True,True,True,False
wifib|device=40|capture=23Jan|frame=2316|row=2065,40,33711,True,True,True,False
wifib|device=40|capture=23Jan|frame=2738|row=2450,40,34096,True,True,True,False
wifib|device=40|capture=23Jan|frame=2268|row=2021,40,33667,True,True,True,False
wifib|device=40|capture=23Jan|frame=2403|row=2144,40,33790,True,True,True,False
wifib|device=40|capture=23Jan|frame=2219|row=1976,40,33622,True,True,True,False
wifib|device=40|capture=23Jan|frame=2361|row=2104,40,33750,True,True,True,False
wifib|device=40|capture=23Jan|frame=2751|row=2461,40,34107,True,True,True,False
wifib|device=40|capture=23Jan|frame=2708|row=2427,40,34073,True,True,True,False
wifib|device=40|capture=23Jan|frame=2447|row=2178,40,33824,True,True,True,False
wifib|device=40|capture=23Jan|frame=2681|row=2402,40,34048,True,True,True,False
wifib|device=40|capture=23Jan|frame=2478|row=2207,40,33853,True,True,True,False
wifib|device=40|capture=23Jan|frame=2614|row=2337,40,33983,True,True,True,False
wifib|device=40|capture=23Jan|frame=2745|row=2457,40,34103,True,True,True,False
wifib|device=40|capture=23Jan|frame=2504|row=2233,40,33879,True,True,True,False
wifib|device=40|capture=23Jan|frame=2628|row=2349,40,33995,True,True,True,False
wifib|device=40|capture=23Jan|frame=2635|row=2356,40,34002,True,True,True,False
wifib|device=40|capture=23Jan|frame=2620|row=2341,40,33987,True,True,True,False
wifib|device=40|capture=23Jan|frame=2440|row=2175,40,33821,True,True,True,False
wifib|device=40|capture=23Jan|frame=2723|row=2442,40,34088,True,True,True,False
wifib|device=40|capture=23Jan|frame=2295|row=2046,40,33692,True,True,True,False
wifib|device=40|capture=23Jan|frame=2717|row=2436,40,34082,True,True,True,False
wifib|device=40|capture=23Jan|frame=2314|row=2063,40,33709,True,True,True,False
wifib|device=40|capture=23Jan|frame=2196|row=1953,40,33599,True,True,True,False
wifib|device=40|capture=23Jan|frame=2560|row=2285,40,33931,True,True,True,False
wifib|device=40|capture=23Jan|frame=2486|row=2215,40,33861,True,True,True,False
wifib|device=40|capture=23Jan|frame=2328|row=2075,40,33721,True,True,True,False
wifib|device=40|capture=23Jan|frame=2451|row=2180,40,33826,True,True,True,False
wifib|device=40|capture=23Jan|frame=2481|row=2210,40,33856,True,True,True,False
wifib|device=40|capture=23Jan|frame=2755|row=2465,40,34111,True,True,True,False
wifib|device=40|capture=23Jan|frame=2419|row=2154,40,33800,True,True,True,False
wifib|device=40|capture=23Jan|frame=2454|row=2183,40,33829,True,True,True,False
wifib|device=40|capture=23Jan|frame=2558|row=2283,40,33929,True,True,True,False
wifib|device=40|capture=23Jan|frame=2599|row=2324,40,33970,True,True,True,False
wifib|device=40|capture=23Jan|frame=2409|row=2146,40,33792,True,True,True,False
wifib|device=40|capture=23Jan|frame=2741|row=2453,40,34099,True,True,True,False
wifib|device=40|capture=23Jan|frame=2484|row=2213,40,33859,True,True,True,False
wifib|device=40|capture=23Jan|frame=2694|row=2413,40,34059,True,True,True,False
wifib|device=40|capture=23Jan|frame=2529|row=2258,40,33904,True,True,True,False
wifib|device=40|capture=23Jan|frame=2618|row=2339,40,33985,False,True,False,False
wifib|device=40|capture=23Jan|frame=2460|row=2189,40,33835,True,True,True,False
wifib|device=40|capture=23Jan|frame=2396|row=2139,40,33785,True,True,True,False
wifib|device=40|capture=23Jan|frame=2232|row=1989,40,33635,True,True,True,False
wifib|device=40|capture=23Jan|frame=2574|row=2299,40,33945,True,True,True,False
wifib|device=40|capture=23Jan|frame=2482|row=2211,40,33857,True,True,True,False
wifib|device=40|capture=23Jan|frame=2218|row=1975,40,33621,True,True,True,False
wifib|device=40|capture=23Jan|frame=2613|row=2336,40,33982,True,True,True,False
wifib|device=40|capture=23Jan|frame=2241|row=1996,40,33642,True,True,True,False
wifib|device=40|capture=23Jan|frame=2651|row=2372,40,34018,True,True,True,False
wifib|device=40|capture=23Jan|frame=2657|row=2378,40,34024,True,True,True,False
wifib|device=40|capture=23Jan|frame=2544|row=2271,40,33917,True,True,True,False
wifib|device=40|capture=23Jan|frame=2754|row=2464,40,34110,True,True,True,False
wifib|device=40|capture=23Jan|frame=2655|row=2376,40,34022,True,True,True,False
wifib|device=40|capture=23Jan|frame=2335|row=2082,40,33728,True,True,True,False
wifib|device=40|capture=23Jan|frame=2495|row=2224,40,33870,True,True,True,False
wifib|device=40|capture=23Jan|frame=2740|row=2452,40,34098,True,True,True,False
wifib|device=40|capture=23Jan|frame=2702|row=2421,40,34067,True,True,True,False
wifib|device=40|capture=23Jan|frame=2380|row=2123,40,33769,True,True,True,False
wifib|device=40|capture=23Jan|frame=2586|row=2311,40,33957,True,True,True,False
wifib|device=40|capture=23Jan|frame=2611|row=2334,40,33980,True,True,True,False
wifib|device=40|capture=23Jan|frame=2528|row=2257,40,33903,True,True,True,False
wifib|device=40|capture=23Jan|frame=2703|row=2422,40,34068,True,True,True,False
wifib|device=40|capture=23Jan|frame=2634|row=2355,40,34001,True,True,True,False
wifib|device=40|capture=23Jan|frame=2269|row=2022,40,33668,True,True,True,False
wifib|device=40|capture=23Jan|frame=2705|row=2424,40,34070,True,True,True,False
wifib|device=40|capture=23Jan|frame=2503|row=2232,40,33878,True,True,True,False
wifib|device=40|capture=23Jan|frame=2292|row=2043,40,33689,True,True,True,False
wifib|device=40|capture=23Jan|frame=2343|row=2090,40,33736,True,True,True,False
wifib|device=40|capture=23Jan|frame=2340|row=2087,40,33733,True,True,True,False
wifib|device=40|capture=23Jan|frame=2414|row=2151,40,33797,True,True,True,False
wifib|device=40|capture=23Jan|frame=2716|row=2435,40,34081,True,True,True,False
wifib|device=40|capture=23Jan|frame=2265|row=2018,40,33664,True,True,True,False
wifib|device=40|capture=23Jan|frame=2457|row=2186,40,33832,True,True,True,False
wifib|device=40|capture=23Jan|frame=2727|row=2446,40,34092,True,True,True,False
wifib|device=40|capture=23Jan|frame=2489|row=2218,40,33864,True,True,True,False
wifib|device=40|capture=23Jan|frame=2286|row=2037,40,33683,True,True,True,False
wifib|device=40|capture=23Jan|frame=2626|row=2347,40,33993,True,True,True,False
wifib|device=40|capture=23Jan|frame=2313|row=2062,40,33708,True,True,True,False
wifib|device=40|capture=23Jan|frame=2179|row=1938,40,33584,True,True,True,False
wifib|device=40|capture=23Jan|frame=2724|row=2443,40,34089,True,True,True,False
wifib|device=40|capture=23Jan|frame=2193|row=1950,40,33596,True,True,True,False
wifib|device=40|capture=23Jan|frame=2722|row=2441,40,34087,True,True,True,False
wifib|device=40|capture=23Jan|frame=2356|row=2099,40,33745,True,True,True,False
wifib|device=40|capture=23Jan|frame=2523|row=2252,40,33898,True,True,True,False
wifib|device=40|capture=23Jan|frame=2381|row=2124,40,33770,True,True,True,False
wifib|device=40|capture=23Jan|frame=2180|row=1939,40,33585,True,True,True,False
wifib|device=40|capture=23Jan|frame=2277|row=2030,40,33676,True,True,True,False
wifib|device=40|capture=23Jan|frame=2205|row=1962,40,33608,True,True,True,False
wifib|device=40|capture=23Jan|frame=2765|row=2473,40,34119,True,True,True,False
wifib|device=40|capture=23Jan|frame=2510|row=2239,40,33885,True,True,True,False
wifib|device=40|capture=23Jan|frame=2563|row=2288,40,33934,True,True,True,False
wifib|device=40|capture=23Jan|frame=2385|row=2128,40,33774,True,True,True,False
wifib|device=40|capture=23Jan|frame=2569|row=2294,40,33940,True,True,True,False
wifib|device=40|capture=23Jan|frame=2539|row=2268,40,33914,True,True,True,False
wifib|device=40|capture=23Jan|frame=2338|row=2085,40,33731,True,True,True,False
wifib|device=40|capture=23Jan|frame=2583|row=2308,40,33954,True,True,True,False
wifib|device=40|capture=23Jan|frame=2551|row=2276,40,33922,True,True,True,False
wifib|device=40|capture=23Jan|frame=2199|row=1956,40,33602,True,True,True,False
wifib|device=40|capture=23Jan|frame=2252|row=2005,40,33651,True,True,True,False
wifib|device=40|capture=23Jan|frame=2223|row=1980,40,33626,True,True,True,False
wifib|device=40|capture=23Jan|frame=2329|row=2076,40,33722,True,True,True,False
wifib|device=40|capture=23Jan|frame=2552|row=2277,40,33923,True,True,True,False
wifib|device=40|capture=23Jan|frame=2261|row=2014,40,33660,True,True,True,False
wifib|device=40|capture=23Jan|frame=2490|row=2219,40,33865,True,True,True,False
wifib|device=40|capture=23Jan|frame=2712|row=2431,40,34077,True,True,True,False
wifib|device=40|capture=23Jan|frame=2350|row=2095,40,33741,True,True,True,False
wifib|device=40|capture=23Jan|frame=2339|row=2086,40,33732,True,True,True,False
wifib|device=40|capture=23Jan|frame=2332|row=2079,40,33725,True,True,True,False
wifib|device=40|capture=23Jan|frame=2264|row=2017,40,33663,True,True,True,False
wifib|device=40|capture=23Jan|frame=2351|row=2096,40,33742,True,True,True,False
wifib|device=40|capture=23Jan|frame=2262|row=2015,40,33661,True,True,True,False
wifib|device=40|capture=23Jan|frame=2453|row=2182,40,33828,True,True,True,False
wifib|device=40|capture=23Jan|frame=2284|row=2035,40,33681,True,True,True,False
wifib|device=40|capture=23Jan|frame=2682|row=2403,40,34049,True,True,True,False
wifib|device=40|capture=23Jan|frame=2228|row=1985,40,33631,True,True,True,False
wifib|device=40|capture=23Jan|frame=2537|row=2266,40,33912,True,True,True,False
wifib|device=40|capture=23Jan|frame=2594|row=2319,40,33965,True,True,True,False
wifib|device=40|capture=23Jan|frame=2233|row=1990,40,33636,True,True,True,False
wifib|device=40|capture=23Jan|frame=2726|row=2445,40,34091,True,True,True,False
wifib|device=40|capture=23Jan|frame=2587|row=2312,40,33958,True,True,True,False
wifib|device=40|capture=23Jan|frame=2418|row=2153,40,33799,True,True,True,False
wifib|device=40|capture=23Jan|frame=2585|row=2310,40,33956,True,True,True,False
wifib|device=40|capture=23Jan|frame=2455|row=2184,40,33830,True,True,True,False
wifib|device=40|capture=23Jan|frame=2323|row=2070,40,33716,True,True,True,False
wifib|device=40|capture=23Jan|frame=2736|row=2448,40,34094,True,True,True,False
wifib|device=40|capture=23Jan|frame=2399|row=2142,40,33788,True,True,True,False
wifib|device=40|capture=23Jan|frame=2358|row=2101,40,33747,True,True,True,False
wifib|device=40|capture=23Jan|frame=2692|row=2411,40,34057,True,True,True,False
wifib|device=40|capture=23Jan|frame=2191|row=1948,40,33594,True,True,True,False
wifib|device=40|capture=23Jan|frame=2267|row=2020,40,33666,True,True,True,False
wifib|device=40|capture=23Jan|frame=2656|row=2377,40,34023,True,True,True,False
wifib|device=40|capture=23Jan|frame=2259|row=2012,40,33658,True,True,True,False
wifib|device=40|capture=23Jan|frame=2392|row=2135,40,33781,True,True,True,False
wifib|device=40|capture=23Jan|frame=2437|row=2172,40,33818,True,True,True,False
wifib|device=40|capture=23Jan|frame=2572|row=2297,40,33943,True,True,True,False
wifib|device=40|capture=23Jan|frame=2369|row=2112,40,33758,True,True,True,False
wifib|device=40|capture=23Jan|frame=2411|row=2148,40,33794,True,True,True,False
wifib|device=40|capture=23Jan|frame=2757|row=2467,40,34113,True,True,True,False
wifib|device=40|capture=23Jan|frame=2225|row=1982,40,33628,True,True,True,False
wifib|device=40|capture=23Jan|frame=2213|row=1970,40,33616,True,True,True,False
wifib|device=40|capture=23Jan|frame=2341|row=2088,40,33734,True,True,True,False
wifib|device=40|capture=23Jan|frame=2308|row=2057,40,33703,True,True,True,False
wifib|device=40|capture=23Jan|frame=2505|row=2234,40,33880,True,True,True,False
wifib|device=40|capture=23Jan|frame=2309|row=2058,40,33704,True,True,True,False
wifib|device=40|capture=23Jan|frame=2696|row=2415,40,34061,True,True,True,False
wifib|device=40|capture=23Jan|frame=2660|row=2381,40,34027,True,True,True,False
wifib|device=40|capture=23Jan|frame=2701|row=2420,40,34066,True,True,True,False
wifib|device=40|capture=23Jan|frame=2198|row=1955,40,33601,True,True,True,False
wifib|device=40|capture=23Jan|frame=2622|row=2343,40,33989,True,True,True,False
wifib|device=40|capture=23Jan|frame=2477|row=2206,40,33852,True,True,True,False
wifib|device=40|capture=23Jan|frame=2471|row=2200,40,33846,True,True,True,False
wifib|device=40|capture=23Jan|frame=2362|row=2105,40,33751,True,True,True,False
wifib|device=40|capture=23Jan|frame=2762|row=2470,40,34116,True,True,True,False
wifib|device=40|capture=23Jan|frame=2227|row=1984,40,33630,True,True,True,False
wifib|device=40|capture=23Jan|frame=2494|row=2223,40,33869,True,True,True,False
wifib|device=40|capture=23Jan|frame=2596|row=2321,40,33967,True,True,True,False
wifib|device=40|capture=23Jan|frame=2364|row=2107,40,33753,True,True,True,False
wifib|device=40|capture=23Jan|frame=2287|row=2038,40,33684,True,True,True,False
wifib|device=40|capture=23Jan|frame=2519|row=2248,40,33894,True,True,True,False
wifib|device=40|capture=23Jan|frame=2253|row=2006,40,33652,True,True,True,False
wifib|device=40|capture=23Jan|frame=2600|row=2325,40,33971,True,True,True,False
wifib|device=40|capture=23Jan|frame=2300|row=2049,40,33695,True,True,True,False
wifib|device=40|capture=23Jan|frame=2679|row=2400,40,34046,True,True,True,False
wifib|device=40|capture=23Jan|frame=2465|row=2194,40,33840,True,True,True,False
wifib|device=40|capture=23Jan|frame=2278|row=2031,40,33677,True,True,True,False
wifib|device=40|capture=23Jan|frame=2759|row=2469,40,34115,True,True,True,False
wifib|device=40|capture=23Jan|frame=2493|row=2222,40,33868,True,True,True,False
wifib|device=40|capture=23Jan|frame=2593|row=2318,40,33964,True,True,True,False
wifib|device=40|capture=23Jan|frame=2291|row=2042,40,33688,True,True,True,False
wifib|device=40|capture=23Jan|frame=2293|row=2044,40,33690,True,True,True,False
wifib|device=40|capture=23Jan|frame=2243|row=1998,40,33644,True,True,True,False
wifib|device=40|capture=23Jan|frame=2276|row=2029,40,33675,True,True,True,False
wifib|device=40|capture=23Jan|frame=2379|row=2122,40,33768,True,True,True,False
wifib|device=40|capture=23Jan|frame=2686|row=2407,40,34053,True,True,True,False
wifib|device=40|capture=23Jan|frame=2667|row=2388,40,34034,True,True,True,False
wifib|device=40|capture=23Jan|frame=2466|row=2195,40,33841,True,True,True,False
wifib|device=40|capture=23Jan|frame=2462|row=2191,40,33837,True,True,True,False
wifib|device=40|capture=23Jan|frame=2456|row=2185,40,33831,True,True,True,False
wifib|device=40|capture=23Jan|frame=2500|row=2229,40,33875,True,True,True,False
wifib|device=40|capture=23Jan|frame=2653|row=2374,40,34020,True,True,True,False
wifib|device=40|capture=23Jan|frame=2541|row=2270,40,33916,True,True,True,False
wifib|device=40|capture=23Jan|frame=2470|row=2199,40,33845,True,True,True,False
wifib|device=40|capture=23Jan|frame=2700|row=2419,40,34065,True,True,True,False
wifib|device=40|capture=23Jan|frame=2693|row=2412,40,34058,False,True,False,False
wifib|device=40|capture=23Jan|frame=2413|row=2150,40,33796,True,True,True,False
wifib|device=40|capture=23Jan|frame=2576|row=2301,40,33947,True,True,True,False
wifib|device=40|capture=23Jan|frame=2536|row=2265,40,33911,True,True,True,False
wifib|device=40|capture=23Jan|frame=2554|row=2279,40,33925,True,True,True,False
wifib|device=40|capture=23Jan|frame=2452|row=2181,40,33827,True,True,True,False
wifib|device=40|capture=23Jan|frame=2673|row=2394,40,34040,True,True,True,False
wifib|device=40|capture=23Jan|frame=2263|row=2016,40,33662,True,True,True,False
wifib|device=40|capture=23Jan|frame=2434|row=2169,40,33815,True,True,True,False
wifib|device=40|capture=23Jan|frame=2288|row=2039,40,33685,True,True,True,False
wifib|device=40|capture=23Jan|frame=2192|row=1949,40,33595,True,True,True,False
wifib|device=40|capture=23Jan|frame=2588|row=2313,40,33959,True,True,True,False
wifib|device=40|capture=23Jan|frame=2342|row=2089,40,33735,True,True,True,False
wifib|device=40|capture=23Jan|frame=2371|row=2114,40,33760,True,True,True,False
wifib|device=40|capture=23Jan|frame=2301|row=2050,40,33696,True,True,True,False
wifib|device=40|capture=23Jan|frame=2296|row=2047,40,33693,True,True,True,False
wifib|device=40|capture=23Jan|frame=2352|row=2097,40,33743,True,True,True,False
wifib|device=40|capture=23Jan|frame=2459|row=2188,40,33834,True,True,True,False
wifib|device=40|capture=23Jan|frame=2322|row=2069,40,33715,True,True,True,False
wifib|device=40|capture=23Jan|frame=2273|row=2026,40,33672,True,True,True,False
wifib|device=40|capture=23Jan|frame=2644|row=2365,40,34011,True,True,True,False
wifib|device=40|capture=23Jan|frame=2347|row=2092,40,33738,True,True,True,False
wifib|device=40|capture=23Jan|frame=2568|row=2293,40,33939,True,True,True,False
wifib|device=40|capture=23Jan|frame=2743|row=2455,40,34101,True,True,True,False
wifib|device=40|capture=23Jan|frame=2699|row=2418,40,34064,True,True,True,False
wifib|device=40|capture=23Jan|frame=2498|row=2227,40,33873,False,True,False,False
wifib|device=40|capture=23Jan|frame=2222|row=1979,40,33625,True,True,True,False
wifib|device=40|capture=23Jan|frame=2325|row=2072,40,33718,True,True,True,False
wifib|device=40|capture=23Jan|frame=2515|row=2244,40,33890,True,True,True,False
wifib|device=40|capture=23Jan|frame=2310|row=2059,40,33705,True,True,True,False
wifib|device=40|capture=23Jan|frame=2487|row=2216,40,33862,True,True,True,False
wifib|device=40|capture=23Jan|frame=2665|row=2386,40,34032,True,True,True,False
wifib|device=40|capture=23Jan|frame=2713|row=2432,40,34078,True,True,True,False
wifib|device=40|capture=23Jan|frame=2514|row=2243,40,33889,True,True,True,False
wifib|device=40|capture=23Jan|frame=2185|row=1942,40,33588,True,True,True,False
wifib|device=40|capture=23Jan|frame=2438|row=2173,40,33819,True,True,True,False
wifib|device=40|capture=23Jan|frame=2669|row=2390,40,34036,False,True,False,False
wifib|device=40|capture=23Jan|frame=2595|row=2320,40,33966,True,True,True,False
wifib|device=40|capture=23Jan|frame=2747|row=2459,40,34105,True,True,True,False
wifib|device=40|capture=23Jan|frame=2663|row=2384,40,34030,True,True,True,False
wifib|device=40|capture=23Jan|frame=2685|row=2406,40,34052,True,True,True,False
wifib|device=40|capture=23Jan|frame=2555|row=2280,40,33926,True,True,True,False
wifib|device=40|capture=23Jan|frame=2624|row=2345,40,33991,True,True,True,False
wifib|device=40|capture=23Jan|frame=2612|row=2335,40,33981,True,True,True,False
wifib|device=40|capture=23Jan|frame=2256|row=2009,40,33655,True,True,True,False
wifib|device=40|capture=23Jan|frame=2632|row=2353,40,33999,True,True,True,False
wifib|device=40|capture=23Jan|frame=2689|row=2410,40,34056,True,True,True,False
wifib|device=40|capture=23Jan|frame=2394|row=2137,40,33783,True,True,True,False
wifib|device=40|capture=23Jan|frame=2398|row=2141,40,33787,True,True,True,False
wifib|device=40|capture=23Jan|frame=2753|row=2463,40,34109,True,True,True,False
wifib|device=40|capture=23Jan|frame=2365|row=2108,40,33754,True,True,True,False
wifib|device=40|capture=23Jan|frame=2573|row=2298,40,33944,True,True,True,False
wifib|device=40|capture=23Jan|frame=2200|row=1957,40,33603,True,True,True,False
wifib|device=40|capture=23Jan|frame=2475|row=2204,40,33850,True,True,True,False
wifib|device=40|capture=23Jan|frame=2395|row=2138,40,33784,True,True,True,False
wifib|device=40|capture=23Jan|frame=2492|row=2221,40,33867,True,True,True,False
wifib|device=40|capture=23Jan|frame=2479|row=2208,40,33854,True,True,True,False
wifib|device=40|capture=23Jan|frame=2307|row=2056,40,33702,True,True,True,False
wifib|device=40|capture=23Jan|frame=2431|row=2166,40,33812,True,True,True,False
wifib|device=40|capture=23Jan|frame=2553|row=2278,40,33924,True,True,True,False
wifib|device=40|capture=23Jan|frame=2187|row=1944,40,33590,True,True,True,False
wifib|device=40|capture=23Jan|frame=2315|row=2064,40,33710,True,True,True,False
wifib|device=40|capture=23Jan|frame=2511|row=2240,40,33886,True,True,True,False
wifib|device=40|capture=23Jan|frame=2367|row=2110,40,33756,True,True,True,False
wifib|device=40|capture=23Jan|frame=2210|row=1967,40,33613,True,True,True,False
wifib|device=40|capture=23Jan|frame=2533|row=2262,40,33908,True,True,True,False
wifib|device=40|capture=23Jan|frame=2251|row=2004,40,33650,True,True,True,False
wifib|device=40|capture=23Jan|frame=2506|row=2235,40,33881,True,True,True,False
wifib|device=40|capture=23Jan|frame=2496|row=2225,40,33871,True,True,True,False
wifib|device=41|capture=23Jan|frame=2729|row=2512,41,37745,True,True,True,True
wifib|device=41|capture=23Jan|frame=2273|row=2092,41,37325,True,True,True,True
wifib|device=41|capture=23Jan|frame=2209|row=2030,41,37263,True,True,True,True
wifib|device=41|capture=23Jan|frame=2267|row=2086,41,37319,True,True,True,True
wifib|device=41|capture=23Jan|frame=2484|row=2291,41,37524,True,True,True,True
wifib|device=41|capture=23Jan|frame=2563|row=2362,41,37595,True,True,True,True
wifib|device=41|capture=23Jan|frame=2741|row=2524,41,37757,True,True,True,True
wifib|device=41|capture=23Jan|frame=2287|row=2106,41,37339,True,True,True,True
wifib|device=41|capture=23Jan|frame=2742|row=2525,41,37758,True,True,True,True
wifib|device=41|capture=23Jan|frame=2400|row=2215,41,37448,True,True,True,True
wifib|device=41|capture=23Jan|frame=2769|row=2552,41,37785,True,True,True,False
wifib|device=41|capture=23Jan|frame=2314|row=2133,41,37366,True,True,True,False
wifib|device=41|capture=23Jan|frame=2715|row=2498,41,37731,True,True,True,False
wifib|device=41|capture=23Jan|frame=2694|row=2479,41,37712,True,True,True,False
wifib|device=41|capture=23Jan|frame=2737|row=2520,41,37753,True,True,True,False
wifib|device=41|capture=23Jan|frame=2471|row=2278,41,37511,True,True,True,False
wifib|device=41|capture=23Jan|frame=2488|row=2293,41,37526,True,True,True,False
wifib|device=41|capture=23Jan|frame=2530|row=2333,41,37566,True,True,True,False
wifib|device=41|capture=23Jan|frame=2356|row=2173,41,37406,True,True,True,False
wifib|device=41|capture=23Jan|frame=2197|row=2018,41,37251,True,True,True,False
wifib|device=41|capture=23Jan|frame=2766|row=2549,41,37782,False,True,False,False
wifib|device=41|capture=23Jan|frame=2686|row=2473,41,37706,True,True,True,False
wifib|device=41|capture=23Jan|frame=2509|row=2314,41,37547,True,True,True,False
wifib|device=41|capture=23Jan|frame=2256|row=2075,41,37308,True,True,True,False
wifib|device=41|capture=23Jan|frame=2493|row=2298,41,37531,True,True,True,False
wifib|device=41|capture=23Jan|frame=2506|row=2311,41,37544,True,True,True,False
wifib|device=41|capture=23Jan|frame=2638|row=2429,41,37662,True,True,True,False
wifib|device=41|capture=23Jan|frame=2446|row=2255,41,37488,True,True,True,False
wifib|device=41|capture=23Jan|frame=2459|row=2266,41,37499,True,True,True,False
wifib|device=41|capture=23Jan|frame=2213|row=2034,41,37267,True,True,True,False
wifib|device=41|capture=23Jan|frame=2516|row=2321,41,37554,True,True,True,False
wifib|device=41|capture=23Jan|frame=2606|row=2399,41,37632,True,True,True,False
wifib|device=41|capture=23Jan|frame=2271|row=2090,41,37323,True,True,True,False
wifib|device=41|capture=23Jan|frame=2501|row=2306,41,37539,True,True,True,False
wifib|device=41|capture=23Jan|frame=2725|row=2508,41,37741,True,True,True,False
wifib|device=41|capture=23Jan|frame=2219|row=2040,41,37273,True,True,True,False
wifib|device=41|capture=23Jan|frame=2608|row=2401,41,37634,False,False,False,False
wifib|device=41|capture=23Jan|frame=2514|row=2319,41,37552,True,True,True,False
wifib|device=41|capture=23Jan|frame=2395|row=2210,41,37443,True,True,True,False
wifib|device=41|capture=23Jan|frame=2345|row=2162,41,37395,False,True,False,False
wifib|device=41|capture=23Jan|frame=2225|row=2046,41,37279,True,True,True,False
wifib|device=41|capture=23Jan|frame=2324|row=2143,41,37376,True,True,True,False
wifib|device=41|capture=23Jan|frame=2398|row=2213,41,37446,True,True,True,False
wifib|device=41|capture=23Jan|frame=2338|row=2157,41,37390,False,True,False,False
wifib|device=41|capture=23Jan|frame=2636|row=2427,41,37660,True,True,True,False
wifib|device=41|capture=23Jan|frame=2240|row=2059,41,37292,True,True,True,False
wifib|device=41|capture=23Jan|frame=2333|row=2152,41,37385,False,True,False,False
wifib|device=41|capture=23Jan|frame=2307|row=2126,41,37359,True,True,True,False
wifib|device=41|capture=23Jan|frame=2479|row=2286,41,37519,True,True,True,False
wifib|device=41|capture=23Jan|frame=2217|row=2038,41,37271,True,True,True,False
wifib|device=41|capture=23Jan|frame=2657|row=2446,41,37679,True,True,True,False
wifib|device=41|capture=23Jan|frame=2665|row=2454,41,37687,True,True,True,False
wifib|device=41|capture=23Jan|frame=2604|row=2397,41,37630,True,True,True,False
wifib|device=41|capture=23Jan|frame=2389|row=2204,41,37437,True,True,True,False
wifib|device=41|capture=23Jan|frame=2525|row=2328,41,37561,True,True,True,False
wifib|device=41|capture=23Jan|frame=2181|row=2002,41,37235,True,True,True,False
wifib|device=41|capture=23Jan|frame=2689|row=2476,41,37709,True,True,True,False
wifib|device=41|capture=23Jan|frame=2242|row=2061,41,37294,True,True,True,False
wifib|device=41|capture=23Jan|frame=2760|row=2543,41,37776,False,True,False,False
wifib|device=41|capture=23Jan|frame=2662|row=2451,41,37684,True,True,True,False
wifib|device=41|capture=23Jan|frame=2437|row=2246,41,37479,True,True,True,False
wifib|device=41|capture=23Jan|frame=2528|row=2331,41,37564,True,True,True,False
wifib|device=41|capture=23Jan|frame=2214|row=2035,41,37268,False,True,False,False
wifib|device=41|capture=23Jan|frame=2264|row=2083,41,37316,True,True,True,False
wifib|device=41|capture=23Jan|frame=2466|row=2273,41,37506,True,True,True,False
wifib|device=41|capture=23Jan|frame=2598|row=2391,41,37624,True,True,True,False
wifib|device=41|capture=23Jan|frame=2310|row=2129,41,37362,True,True,True,False
wifib|device=41|capture=23Jan|frame=2734|row=2517,41,37750,True,True,True,False
wifib|device=41|capture=23Jan|frame=2602|row=2395,41,37628,True,True,True,False
wifib|device=41|capture=23Jan|frame=2452|row=2261,41,37494,True,True,True,False
wifib|device=41|capture=23Jan|frame=2370|row=2187,41,37420,True,True,True,False
wifib|device=41|capture=23Jan|frame=2420|row=2233,41,37466,True,True,True,False
wifib|device=41|capture=23Jan|frame=2233|row=2052,41,37285,True,True,True,False
wifib|device=41|capture=23Jan|frame=2401|row=2216,41,37449,True,True,True,False
wifib|device=41|capture=23Jan|frame=2329|row=2148,41,37381,True,True,True,False
wifib|device=41|capture=23Jan|frame=2313|row=2132,41,37365,True,True,True,False
wifib|device=41|capture=23Jan|frame=2701|row=2486,41,37719,True,True,True,False
wifib|device=41|capture=23Jan|frame=2352|row=2169,41,37402,True,True,True,False
wifib|device=41|capture=23Jan|frame=2402|row=2217,41,37450,True,True,True,False
wifib|device=41|capture=23Jan|frame=2224|row=2045,41,37278,True,True,True,False
wifib|device=41|capture=23Jan|frame=2578|row=2373,41,37606,True,True,True,False
wifib|device=41|capture=23Jan|frame=2591|row=2384,41,37617,True,True,True,False
wifib|device=41|capture=23Jan|frame=2359|row=2176,41,37409,True,True,True,False
wifib|device=41|capture=23Jan|frame=2182|row=2003,41,37236,True,True,True,False
wifib|device=41|capture=23Jan|frame=2527|row=2330,41,37563,True,True,True,False
wifib|device=41|capture=23Jan|frame=2195|row=2016,41,37249,True,True,True,False
wifib|device=41|capture=23Jan|frame=2325|row=2144,41,37377,True,True,True,False
wifib|device=41|capture=23Jan|frame=2385|row=2200,41,37433,True,True,True,False
wifib|device=41|capture=23Jan|frame=2545|row=2346,41,37579,True,True,True,False
wifib|device=41|capture=23Jan|frame=2743|row=2526,41,37759,True,True,True,False
wifib|device=41|capture=23Jan|frame=2586|row=2379,41,37612,True,True,True,False
wifib|device=41|capture=23Jan|frame=2494|row=2299,41,37532,True,True,True,False
wifib|device=41|capture=23Jan|frame=2605|row=2398,41,37631,True,True,True,False
wifib|device=41|capture=23Jan|frame=2272|row=2091,41,37324,True,True,True,False
wifib|device=41|capture=23Jan|frame=2299|row=2118,41,37351,True,True,True,False
wifib|device=41|capture=23Jan|frame=2274|row=2093,41,37326,True,True,True,False
wifib|device=41|capture=23Jan|frame=2223|row=2044,41,37277,True,True,True,False
wifib|device=41|capture=23Jan|frame=2422|row=2235,41,37468,True,True,True,False
wifib|device=41|capture=23Jan|frame=2334|row=2153,41,37386,True,True,True,False
wifib|device=41|capture=23Jan|frame=2234|row=2053,41,37286,True,True,True,False
wifib|device=41|capture=23Jan|frame=2531|row=2334,41,37567,True,True,True,False
wifib|device=41|capture=23Jan|frame=2537|row=2340,41,37573,True,True,True,False
wifib|device=41|capture=23Jan|frame=2609|row=2402,41,37635,True,True,True,False
wifib|device=41|capture=23Jan|frame=2371|row=2188,41,37421,True,True,True,False
wifib|device=41|capture=23Jan|frame=2238|row=2057,41,37290,True,True,True,False
wifib|device=41|capture=23Jan|frame=2746|row=2529,41,37762,True,True,True,False
wifib|device=41|capture=23Jan|frame=2490|row=2295,41,37528,False,True,False,False
wifib|device=41|capture=23Jan|frame=2306|row=2125,41,37358,True,True,True,False
wifib|device=41|capture=23Jan|frame=2237|row=2056,41,37289,True,True,True,False
wifib|device=41|capture=23Jan|frame=2544|row=2345,41,37578,True,True,True,False
wifib|device=41|capture=23Jan|frame=2640|row=2431,41,37664,False,True,False,False
wifib|device=41|capture=23Jan|frame=2194|row=2015,41,37248,False,True,False,False
wifib|device=41|capture=23Jan|frame=2706|row=2491,41,37724,True,True,True,False
wifib|device=41|capture=23Jan|frame=2291|row=2110,41,37343,True,True,True,False
wifib|device=41|capture=23Jan|frame=2693|row=2478,41,37711,True,True,True,False
wifib|device=41|capture=23Jan|frame=2247|row=2066,41,37299,True,True,True,False
wifib|device=41|capture=23Jan|frame=2540|row=2341,41,37574,True,True,True,False
wifib|device=41|capture=23Jan|frame=2448|row=2257,41,37490,True,True,True,False
wifib|device=41|capture=23Jan|frame=2716|row=2499,41,37732,True,True,True,False
wifib|device=41|capture=23Jan|frame=2557|row=2356,41,37589,True,True,True,False
wifib|device=41|capture=23Jan|frame=2558|row=2357,41,37590,True,True,True,False
wifib|device=41|capture=23Jan|frame=2262|row=2081,41,37314,True,True,True,False
wifib|device=41|capture=23Jan|frame=2374|row=2191,41,37424,True,True,True,False
wifib|device=41|capture=23Jan|frame=2652|row=2443,41,37676,True,True,True,False
wifib|device=41|capture=23Jan|frame=2770|row=2553,41,37786,True,True,True,False
wifib|device=41|capture=23Jan|frame=2592|row=2385,41,37618,True,True,True,False
wifib|device=41|capture=23Jan|frame=2733|row=2516,41,37749,True,True,True,False
wifib|device=41|capture=23Jan|frame=2727|row=2510,41,37743,True,True,True,False
wifib|device=41|capture=23Jan|frame=2577|row=2372,41,37605,True,True,True,False
wifib|device=41|capture=23Jan|frame=2255|row=2074,41,37307,True,True,True,False
wifib|device=41|capture=23Jan|frame=2415|row=2228,41,37461,True,True,True,False
wifib|device=41|capture=23Jan|frame=2198|row=2019,41,37252,True,True,True,False
wifib|device=41|capture=23Jan|frame=2280|row=2099,41,37332,True,True,True,False
wifib|device=41|capture=23Jan|frame=2723|row=2506,41,37739,True,True,True,False
wifib|device=41|capture=23Jan|frame=2454|row=2263,41,37496,True,True,True,False
wifib|device=41|capture=23Jan|frame=2239|row=2058,41,37291,True,True,True,False
wifib|device=41|capture=23Jan|frame=2671|row=2460,41,37693,True,True,True,False
wifib|device=41|capture=23Jan|frame=2477|row=2284,41,37517,True,True,True,False
wifib|device=41|capture=23Jan|frame=2641|row=2432,41,37665,True,True,True,False
wifib|device=41|capture=23Jan|frame=2593|row=2386,41,37619,True,True,True,False
wifib|device=41|capture=23Jan|frame=2663|row=2452,41,37685,True,True,True,False
wifib|device=41|capture=23Jan|frame=2450|row=2259,41,37492,True,True,True,False
wifib|device=41|capture=23Jan|frame=2347|row=2164,41,37397,True,True,True,False
wifib|device=41|capture=23Jan|frame=2430|row=2241,41,37474,True,True,True,False
wifib|device=41|capture=23Jan|frame=2301|row=2120,41,37353,True,True,True,False
wifib|device=41|capture=23Jan|frame=2666|row=2455,41,37688,True,True,True,False
wifib|device=41|capture=23Jan|frame=2613|row=2406,41,37639,True,True,True,False
wifib|device=41|capture=23Jan|frame=2192|row=2013,41,37246,True,True,True,False
wifib|device=41|capture=23Jan|frame=2535|row=2338,41,37571,True,True,True,False
wifib|device=41|capture=23Jan|frame=2406|row=2221,41,37454,True,True,True,False
wifib|device=41|capture=23Jan|frame=2560|row=2359,41,37592,True,True,True,False
wifib|device=41|capture=23Jan|frame=2380|row=2197,41,37430,True,True,True,False
wifib|device=41|capture=23Jan|frame=2282|row=2101,41,37334,False,True,False,False
wifib|device=41|capture=23Jan|frame=2445|row=2254,41,37487,True,True,True,False
wifib|device=41|capture=23Jan|frame=2388|row=2203,41,37436,True,True,True,False
wifib|device=41|capture=23Jan|frame=2379|row=2196,41,37429,True,True,True,False
wifib|device=41|capture=23Jan|frame=2207|row=2028,41,37261,True,True,True,False
wifib|device=41|capture=23Jan|frame=2202|row=2023,41,37256,True,True,True,False
wifib|device=41|capture=23Jan|frame=2503|row=2308,41,37541,True,True,True,False
wifib|device=41|capture=23Jan|frame=2376|row=2193,41,37426,True,True,True,False
wifib|device=41|capture=23Jan|frame=2369|row=2186,41,37419,False,True,False,False
wifib|device=41|capture=23Jan|frame=2584|row=2377,41,37610,True,True,True,False
wifib|device=41|capture=23Jan|frame=2690|row=2477,41,37710,True,True,True,False
wifib|device=41|capture=23Jan|frame=2507|row=2312,41,37545,True,True,True,False
wifib|device=41|capture=23Jan|frame=2278|row=2097,41,37330,True,True,True,False
wifib|device=41|capture=23Jan|frame=2426|row=2239,41,37472,True,True,True,False
wifib|device=41|capture=23Jan|frame=2491|row=2296,41,37529,True,True,True,False
wifib|device=41|capture=23Jan|frame=2724|row=2507,41,37740,False,True,False,False
wifib|device=41|capture=23Jan|frame=2576|row=2371,41,37604,True,True,True,False
wifib|device=41|capture=23Jan|frame=2232|row=2051,41,37284,False,True,False,False
wifib|device=41|capture=23Jan|frame=2180|row=2001,41,37234,True,True,True,False
wifib|device=41|capture=23Jan|frame=2187|row=2008,41,37241,True,True,True,False
wifib|device=41|capture=23Jan|frame=2472|row=2279,41,37512,True,True,True,False
wifib|device=41|capture=23Jan|frame=2252|row=2071,41,37304,False,True,False,False
wifib|device=41|capture=23Jan|frame=2740|row=2523,41,37756,True,True,True,False
wifib|device=41|capture=23Jan|frame=2216|row=2037,41,37270,True,True,True,False
wifib|device=41|capture=23Jan|frame=2492|row=2297,41,37530,True,True,True,False
wifib|device=41|capture=23Jan|frame=2607|row=2400,41,37633,True,True,True,False
wifib|device=41|capture=23Jan|frame=2635|row=2426,41,37659,True,True,True,False
wifib|device=41|capture=23Jan|frame=2358|row=2175,41,37408,False,True,False,False
wifib|device=41|capture=23Jan|frame=2595|row=2388,41,37621,True,True,True,False
wifib|device=41|capture=23Jan|frame=2704|row=2489,41,37722,True,True,True,False
wifib|device=41|capture=23Jan|frame=2368|row=2185,41,37418,True,True,True,False
wifib|device=41|capture=23Jan|frame=2442|row=2251,41,37484,True,True,True,False
wifib|device=41|capture=23Jan|frame=2254|row=2073,41,37306,True,True,True,False
wifib|device=41|capture=23Jan|frame=2440|row=2249,41,37482,True,True,True,False
wifib|device=41|capture=23Jan|frame=2517|row=2322,41,37555,True,True,True,False
wifib|device=41|capture=23Jan|frame=2646|row=2437,41,37670,True,True,True,False
wifib|device=41|capture=23Jan|frame=2520|row=2323,41,37556,True,True,True,False
wifib|device=41|capture=23Jan|frame=2628|row=2419,41,37652,True,True,True,False
wifib|device=41|capture=23Jan|frame=2759|row=2542,41,37775,True,True,True,False
wifib|device=41|capture=23Jan|frame=2720|row=2503,41,37736,True,True,True,False
wifib|device=41|capture=23Jan|frame=2323|row=2142,41,37375,True,True,True,False
wifib|device=41|capture=23Jan|frame=2751|row=2534,41,37767,True,True,True,False
wifib|device=41|capture=23Jan|frame=2382|row=2199,41,37432,True,True,True,False
wifib|device=41|capture=23Jan|frame=2392|row=2207,41,37440,False,True,False,False
wifib|device=41|capture=23Jan|frame=2381|row=2198,41,37431,True,True,True,False
wifib|device=41|capture=23Jan|frame=2685|row=2472,41,37705,True,True,True,False
wifib|device=41|capture=23Jan|frame=2300|row=2119,41,37352,True,True,True,False
wifib|device=41|capture=23Jan|frame=2680|row=2469,41,37702,True,True,True,False
wifib|device=41|capture=23Jan|frame=2257|row=2076,41,37309,True,True,True,False
wifib|device=41|capture=23Jan|frame=2650|row=2441,41,37674,True,True,True,False
wifib|device=41|capture=23Jan|frame=2244|row=2063,41,37296,True,True,True,False
wifib|device=41|capture=23Jan|frame=2569|row=2368,41,37601,True,True,True,False
wifib|device=41|capture=23Jan|frame=2568|row=2367,41,37600,True,True,True,False
wifib|device=41|capture=23Jan|frame=2515|row=2320,41,37553,True,True,True,False
wifib|device=41|capture=23Jan|frame=2357|row=2174,41,37407,True,True,True,False
wifib|device=41|capture=23Jan|frame=2699|row=2484,41,37717,True,True,True,False
wifib|device=41|capture=23Jan|frame=2728|row=2511,41,37744,True,True,True,False
wifib|device=41|capture=23Jan|frame=2678|row=2467,41,37700,True,True,True,False
wifib|device=41|capture=23Jan|frame=2297|row=2116,41,37349,True,True,True,False
wifib|device=41|capture=23Jan|frame=2425|row=2238,41,37471,True,True,True,False
wifib|device=41|capture=23Jan|frame=2265|row=2084,41,37317,True,True,True,False
wifib|device=41|capture=23Jan|frame=2330|row=2149,41,37382,True,True,True,False
wifib|device=41|capture=23Jan|frame=2625|row=2416,41,37649,True,True,True,False
wifib|device=41|capture=23Jan|frame=2496|row=2301,41,37534,True,True,True,False
wifib|device=41|capture=23Jan|frame=2589|row=2382,41,37615,True,True,True,False
wifib|device=41|capture=23Jan|frame=2543|row=2344,41,37577,True,True,True,False
wifib|device=41|capture=23Jan|frame=2331|row=2150,41,37383,True,True,True,False
wifib|device=41|capture=23Jan|frame=2355|row=2172,41,37405,True,True,True,False
wifib|device=41|capture=23Jan|frame=2286|row=2105,41,37338,True,True,True,False
wifib|device=41|capture=23Jan|frame=2344|row=2161,41,37394,True,True,True,False
wifib|device=41|capture=23Jan|frame=2703|row=2488,41,37721,True,True,True,False
wifib|device=41|capture=23Jan|frame=2648|row=2439,41,37672,True,True,True,False
wifib|device=41|capture=23Jan|frame=2304|row=2123,41,37356,True,True,True,False
wifib|device=41|capture=23Jan|frame=2469|row=2276,41,37509,True,True,True,False
wifib|device=41|capture=23Jan|frame=2335|row=2154,41,37387,True,True,True,False
wifib|device=41|capture=23Jan|frame=2434|row=2243,41,37476,True,True,True,False
wifib|device=41|capture=23Jan|frame=2372|row=2189,41,37422,True,True,True,False
wifib|device=41|capture=23Jan|frame=2700|row=2485,41,37718,True,True,True,False
wifib|device=41|capture=23Jan|frame=2397|row=2212,41,37445,True,True,True,False
wifib|device=41|capture=23Jan|frame=2302|row=2121,41,37354,True,True,True,False
wifib|device=41|capture=23Jan|frame=2375|row=2192,41,37425,True,True,True,False
wifib|device=41|capture=23Jan|frame=2649|row=2440,41,37673,True,True,True,False
wifib|device=41|capture=23Jan|frame=2305|row=2124,41,37357,True,True,True,False
wifib|device=41|capture=23Jan|frame=2561|row=2360,41,37593,True,True,True,False
wifib|device=41|capture=23Jan|frame=2562|row=2361,41,37594,True,True,True,False
wifib|device=41|capture=23Jan|frame=2269|row=2088,41,37321,True,True,True,False
wifib|device=41|capture=23Jan|frame=2386|row=2201,41,37434,True,True,True,False
wifib|device=41|capture=23Jan|frame=2248|row=2067,41,37300,True,True,True,False
wifib|device=41|capture=23Jan|frame=2203|row=2024,41,37257,True,True,True,False
wifib|device=41|capture=23Jan|frame=2298|row=2117,41,37350,True,True,True,False
wifib|device=41|capture=23Jan|frame=2566|row=2365,41,37598,True,True,True,False
wifib|device=41|capture=23Jan|frame=2293|row=2112,41,37345,True,True,True,False
wifib|device=41|capture=23Jan|frame=2758|row=2541,41,37774,False,False,False,False
wifib|device=41|capture=23Jan|frame=2245|row=2064,41,37297,True,True,True,False
wifib|device=41|capture=23Jan|frame=2659|row=2448,41,37681,True,True,True,False
wifib|device=41|capture=23Jan|frame=2404|row=2219,41,37452,True,True,True,False
wifib|device=41|capture=23Jan|frame=2556|row=2355,41,37588,True,True,True,False
wifib|device=41|capture=23Jan|frame=2624|row=2415,41,37648,True,True,True,False
wifib|device=41|capture=23Jan|frame=2500|row=2305,41,37538,False,True,False,False
wifib|device=41|capture=23Jan|frame=2349|row=2166,41,37399,False,True,False,False
wifib|device=41|capture=23Jan|frame=2200|row=2021,41,37254,True,True,True,False
wifib|device=41|capture=23Jan|frame=2394|row=2209,41,37442,True,True,True,False
wifib|device=41|capture=23Jan|frame=2629|row=2420,41,37653,True,True,True,False
wifib|device=41|capture=23Jan|frame=2360|row=2177,41,37410,True,True,True,False
wifib|device=41|capture=23Jan|frame=2377|row=2194,41,37427,True,True,True,False
wifib|device=41|capture=23Jan|frame=2614|row=2407,41,37640,True,True,True,False
wifib|device=41|capture=23Jan|frame=2353|row=2170,41,37403,True,True,True,False
wifib|device=41|capture=23Jan|frame=2597|row=2390,41,37623,True,True,True,False
wifib|device=41|capture=23Jan|frame=2243|row=2062,41,37295,True,True,True,False
wifib|device=41|capture=23Jan|frame=2204|row=2025,41,37258,False,True,False,False
wifib|device=41|capture=23Jan|frame=2231|row=2050,41,37283,True,True,True,False
wifib|device=41|capture=23Jan|frame=2250|row=2069,41,37302,True,True,True,False
wifib|device=41|capture=23Jan|frame=2739|row=2522,41,37755,True,True,True,False
wifib|device=41|capture=23Jan|frame=2414|row=2227,41,37460,True,True,True,False
wifib|device=41|capture=23Jan|frame=2193|row=2014,41,37247,True,True,True,False
wifib|device=41|capture=23Jan|frame=2553|row=2352,41,37585,True,True,True,False
wifib|device=41|capture=23Jan|frame=2460|row=2267,41,37500,True,True,True,False
wifib|device=41|capture=23Jan|frame=2367|row=2184,41,37417,True,True,True,False
wifib|device=41|capture=23Jan|frame=2508|row=2313,41,37546,True,True,True,False
wifib|device=41|capture=23Jan|frame=2419|row=2232,41,37465,True,True,True,False
wifib|device=41|capture=23Jan|frame=2289|row=2108,41,37341,True,True,True,False
wifib|device=41|capture=23Jan|frame=2443|row=2252,41,37485,True,True,True,False
wifib|device=41|capture=23Jan|frame=2587|row=2380,41,37613,True,True,True,False
wifib|device=41|capture=23Jan|frame=2277|row=2096,41,37329,False,False,False,False
wifib|device=41|capture=23Jan|frame=2681|row=2470,41,37703,True,True,True,False
wifib|device=41|capture=23Jan|frame=2365|row=2182,41,37415,True,True,True,False
wifib|device=41|capture=23Jan|frame=2526|row=2329,41,37562,False,True,False,False
wifib|device=41|capture=23Jan|frame=2423|row=2236,41,37469,True,True,True,False
wifib|device=41|capture=23Jan|frame=2643|row=2434,41,37667,True,True,True,False
wifib|device=41|capture=23Jan|frame=2752|row=2535,41,37768,True,True,True,False
wifib|device=41|capture=23Jan|frame=2677|row=2466,41,37699,True,True,True,False
wifib|device=41|capture=23Jan|frame=2348|row=2165,41,37398,True,True,True,False
wifib|device=41|capture=23Jan|frame=2623|row=2414,41,37647,True,True,True,False
wifib|device=41|capture=23Jan|frame=2631|row=2422,41,37655,True,True,True,False
wifib|device=41|capture=23Jan|frame=2408|row=2223,41,37456,True,True,True,False
wifib|device=41|capture=23Jan|frame=2201|row=2022,41,37255,False,False,False,False
wifib|device=41|capture=23Jan|frame=2461|row=2268,41,37501,True,True,True,False
wifib|device=41|capture=23Jan|frame=2754|row=2537,41,37770,True,True,True,False
wifib|device=41|capture=23Jan|frame=2596|row=2389,41,37622,True,True,True,False
wifib|device=41|capture=23Jan|frame=2647|row=2438,41,37671,True,True,True,False
wifib|device=41|capture=23Jan|frame=2258|row=2077,41,37310,True,True,True,False
wifib|device=41|capture=23Jan|frame=2513|row=2318,41,37551,True,True,True,False
wifib|device=41|capture=23Jan|frame=2295|row=2114,41,37347,True,True,True,False
wifib|device=41|capture=23Jan|frame=2249|row=2068,41,37301,True,True,True,False
wifib|device=41|capture=23Jan|frame=2761|row=2544,41,37777,True,True,True,False
wifib|device=41|capture=23Jan|frame=2393|row=2208,41,37441,True,True,True,False
wifib|device=41|capture=23Jan|frame=2661|row=2450,41,37683,True,True,True,False
wifib|device=41|capture=23Jan|frame=2453|row=2262,41,37495,True,True,True,False
wifib|device=41|capture=23Jan|frame=2697|row=2482,41,37715,True,True,True,False
wifib|device=41|capture=23Jan|frame=2719|row=2502,41,37735,True,True,True,False
wifib|device=41|capture=23Jan|frame=2451|row=2260,41,37493,True,True,True,False
wifib|device=41|capture=23Jan|frame=2424|row=2237,41,37470,True,True,True,False
wifib|device=41|capture=23Jan|frame=2708|row=2493,41,37726,True,True,True,False
wifib|device=41|capture=23Jan|frame=2188|row=2009,41,37242,True,True,True,False
wifib|device=41|capture=23Jan|frame=2206|row=2027,41,37260,True,True,True,False
wifib|device=41|capture=23Jan|frame=2747|row=2530,41,37763,True,True,True,False
wifib|device=41|capture=23Jan|frame=2215|row=2036,41,37269,False,True,False,False
wifib|device=41|capture=23Jan|frame=2498|row=2303,41,37536,True,True,True,False
wifib|device=41|capture=23Jan|frame=2308|row=2127,41,37360,True,True,True,False
wifib|device=41|capture=23Jan|frame=2435|row=2244,41,37477,True,True,True,False
wifib|device=41|capture=23Jan|frame=2361|row=2178,41,37411,True,True,True,False
wifib|device=41|capture=23Jan|frame=2660|row=2449,41,37682,True,True,True,False
wifib|device=41|capture=23Jan|frame=2559|row=2358,41,37591,True,True,True,False
wifib|device=41|capture=23Jan|frame=2268|row=2087,41,37320,True,True,True,False
wifib|device=41|capture=23Jan|frame=2564|row=2363,41,37596,True,True,True,False
wifib|device=41|capture=23Jan|frame=2241|row=2060,41,37293,True,True,True,False
wifib|device=41|capture=23Jan|frame=2476|row=2283,41,37516,True,True,True,False
wifib|device=41|capture=23Jan|frame=2399|row=2214,41,37447,False,True,False,False
wifib|device=41|capture=23Jan|frame=2684|row=2471,41,37704,True,True,True,False
wifib|device=41|capture=23Jan|frame=2510|row=2315,41,37548,True,True,True,False
wifib|device=41|capture=23Jan|frame=2468|row=2275,41,37508,True,True,True,False
wifib|device=41|capture=23Jan|frame=2707|row=2492,41,37725,True,True,True,False
wifib|device=41|capture=23Jan|frame=2378|row=2195,41,37428,True,True,True,False
wifib|device=41|capture=23Jan|frame=2651|row=2442,41,37675,True,True,True,False
wifib|device=41|capture=23Jan|frame=2722|row=2505,41,37738,True,True,True,False
wifib|device=41|capture=23Jan|frame=2499|row=2304,41,37537,True,True,True,False
wifib|device=41|capture=23Jan|frame=2603|row=2396,41,37629,True,True,True,False
wifib|device=41|capture=23Jan|frame=2285|row=2104,41,37337,True,True,True,False
wifib|device=41|capture=23Jan|frame=2303|row=2122,41,37355,True,True,True,False
wifib|device=41|capture=23Jan|frame=2235|row=2054,41,37287,True,True,True,False
wifib|device=41|capture=23Jan|frame=2186|row=2007,41,37240,True,True,True,False
wifib|device=41|capture=23Jan|frame=2554|row=2353,41,37586,False,True,False,False
wifib|device=41|capture=23Jan|frame=2542|row=2343,41,37576,True,True,True,False
wifib|device=41|capture=23Jan|frame=2630|row=2421,41,37654,True,True,True,False
wifib|device=41|capture=23Jan|frame=2474|row=2281,41,37514,True,True,True,False
wifib|device=41|capture=23Jan|frame=2328|row=2147,41,37380,True,True,True,False
wifib|device=41|capture=23Jan|frame=2462|row=2269,41,37502,True,True,True,False
wifib|device=41|capture=23Jan|frame=2696|row=2481,41,37714,True,True,True,False
wifib|device=41|capture=23Jan|frame=2731|row=2514,41,37747,True,True,True,False
wifib|device=41|capture=23Jan|frame=2457|row=2264,41,37497,True,True,True,False
wifib|device=41|capture=23Jan|frame=2284|row=2103,41,37336,True,True,True,False
wifib|device=41|capture=23Jan|frame=2230|row=2049,41,37282,True,True,True,False
wifib|device=41|capture=23Jan|frame=2610|row=2403,41,37636,True,True,True,False
wifib|device=41|capture=23Jan|frame=2738|row=2521,41,37754,True,True,True,False
wifib|device=41|capture=23Jan|frame=2196|row=2017,41,37250,True,True,True,False
wifib|device=41|capture=23Jan|frame=2327|row=2146,41,37379,True,True,True,False
wifib|device=41|capture=23Jan|frame=2590|row=2383,41,37616,True,True,True,False
wifib|device=41|capture=23Jan|frame=2721|row=2504,41,37737,True,True,True,False
wifib|device=41|capture=23Jan|frame=2634|row=2425,41,37658,True,True,True,False
wifib|device=41|capture=23Jan|frame=2599|row=2392,41,37625,True,True,True,False
wifib|device=41|capture=23Jan|frame=2565|row=2364,41,37597,True,True,True,False
wifib|device=41|capture=23Jan|frame=2413|row=2226,41,37459,True,True,True,False
wifib|device=41|capture=23Jan|frame=2655|row=2444,41,37677,True,True,True,False
wifib|device=41|capture=23Jan|frame=2366|row=2183,41,37416,True,True,True,False
wifib|device=41|capture=23Jan|frame=2768|row=2551,41,37784,True,True,True,False
wifib|device=41|capture=23Jan|frame=2764|row=2547,41,37780,True,True,True,False
wifib|device=41|capture=23Jan|frame=2251|row=2070,41,37303,True,True,True,False
wifib|device=41|capture=23Jan|frame=2407|row=2222,41,37455,True,True,True,False
wifib|device=41|capture=23Jan|frame=2497|row=2302,41,37535,True,True,True,False
wifib|device=41|capture=23Jan|frame=2511|row=2316,41,37549,True,True,True,False
wifib|device=41|capture=23Jan|frame=2439|row=2248,41,37481,True,True,True,False
wifib|device=41|capture=23Jan|frame=2555|row=2354,41,37587,True,True,True,False
wifib|device=41|capture=23Jan|frame=2753|row=2536,41,37769,False,True,False,False
wifib|device=41|capture=23Jan|frame=2260|row=2079,41,37312,True,True,True,False
wifib|device=41|capture=23Jan|frame=2621|row=2412,41,37645,True,True,True,False
wifib|device=41|capture=23Jan|frame=2551|row=2350,41,37583,True,True,True,False
wifib|device=43|capture=23Jan|frame=2571|row=2342,43,41278,True,True,True,True
wifib|device=43|capture=23Jan|frame=2205|row=2001,43,40937,True,True,True,True
wifib|device=43|capture=23Jan|frame=2648|row=2413,43,41349,True,True,True,True
wifib|device=43|capture=23Jan|frame=2704|row=2465,43,41401,True,True,True,True
wifib|device=43|capture=23Jan|frame=2312|row=2097,43,41033,True,True,True,True
wifib|device=43|capture=23Jan|frame=2263|row=2054,43,40990,True,True,True,True
wifib|device=43|capture=23Jan|frame=2717|row=2478,43,41414,True,True,True,True
wifib|device=43|capture=23Jan|frame=2463|row=2244,43,41180,True,True,True,True
wifib|device=43|capture=23Jan|frame=2321|row=2104,43,41040,True,True,True,True
wifib|device=43|capture=23Jan|frame=2411|row=2194,43,41130,True,True,True,True
wifib|device=43|capture=23Jan|frame=2388|row=2171,43,41107,True,True,True,False
wifib|device=43|capture=23Jan|frame=2679|row=2444,43,41380,True,True,True,False
wifib|device=43|capture=23Jan|frame=2446|row=2227,43,41163,True,True,True,False
wifib|device=43|capture=23Jan|frame=2441|row=2222,43,41158,True,True,True,False
wifib|device=43|capture=23Jan|frame=2657|row=2422,43,41358,True,True,True,False
wifib|device=43|capture=23Jan|frame=2721|row=2482,43,41418,True,True,True,False
wifib|device=43|capture=23Jan|frame=2417|row=2200,43,41136,True,True,True,False
wifib|device=43|capture=23Jan|frame=2480|row=2259,43,41195,True,True,True,False
wifib|device=43|capture=23Jan|frame=2551|row=2322,43,41258,True,True,True,False
wifib|device=43|capture=23Jan|frame=2540|row=2313,43,41249,True,True,True,False
wifib|device=43|capture=23Jan|frame=2675|row=2440,43,41376,True,True,True,False
wifib|device=43|capture=23Jan|frame=2217|row=2013,43,40949,True,True,True,False
wifib|device=43|capture=23Jan|frame=2358|row=2141,43,41077,True,True,True,False
wifib|device=43|capture=23Jan|frame=2671|row=2436,43,41372,True,True,True,False
wifib|device=43|capture=23Jan|frame=2539|row=2312,43,41248,True,True,True,False
wifib|device=43|capture=23Jan|frame=2236|row=2032,43,40968,True,True,True,False
wifib|device=43|capture=23Jan|frame=2590|row=2359,43,41295,True,True,True,False
wifib|device=43|capture=23Jan|frame=2714|row=2475,43,41411,True,True,True,False
wifib|device=43|capture=23Jan|frame=2294|row=2081,43,41017,True,True,True,False
wifib|device=43|capture=23Jan|frame=2459|row=2240,43,41176,True,True,True,False
wifib|device=43|capture=23Jan|frame=2216|row=2012,43,40948,True,True,True,False
wifib|device=43|capture=23Jan|frame=2611|row=2376,43,41312,True,True,True,False
wifib|device=43|capture=23Jan|frame=2699|row=2460,43,41396,True,True,True,False
wifib|device=43|capture=23Jan|frame=2282|row=2069,43,41005,True,True,True,False
wifib|device=43|capture=23Jan|frame=2654|row=2419,43,41355,True,True,True,False
wifib|device=43|capture=23Jan|frame=2755|row=2512,43,41448,True,True,True,False
wifib|device=43|capture=23Jan|frame=2278|row=2065,43,41001,True,True,True,False
wifib|device=43|capture=23Jan|frame=2414|row=2197,43,41133,True,True,True,False
wifib|device=43|capture=23Jan|frame=2375|row=2158,43,41094,True,True,True,False
wifib|device=43|capture=23Jan|frame=2580|row=2349,43,41285,True,True,True,False
wifib|device=43|capture=23Jan|frame=2253|row=2044,43,40980,True,True,True,False
wifib|device=43|capture=23Jan|frame=2285|row=2072,43,41008,True,True,True,False
wifib|device=43|capture=23Jan|frame=2386|row=2169,43,41105,True,True,True,False
wifib|device=43|capture=23Jan|frame=2408|row=2191,43,41127,True,True,True,False
wifib|device=43|capture=23Jan|frame=2476|row=2257,43,41193,True,True,True,False
wifib|device=43|capture=23Jan|frame=2260|row=2051,43,40987,True,True,True,False
wifib|device=43|capture=23Jan|frame=2526|row=2301,43,41237,True,True,True,False
wifib|device=43|capture=23Jan|frame=2688|row=2451,43,41387,True,True,True,False
wifib|device=43|capture=23Jan|frame=2760|row=2515,43,41451,True,True,True,False
wifib|device=43|capture=23Jan|frame=2317|row=2102,43,41038,True,True,True,False
wifib|device=43|capture=23Jan|frame=2238|row=2034,43,40970,True,True,True,False
wifib|device=43|capture=23Jan|frame=2415|row=2198,43,41134,True,True,True,False
wifib|device=43|capture=23Jan|frame=2513|row=2290,43,41226,True,True,True,False
wifib|device=43|capture=23Jan|frame=2422|row=2203,43,41139,True,True,True,False
wifib|device=43|capture=23Jan|frame=2373|row=2156,43,41092,True,True,True,False
wifib|device=43|capture=23Jan|frame=2487|row=2264,43,41200,True,True,True,False
wifib|device=43|capture=23Jan|frame=2396|row=2179,43,41115,True,True,True,False
wifib|device=43|capture=23Jan|frame=2412|row=2195,43,41131,True,True,True,False
wifib|device=43|capture=23Jan|frame=2219|row=2015,43,40951,True,True,True,False
wifib|device=43|capture=23Jan|frame=2410|row=2193,43,41129,True,True,True,False
wifib|device=43|capture=23Jan|frame=2747|row=2504,43,41440,True,True,True,False
wifib|device=43|capture=23Jan|frame=2630|row=2395,43,41331,True,True,True,False
wifib|device=43|capture=23Jan|frame=2565|row=2336,43,41272,True,True,True,False
wifib|device=43|capture=23Jan|frame=2773|row=2526,43,41462,True,True,True,False
wifib|device=43|capture=23Jan|frame=2667|row=2432,43,41368,True,True,True,False
wifib|device=43|capture=23Jan|frame=2225|row=2021,43,40957,True,True,True,False
wifib|device=43|capture=23Jan|frame=2392|row=2175,43,41111,True,True,True,False
wifib|device=43|capture=23Jan|frame=2303|row=2090,43,41026,True,True,True,False
wifib|device=43|capture=23Jan|frame=2249|row=2040,43,40976,True,True,True,False
wifib|device=43|capture=23Jan|frame=2488|row=2265,43,41201,True,True,True,False
wifib|device=43|capture=23Jan|frame=2585|row=2354,43,41290,True,True,True,False
wifib|device=43|capture=23Jan|frame=2493|row=2270,43,41206,True,True,True,False
wifib|device=43|capture=23Jan|frame=2464|row=2245,43,41181,True,True,True,False
wifib|device=43|capture=23Jan|frame=2327|row=2110,43,41046,True,True,True,False
wifib|device=43|capture=23Jan|frame=2633|row=2398,43,41334,True,True,True,False
wifib|device=43|capture=23Jan|frame=2378|row=2161,43,41097,True,True,True,False
wifib|device=43|capture=23Jan|frame=2572|row=2343,43,41279,True,True,True,False
wifib|device=43|capture=23Jan|frame=2649|row=2414,43,41350,True,True,True,False
wifib|device=43|capture=23Jan|frame=2586|row=2355,43,41291,True,True,True,False
wifib|device=43|capture=23Jan|frame=2200|row=1996,43,40932,True,True,True,False
wifib|device=43|capture=23Jan|frame=2723|row=2484,43,41420,True,True,True,False
wifib|device=43|capture=23Jan|frame=2212|row=2008,43,40944,True,True,True,False
wifib|device=43|capture=23Jan|frame=2239|row=2035,43,40971,True,True,True,False
wifib|device=43|capture=23Jan|frame=2401|row=2184,43,41120,True,True,True,False
wifib|device=43|capture=23Jan|frame=2426|row=2207,43,41143,True,True,True,False
wifib|device=43|capture=23Jan|frame=2372|row=2155,43,41091,True,True,True,False
wifib|device=43|capture=23Jan|frame=2322|row=2105,43,41041,True,True,True,False
wifib|device=43|capture=23Jan|frame=2276|row=2063,43,40999,True,True,True,False
wifib|device=43|capture=23Jan|frame=2687|row=2450,43,41386,True,True,True,False
wifib|device=43|capture=23Jan|frame=2379|row=2162,43,41098,True,True,True,False
wifib|device=43|capture=23Jan|frame=2639|row=2404,43,41340,True,True,True,False
wifib|device=43|capture=23Jan|frame=2568|row=2339,43,41275,True,True,True,False
wifib|device=43|capture=23Jan|frame=2262|row=2053,43,40989,True,True,True,False
wifib|device=43|capture=23Jan|frame=2291|row=2078,43,41014,True,True,True,False
wifib|device=43|capture=23Jan|frame=2475|row=2256,43,41192,True,True,True,False
wifib|device=43|capture=23Jan|frame=2593|row=2362,43,41298,True,True,True,False
wifib|device=43|capture=23Jan|frame=2297|row=2084,43,41020,True,True,True,False
wifib|device=43|capture=23Jan|frame=2252|row=2043,43,40979,True,True,True,False
wifib|device=43|capture=23Jan|frame=2469|row=2250,43,41186,True,True,True,False
wifib|device=43|capture=23Jan|frame=2330|row=2113,43,41049,True,True,True,False
wifib|device=43|capture=23Jan|frame=2204|row=2000,43,40936,True,True,True,False
wifib|device=43|capture=23Jan|frame=2525|row=2300,43,41236,True,True,True,False
wifib|device=43|capture=23Jan|frame=2302|row=2089,43,41025,True,True,True,False
wifib|device=43|capture=23Jan|frame=2349|row=2132,43,41068,True,True,True,False
wifib|device=43|capture=23Jan|frame=2512|row=2289,43,41225,True,True,True,False
wifib|device=43|capture=23Jan|frame=2620|row=2385,43,41321,True,True,True,False
wifib|device=43|capture=23Jan|frame=2650|row=2415,43,41351,True,True,True,False
wifib|device=43|capture=23Jan|frame=2607|row=2372,43,41308,True,True,True,False
wifib|device=43|capture=23Jan|frame=2365|row=2148,43,41084,True,True,True,False
wifib|device=43|capture=23Jan|frame=2516|row=2293,43,41229,True,True,True,False
wifib|device=43|capture=23Jan|frame=2779|row=2532,43,41468,True,True,True,False
wifib|device=43|capture=23Jan|frame=2343|row=2126,43,41062,True,True,True,False
wifib|device=43|capture=23Jan|frame=2458|row=2239,43,41175,True,True,True,False
wifib|device=43|capture=23Jan|frame=2522|row=2297,43,41233,True,True,True,False
wifib|device=43|capture=23Jan|frame=2287|row=2074,43,41010,True,True,True,False
wifib|device=43|capture=23Jan|frame=2318|row=2103,43,41039,True,True,True,False
wifib|device=43|capture=23Jan|frame=2507|row=2284,43,41220,True,True,True,False
wifib|device=43|capture=23Jan|frame=2228|row=2024,43,40960,True,True,True,False
wifib|device=43|capture=23Jan|frame=2716|row=2477,43,41413,True,True,True,False
wifib|device=43|capture=23Jan|frame=2420|row=2201,43,41137,True,True,True,False
wifib|device=43|capture=23Jan|frame=2622|row=2387,43,41323,True,True,True,False
wifib|device=43|capture=23Jan|frame=2541|row=2314,43,41250,True,True,True,False
wifib|device=43|capture=23Jan|frame=2385|row=2168,43,41104,True,True,True,False
wifib|device=43|capture=23Jan|frame=2203|row=1999,43,40935,True,True,True,False
wifib|device=43|capture=23Jan|frame=2342|row=2125,43,41061,True,True,True,False
wifib|device=43|capture=23Jan|frame=2340|row=2123,43,41059,True,True,True,False
wifib|device=43|capture=23Jan|frame=2452|row=2233,43,41169,True,True,True,False
wifib|device=43|capture=23Jan|frame=2728|row=2489,43,41425,True,True,True,False
wifib|device=43|capture=23Jan|frame=2339|row=2122,43,41058,True,True,True,False
wifib|device=43|capture=23Jan|frame=2703|row=2464,43,41400,True,True,True,False
wifib|device=43|capture=23Jan|frame=2369|row=2152,43,41088,True,True,True,False
wifib|device=43|capture=23Jan|frame=2748|row=2505,43,41441,True,True,True,False
wifib|device=43|capture=23Jan|frame=2619|row=2384,43,41320,True,True,True,False
wifib|device=43|capture=23Jan|frame=2433|row=2214,43,41150,True,True,True,False
wifib|device=43|capture=23Jan|frame=2696|row=2457,43,41393,True,True,True,False
wifib|device=43|capture=23Jan|frame=2636|row=2401,43,41337,True,True,True,False
wifib|device=43|capture=23Jan|frame=2346|row=2129,43,41065,True,True,True,False
wifib|device=43|capture=23Jan|frame=2338|row=2121,43,41057,True,True,True,False
wifib|device=43|capture=23Jan|frame=2646|row=2411,43,41347,True,True,True,False
wifib|device=43|capture=23Jan|frame=2774|row=2527,43,41463,True,True,True,False
wifib|device=43|capture=23Jan|frame=2187|row=1983,43,40919,True,True,True,False
wifib|device=43|capture=23Jan|frame=2381|row=2164,43,41100,True,True,True,False
wifib|device=43|capture=23Jan|frame=2191|row=1987,43,40923,True,True,True,False
wifib|device=43|capture=23Jan|frame=2664|row=2429,43,41365,True,True,True,False
wifib|device=43|capture=23Jan|frame=2468|row=2249,43,41185,True,True,True,False
wifib|device=43|capture=23Jan|frame=2233|row=2029,43,40965,True,True,True,False
wifib|device=43|capture=23Jan|frame=2371|row=2154,43,41090,True,True,True,False
wifib|device=43|capture=23Jan|frame=2247|row=2038,43,40974,True,True,True,False
wifib|device=43|capture=23Jan|frame=2496|row=2273,43,41209,True,True,True,False
wifib|device=43|capture=23Jan|frame=2763|row=2518,43,41454,True,True,True,False
wifib|device=43|capture=23Jan|frame=2638|row=2403,43,41339,True,True,True,False
wifib|device=43|capture=23Jan|frame=2708|row=2469,43,41405,True,True,True,False
wifib|device=43|capture=23Jan|frame=2518|row=2295,43,41231,True,True,True,False
wifib|device=43|capture=23Jan|frame=2677|row=2442,43,41378,True,True,True,False
wifib|device=43|capture=23Jan|frame=2250|row=2041,43,40977,True,True,True,False
wifib|device=43|capture=23Jan|frame=2382|row=2165,43,41101,True,True,True,False
wifib|device=43|capture=23Jan|frame=2231|row=2027,43,40963,True,True,True,False
wifib|device=43|capture=23Jan|frame=2661|row=2426,43,41362,True,True,True,False
wifib|device=43|capture=23Jan|frame=2618|row=2383,43,41319,True,True,True,False
wifib|device=43|capture=23Jan|frame=2273|row=2060,43,40996,True,True,True,False
wifib|device=43|capture=23Jan|frame=2424|row=2205,43,41141,True,True,True,False
wifib|device=43|capture=23Jan|frame=2272|row=2059,43,40995,True,True,True,False
wifib|device=43|capture=23Jan|frame=2731|row=2492,43,41428,True,True,True,False
wifib|device=43|capture=23Jan|frame=2616|row=2381,43,41317,True,True,True,False
wifib|device=43|capture=23Jan|frame=2776|row=2529,43,41465,True,True,True,False
wifib|device=43|capture=23Jan|frame=2437|row=2218,43,41154,True,True,True,False
wifib|device=43|capture=23Jan|frame=2283|row=2070,43,41006,True,True,True,False
wifib|device=43|capture=23Jan|frame=2581|row=2350,43,41286,True,True,True,False
wifib|device=43|capture=23Jan|frame=2720|row=2481,43,41417,True,True,True,False
wifib|device=43|capture=23Jan|frame=2505|row=2282,43,41218,True,True,True,False
wifib|device=43|capture=23Jan|frame=2553|row=2324,43,41260,True,True,True,False
wifib|device=43|capture=23Jan|frame=2383|row=2166,43,41102,True,True,True,False
wifib|device=43|capture=23Jan|frame=2683|row=2446,43,41382,True,True,True,False
wifib|device=43|capture=23Jan|frame=2768|row=2523,43,41459,True,True,True,False
wifib|device=43|capture=23Jan|frame=2662|row=2427,43,41363,True,True,True,False
wifib|device=43|capture=23Jan|frame=2403|row=2186,43,41122,True,True,True,False
wifib|device=43|capture=23Jan|frame=2265|row=2056,43,40992,True,True,True,False
wifib|device=43|capture=23Jan|frame=2407|row=2190,43,41126,True,True,True,False
wifib|device=43|capture=23Jan|frame=2192|row=1988,43,40924,True,True,True,False
wifib|device=43|capture=23Jan|frame=2504|row=2281,43,41217,True,True,True,False
wifib|device=43|capture=23Jan|frame=2711|row=2472,43,41408,True,True,True,False
wifib|device=43|capture=23Jan|frame=2301|row=2088,43,41024,True,True,True,False
wifib|device=43|capture=23Jan|frame=2251|row=2042,43,40978,True,True,True,False
wifib|device=43|capture=23Jan|frame=2564|row=2335,43,41271,True,True,True,False
wifib|device=43|capture=23Jan|frame=2706|row=2467,43,41403,True,True,True,False
wifib|device=43|capture=23Jan|frame=2323|row=2106,43,41042,True,True,True,False
wifib|device=43|capture=23Jan|frame=2725|row=2486,43,41422,True,True,True,False
wifib|device=43|capture=23Jan|frame=2495|row=2272,43,41208,True,True,True,False
wifib|device=43|capture=23Jan|frame=2686|row=2449,43,41385,True,True,True,False
wifib|device=43|capture=23Jan|frame=2368|row=2151,43,41087,True,True,True,False
wifib|device=43|capture=23Jan|frame=2190|row=1986,43,40922,True,True,True,False
wifib|device=43|capture=23Jan|frame=2197|row=1993,43,40929,True,True,True,False
wifib|device=43|capture=23Jan|frame=2697|row=2458,43,41394,True,True,True,False
wifib|device=43|capture=23Jan|frame=2690|row=2453,43,41389,True,True,True,False
wifib|device=43|capture=23Jan|frame=2211|row=2007,43,40943,True,True,True,False
wifib|device=43|capture=23Jan|frame=2610|row=2375,43,41311,True,True,True,False
wifib|device=43|capture=23Jan|frame=2292|row=2079,43,41015,True,True,True,False
wifib|device=43|capture=23Jan|frame=2599|row=2366,43,41302,True,True,True,False
wifib|device=43|capture=23Jan|frame=2471|row=2252,43,41188,True,True,True,False
wifib|device=43|capture=23Jan|frame=2194|row=1990,43,40926,True,True,True,False
wifib|device=43|capture=23Jan|frame=2328|row=2111,43,41047,True,True,True,False
wifib|device=43|capture=23Jan|frame=2740|row=2499,43,41435,True,True,True,False
wifib|device=43|capture=23Jan|frame=2229|row=2025,43,40961,True,True,True,False
wifib|device=43|capture=23Jan|frame=2655|row=2420,43,41356,True,True,True,False
wifib|device=43|capture=23Jan|frame=2670|row=2435,43,41371,True,True,True,False
wifib|device=43|capture=23Jan|frame=2635|row=2400,43,41336,True,True,True,False
wifib|device=43|capture=23Jan|frame=2307|row=2092,43,41028,True,True,True,False
wifib|device=43|capture=23Jan|frame=2316|row=2101,43,41037,True,True,True,False
wifib|device=43|capture=23Jan|frame=2665|row=2430,43,41366,True,True,True,False
wifib|device=43|capture=23Jan|frame=2315|row=2100,43,41036,True,True,True,False
wifib|device=43|capture=23Jan|frame=2352|row=2135,43,41071,True,True,True,False
wifib|device=43|capture=23Jan|frame=2719|row=2480,43,41416,True,True,True,False
wifib|device=43|capture=23Jan|frame=2432|row=2213,43,41149,True,True,True,False
wifib|device=43|capture=23Jan|frame=2750|row=2507,43,41443,True,True,True,False
wifib|device=43|capture=23Jan|frame=2356|row=2139,43,41075,True,True,True,False
wifib|device=43|capture=23Jan|frame=2726|row=2487,43,41423,True,True,True,False
wifib|device=43|capture=23Jan|frame=2311|row=2096,43,41032,True,True,True,False
wifib|device=43|capture=23Jan|frame=2608|row=2373,43,41309,True,True,True,False
wifib|device=43|capture=23Jan|frame=2394|row=2177,43,41113,True,True,True,False
wifib|device=43|capture=23Jan|frame=2428|row=2209,43,41145,True,True,True,False
wifib|device=43|capture=23Jan|frame=2336|row=2119,43,41055,True,True,True,False
wifib|device=43|capture=23Jan|frame=2524|row=2299,43,41235,True,True,True,False
wifib|device=43|capture=23Jan|frame=2678|row=2443,43,41379,True,True,True,False
wifib|device=43|capture=23Jan|frame=2552|row=2323,43,41259,True,True,True,False
wifib|device=43|capture=23Jan|frame=2672|row=2437,43,41373,True,True,True,False
wifib|device=43|capture=23Jan|frame=2350|row=2133,43,41069,True,True,True,False
wifib|device=43|capture=23Jan|frame=2715|row=2476,43,41412,True,True,True,False
wifib|device=43|capture=23Jan|frame=2406|row=2189,43,41125,True,True,True,False
wifib|device=43|capture=23Jan|frame=2308|row=2093,43,41029,True,True,True,False
wifib|device=43|capture=23Jan|frame=2235|row=2031,43,40967,True,True,True,False
wifib|device=43|capture=23Jan|frame=2357|row=2140,43,41076,True,True,True,False
wifib|device=43|capture=23Jan|frame=2423|row=2204,43,41140,True,True,True,False
wifib|device=43|capture=23Jan|frame=2503|row=2280,43,41216,True,True,True,False
wifib|device=43|capture=23Jan|frame=2701|row=2462,43,41398,True,True,True,False
wifib|device=43|capture=23Jan|frame=2741|row=2500,43,41436,True,True,True,False
wifib|device=43|capture=23Jan|frame=2597|row=2364,43,41300,True,True,True,False
wifib|device=43|capture=23Jan|frame=2693|row=2456,43,41392,True,True,True,False
wifib|device=43|capture=23Jan|frame=2523|row=2298,43,41234,True,True,True,False
wifib|device=43|capture=23Jan|frame=2333|row=2116,43,41052,True,True,True,False
wifib|device=43|capture=23Jan|frame=2189|row=1985,43,40921,True,True,True,False
wifib|device=43|capture=23Jan|frame=2605|row=2370,43,41306,True,True,True,False
wifib|device=43|capture=23Jan|frame=2409|row=2192,43,41128,True,True,True,False
wifib|device=43|capture=23Jan|frame=2700|row=2461,43,41397,True,True,True,False
wifib|device=43|capture=23Jan|frame=2277|row=2064,43,41000,True,True,True,False
wifib|device=43|capture=23Jan|frame=2298|row=2085,43,41021,True,True,True,False
wifib|device=43|capture=23Jan|frame=2222|row=2018,43,40954,True,True,True,False
wifib|device=43|capture=23Jan|frame=2652|row=2417,43,41353,True,True,True,False
wifib|device=43|capture=23Jan|frame=2364|row=2147,43,41083,True,True,True,False
wifib|device=43|capture=23Jan|frame=2602|row=2369,43,41305,True,True,True,False
wifib|device=43|capture=23Jan|frame=2734|row=2495,43,41431,True,True,True,False
wifib|device=43|capture=23Jan|frame=2534|row=2307,43,41243,True,True,True,False
wifib|device=43|capture=23Jan|frame=2448|row=2229,43,41165,True,True,True,False
wifib|device=43|capture=23Jan|frame=2533|row=2306,43,41242,True,True,True,False
wifib|device=43|capture=23Jan|frame=2538|row=2311,43,41247,True,True,True,False
wifib|device=43|capture=23Jan|frame=2515|row=2292,43,41228,True,True,True,False
wifib|device=43|capture=23Jan|frame=2413|row=2196,43,41132,True,True,True,False
wifib|device=43|capture=23Jan|frame=2467|row=2248,43,41184,True,True,True,False
wifib|device=43|capture=23Jan|frame=2223|row=2019,43,40955,True,True,True,False
wifib|device=43|capture=23Jan|frame=2712|row=2473,43,41409,True,True,True,False
wifib|device=43|capture=23Jan|frame=2562|row=2333,43,41269,True,True,True,False
wifib|device=43|capture=23Jan|frame=2563|row=2334,43,41270,True,True,True,False
wifib|device=43|capture=23Jan|frame=2421|row=2202,43,41138,True,True,True,False
wifib|device=43|capture=23Jan|frame=2576|row=2345,43,41281,True,True,True,False
wifib|device=43|capture=23Jan|frame=2232|row=2028,43,40964,True,True,True,False
wifib|device=43|capture=23Jan|frame=2761|row=2516,43,41452,True,True,True,False
wifib|device=43|capture=23Jan|frame=2393|row=2176,43,41112,True,True,True,False
wifib|device=43|capture=23Jan|frame=2601|row=2368,43,41304,True,True,True,False
wifib|device=43|capture=23Jan|frame=2668|row=2433,43,41369,True,True,True,False
wifib|device=43|capture=23Jan|frame=2594|row=2363,43,41299,True,True,True,False
wifib|device=43|capture=23Jan|frame=2457|row=2238,43,41174,True,True,True,False
wifib|device=43|capture=23Jan|frame=2653|row=2418,43,41354,True,True,True,False
wifib|device=43|capture=23Jan|frame=2269|row=2058,43,40994,True,True,True,False
wifib|device=43|capture=23Jan|frame=2402|row=2185,43,41121,True,True,True,False
wifib|device=43|capture=23Jan|frame=2280|row=2067,43,41003,True,True,True,False
wifib|device=43|capture=23Jan|frame=2470|row=2251,43,41187,True,True,True,False
wifib|device=43|capture=23Jan|frame=2544|row=2315,43,41251,True,True,True,False
wifib|device=43|capture=23Jan|frame=2331|row=2114,43,41050,True,True,True,False
wifib|device=43|capture=23Jan|frame=2759|row=2514,43,41450,True,True,True,False
wifib|device=43|capture=23Jan|frame=2363|row=2146,43,41082,True,True,True,False
wifib|device=43|capture=23Jan|frame=2362|row=2145,43,41081,True,True,True,False
wifib|device=43|capture=23Jan|frame=2450|row=2231,43,41167,True,True,True,False
wifib|device=43|capture=23Jan|frame=2644|row=2409,43,41345,True,True,True,False
wifib|device=43|capture=23Jan|frame=2255|row=2046,43,40982,True,True,True,False
wifib|device=43|capture=23Jan|frame=2689|row=2452,43,41388,True,True,True,False
wifib|device=43|capture=23Jan|frame=2733|row=2494,43,41430,True,True,True,False
wifib|device=43|capture=23Jan|frame=2554|row=2325,43,41261,True,True,True,False
wifib|device=43|capture=23Jan|frame=2286|row=2073,43,41009,True,True,True,False
wifib|device=43|capture=23Jan|frame=2473|row=2254,43,41190,True,True,True,False
wifib|device=43|capture=23Jan|frame=2632|row=2397,43,41333,True,True,True,False
wifib|device=43|capture=23Jan|frame=2631|row=2396,43,41332,True,True,True,False
wifib|device=43|capture=23Jan|frame=2198|row=1994,43,40930,True,True,True,False
wifib|device=43|capture=23Jan|frame=2201|row=1997,43,40933,True,True,True,False
wifib|device=43|capture=23Jan|frame=2660|row=2425,43,41361,True,True,True,False
wifib|device=43|capture=23Jan|frame=2656|row=2421,43,41357,True,True,True,False
wifib|device=43|capture=23Jan|frame=2666|row=2431,43,41367,True,True,True,False
wifib|device=43|capture=23Jan|frame=2751|row=2508,43,41444,True,True,True,False
wifib|device=43|capture=23Jan|frame=2547|row=2318,43,41254,True,True,True,False
wifib|device=43|capture=23Jan|frame=2354|row=2137,43,41073,True,True,True,False
wifib|device=43|capture=23Jan|frame=2462|row=2243,43,41179,True,True,True,False
wifib|device=43|capture=23Jan|frame=2645|row=2410,43,41346,True,True,True,False
wifib|device=43|capture=23Jan|frame=2494|row=2271,43,41207,True,True,True,False
wifib|device=43|capture=23Jan|frame=2391|row=2174,43,41110,True,True,True,False
wifib|device=43|capture=23Jan|frame=2558|row=2329,43,41265,True,True,True,False
wifib|device=43|capture=23Jan|frame=2370|row=2153,43,41089,True,True,True,False
wifib|device=43|capture=23Jan|frame=2713|row=2474,43,41410,True,True,True,False
wifib|device=43|capture=23Jan|frame=2676|row=2441,43,41377,True,True,True,False
wifib|device=43|capture=23Jan|frame=2663|row=2428,43,41364,True,True,True,False
wifib|device=43|capture=23Jan|frame=2209|row=2005,43,40941,True,True,True,False
wifib|device=43|capture=23Jan|frame=2208|row=2004,43,40940,True,True,True,False
wifib|device=43|capture=23Jan|frame=2527|row=2302,43,41238,True,True,True,False
wifib|device=43|capture=23Jan|frame=2762|row=2517,43,41453,True,True,True,False
wifib|device=43|capture=23Jan|frame=2400|row=2183,43,41119,True,True,True,False
wifib|device=43|capture=23Jan|frame=2592|row=2361,43,41297,True,True,True,False
wifib|device=43|capture=23Jan|frame=2210|row=2006,43,40942,True,True,True,False
wifib|device=43|capture=23Jan|frame=2374|row=2157,43,41093,True,True,True,False
wifib|device=43|capture=23Jan|frame=2439|row=2220,43,41156,True,True,True,False
wifib|device=43|capture=23Jan|frame=2237|row=2033,43,40969,True,True,True,False
wifib|device=43|capture=23Jan|frame=2472|row=2253,43,41189,True,True,True,False
wifib|device=43|capture=23Jan|frame=2442|row=2223,43,41159,True,True,True,False
wifib|device=43|capture=23Jan|frame=2685|row=2448,43,41384,True,True,True,False
wifib|device=43|capture=23Jan|frame=2600|row=2367,43,41303,True,True,True,False
wifib|device=43|capture=23Jan|frame=2234|row=2030,43,40966,True,True,True,False
wifib|device=43|capture=23Jan|frame=2456|row=2237,43,41173,True,True,True,False
wifib|device=43|capture=23Jan|frame=2549|row=2320,43,41256,True,True,True,False
wifib|device=43|capture=23Jan|frame=2264|row=2055,43,40991,True,True,True,False
wifib|device=43|capture=23Jan|frame=2682|row=2445,43,41381,True,True,True,False
wifib|device=43|capture=23Jan|frame=2528|row=2303,43,41239,True,True,True,False
wifib|device=43|capture=23Jan|frame=2474|row=2255,43,41191,True,True,True,False
wifib|device=43|capture=23Jan|frame=2588|row=2357,43,41293,True,True,True,False
wifib|device=43|capture=23Jan|frame=2489|row=2266,43,41202,True,True,True,False
wifib|device=43|capture=23Jan|frame=2289|row=2076,43,41012,True,True,True,False
wifib|device=43|capture=23Jan|frame=2345|row=2128,43,41064,True,True,True,False
wifib|device=43|capture=23Jan|frame=2454|row=2235,43,41171,True,True,True,False
wifib|device=43|capture=23Jan|frame=2295|row=2082,43,41018,True,True,True,False
wifib|device=43|capture=23Jan|frame=2284|row=2071,43,41007,True,True,True,False
wifib|device=43|capture=23Jan|frame=2769|row=2524,43,41460,True,True,True,False
wifib|device=43|capture=23Jan|frame=2615|row=2380,43,41316,True,True,True,False
wifib|device=43|capture=23Jan|frame=2502|row=2279,43,41215,True,True,True,False
wifib|device=43|capture=23Jan|frame=2461|row=2242,43,41178,True,True,True,False
wifib|device=43|capture=23Jan|frame=2560|row=2331,43,41267,True,True,True,False
wifib|device=43|capture=23Jan|frame=2500|row=2277,43,41213,True,True,True,False
wifib|device=43|capture=23Jan|frame=2376|row=2159,43,41095,True,True,True,False
wifib|device=43|capture=23Jan|frame=2626|row=2391,43,41327,True,True,True,False
wifib|device=43|capture=23Jan|frame=2390|row=2173,43,41109,True,True,True,False
wifib|device=43|capture=23Jan|frame=2498|row=2275,43,41211,True,True,True,False
wifib|device=43|capture=23Jan|frame=2617|row=2382,43,41318,True,True,True,False
wifib|device=43|capture=23Jan|frame=2529|row=2304,43,41240,True,True,True,False
wifib|device=43|capture=23Jan|frame=2508|row=2285,43,41221,True,True,True,False
wifib|device=43|capture=23Jan|frame=2584|row=2353,43,41289,True,True,True,False
wifib|device=43|capture=23Jan|frame=2718|row=2479,43,41415,True,True,True,False
wifib|device=43|capture=23Jan|frame=2460|row=2241,43,41177,True,True,True,False
wifib|device=43|capture=23Jan|frame=2293|row=2080,43,41016,True,True,True,False
wifib|device=43|capture=23Jan|frame=2659|row=2424,43,41360,True,True,True,False
wifib|device=43|capture=23Jan|frame=2213|row=2009,43,40945,True,True,True,False
wifib|device=43|capture=23Jan|frame=2746|row=2503,43,41439,True,True,True,False
wifib|device=43|capture=23Jan|frame=2337|row=2120,43,41056,True,True,True,False
wifib|device=43|capture=23Jan|frame=2621|row=2386,43,41322,True,True,True,False
wifib|device=43|capture=23Jan|frame=2325|row=2108,43,41044,True,True,True,False
wifib|device=43|capture=23Jan|frame=2642|row=2407,43,41343,True,True,True,False
wifib|device=43|capture=23Jan|frame=2202|row=1998,43,40934,True,True,True,False
wifib|device=43|capture=23Jan|frame=2326|row=2109,43,41045,True,True,True,False
wifib|device=43|capture=23Jan|frame=2778|row=2531,43,41467,True,True,True,False
wifib|device=43|capture=23Jan|frame=2226|row=2022,43,40958,True,True,True,False
wifib|device=43|capture=23Jan|frame=2275|row=2062,43,40998,True,True,True,False
wifib|device=43|capture=23Jan|frame=2521|row=2296,43,41232,True,True,True,False
wifib|device=43|capture=23Jan|frame=2775|row=2528,43,41464,True,True,True,False
wifib|device=46|capture=23Jan|frame=2421|row=2176,46,44783,True,True,True,True
wifib|device=46|capture=23Jan|frame=2234|row=2019,46,44626,True,True,True,True
wifib|device=46|capture=23Jan|frame=2704|row=2443,46,45050,True,True,True,True
wifib|device=46|capture=23Jan|frame=2510|row=2259,46,44866,True,True,True,True
wifib|device=46|capture=23Jan|frame=2603|row=2350,46,44957,True,True,True,True
wifib|device=46|capture=23Jan|frame=2718|row=2457,46,45064,True,True,True,True
wifib|device=46|capture=23Jan|frame=2445|row=2196,46,44803,True,True,True,True
wifib|device=46|capture=23Jan|frame=2190|row=1977,46,44584,True,True,True,True
wifib|device=46|capture=23Jan|frame=2779|row=2516,46,45123,True,True,True,True
wifib|device=46|capture=23Jan|frame=2282|row=2063,46,44670,True,True,True,True
wifib|device=46|capture=23Jan|frame=2683|row=2426,46,45033,True,True,True,False
wifib|device=46|capture=23Jan|frame=2503|row=2252,46,44859,True,True,True,False
wifib|device=46|capture=23Jan|frame=2276|row=2057,46,44664,True,True,True,False
wifib|device=46|capture=23Jan|frame=2253|row=2038,46,44645,True,True,True,False
wifib|device=46|capture=23Jan|frame=2612|row=2359,46,44966,True,True,True,False
wifib|device=46|capture=23Jan|frame=2611|row=2358,46,44965,True,True,True,False
wifib|device=46|capture=23Jan|frame=2535|row=2284,46,44891,True,True,True,False
wifib|device=46|capture=23Jan|frame=2765|row=2502,46,45109,True,True,True,False
wifib|device=46|capture=23Jan|frame=2450|row=2201,46,44808,True,True,True,False
wifib|device=46|capture=23Jan|frame=2288|row=2067,46,44674,True,True,True,False
wifib|device=46|capture=23Jan|frame=2489|row=2238,46,44845,True,True,True,False
wifib|device=46|capture=23Jan|frame=2511|row=2260,46,44867,True,True,True,False
wifib|device=46|capture=23Jan|frame=2621|row=2368,46,44975,True,True,True,False
wifib|device=46|capture=23Jan|frame=2587|row=2334,46,44941,True,True,True,False
wifib|device=46|capture=23Jan|frame=2673|row=2416,46,45023,True,True,True,False
wifib|device=46|capture=23Jan|frame=2560|row=2309,46,44916,True,True,True,False
wifib|device=46|capture=23Jan|frame=2219|row=2006,46,44613,True,True,True,False
wifib|device=46|capture=23Jan|frame=2205|row=1992,46,44599,True,True,True,False
wifib|device=46|capture=23Jan|frame=2420|row=2175,46,44782,True,True,True,False
wifib|device=46|capture=23Jan|frame=2577|row=2324,46,44931,True,True,True,False
wifib|device=46|capture=23Jan|frame=2204|row=1991,46,44598,True,True,True,False
wifib|device=46|capture=23Jan|frame=2356|row=2127,46,44734,True,True,True,False
wifib|device=46|capture=23Jan|frame=2185|row=1972,46,44579,True,True,True,False
wifib|device=46|capture=23Jan|frame=2677|row=2420,46,45027,True,True,True,False
wifib|device=46|capture=23Jan|frame=2319|row=2090,46,44697,True,True,True,False
wifib|device=46|capture=23Jan|frame=2664|row=2407,46,45014,True,True,True,False
wifib|device=46|capture=23Jan|frame=2586|row=2333,46,44940,True,True,True,False
wifib|device=46|capture=23Jan|frame=2676|row=2419,46,45026,True,True,True,False
wifib|device=46|capture=23Jan|frame=2682|row=2425,46,45032,True,True,True,False
wifib|device=46|capture=23Jan|frame=2569|row=2318,46,44925,True,True,True,False
wifib|device=46|capture=23Jan|frame=2739|row=2478,46,45085,True,True,True,False
wifib|device=46|capture=23Jan|frame=2764|row=2501,46,45108,True,True,True,False
wifib|device=46|capture=23Jan|frame=2641|row=2386,46,44993,True,True,True,False
wifib|device=46|capture=23Jan|frame=2508|row=2257,46,44864,True,True,True,False
wifib|device=46|capture=23Jan|frame=2308|row=2083,46,44690,True,True,True,False
wifib|device=46|capture=23Jan|frame=2557|row=2306,46,44913,True,True,True,False
wifib|device=46|capture=23Jan|frame=2566|row=2315,46,44922,True,True,True,False
wifib|device=46|capture=23Jan|frame=2558|row=2307,46,44914,True,True,True,False
wifib|device=46|capture=23Jan|frame=2461|row=2212,46,44819,True,True,True,False
wifib|device=46|capture=23Jan|frame=2616|row=2363,46,44970,True,True,True,False
wifib|device=46|capture=23Jan|frame=2757|row=2494,46,45101,True,True,True,False
wifib|device=46|capture=23Jan|frame=2225|row=2012,46,44619,True,True,True,False
wifib|device=46|capture=23Jan|frame=2229|row=2014,46,44621,True,True,True,False
wifib|device=46|capture=23Jan|frame=2212|row=1999,46,44606,True,True,True,False
wifib|device=46|capture=23Jan|frame=2539|row=2288,46,44895,True,True,True,False
wifib|device=46|capture=23Jan|frame=2623|row=2370,46,44977,True,True,True,False
wifib|device=46|capture=23Jan|frame=2240|row=2025,46,44632,True,True,True,False
wifib|device=46|capture=23Jan|frame=2769|row=2506,46,45113,True,True,True,False
wifib|device=46|capture=23Jan|frame=2643|row=2388,46,44995,True,True,True,False
wifib|device=46|capture=23Jan|frame=2543|row=2292,46,44899,True,True,True,False
wifib|device=46|capture=23Jan|frame=2305|row=2080,46,44687,True,True,True,False
wifib|device=46|capture=23Jan|frame=2187|row=1974,46,44581,True,True,True,False
wifib|device=46|capture=23Jan|frame=2379|row=2148,46,44755,True,True,True,False
wifib|device=46|capture=23Jan|frame=2645|row=2390,46,44997,True,True,True,False
wifib|device=46|capture=23Jan|frame=2667|row=2410,46,45017,True,True,True,False
wifib|device=46|capture=23Jan|frame=2708|row=2447,46,45054,True,True,True,False
wifib|device=46|capture=23Jan|frame=2746|row=2485,46,45092,True,True,True,False
wifib|device=46|capture=23Jan|frame=2595|row=2342,46,44949,True,True,True,False
wifib|device=46|capture=23Jan|frame=2348|row=2119,46,44726,True,True,True,False
wifib|device=46|capture=23Jan|frame=2512|row=2261,46,44868,True,True,True,False
wifib|device=46|capture=23Jan|frame=2715|row=2454,46,45061,True,True,True,False
wifib|device=46|capture=23Jan|frame=2301|row=2078,46,44685,True,True,True,False
wifib|device=46|capture=23Jan|frame=2278|row=2059,46,44666,True,True,True,False
wifib|device=46|capture=23Jan|frame=2280|row=2061,46,44668,True,True,True,False
wifib|device=46|capture=23Jan|frame=2324|row=2095,46,44702,True,True,True,False
wifib|device=46|capture=23Jan|frame=2250|row=2035,46,44642,True,True,True,False
wifib|device=46|capture=23Jan|frame=2441|row=2194,46,44801,True,True,True,False
wifib|device=46|capture=23Jan|frame=2362|row=2131,46,44738,True,True,True,False
wifib|device=46|capture=23Jan|frame=2589|row=2336,46,44943,True,True,True,False
wifib|device=46|capture=23Jan|frame=2418|row=2173,46,44780,True,True,True,False
wifib|device=46|capture=23Jan|frame=2525|row=2274,46,44881,True,True,True,False
wifib|device=46|capture=23Jan|frame=2691|row=2434,46,45041,True,True,True,False
wifib|device=46|capture=23Jan|frame=2693|row=2436,46,45043,True,True,True,False
wifib|device=46|capture=23Jan|frame=2252|row=2037,46,44644,True,True,True,False
wifib|device=46|capture=23Jan|frame=2740|row=2479,46,45086,True,True,True,False
wifib|device=46|capture=23Jan|frame=2194|row=1981,46,44588,True,True,True,False
wifib|device=46|capture=23Jan|frame=2490|row=2239,46,44846,True,True,True,False
wifib|device=46|capture=23Jan|frame=2239|row=2024,46,44631,True,True,True,False
wifib|device=46|capture=23Jan|frame=2412|row=2169,46,44776,True,True,True,False
wifib|device=46|capture=23Jan|frame=2564|row=2313,46,44920,True,True,True,False
wifib|device=46|capture=23Jan|frame=2648|row=2393,46,45000,True,True,True,False
wifib|device=46|capture=23Jan|frame=2731|row=2470,46,45077,True,True,True,False
wifib|device=46|capture=23Jan|frame=2544|row=2293,46,44900,True,True,True,False
wifib|device=46|capture=23Jan|frame=2431|row=2184,46,44791,True,True,True,False
wifib|device=46|capture=23Jan|frame=2519|row=2268,46,44875,True,True,True,False
wifib|device=46|capture=23Jan|frame=2350|row=2121,46,44728,True,True,True,False
wifib|device=46|capture=23Jan|frame=2432|row=2185,46,44792,True,True,True,False
wifib|device=46|capture=23Jan|frame=2670|row=2413,46,45020,True,True,True,False
wifib|device=46|capture=23Jan|frame=2389|row=2154,46,44761,True,True,True,False
wifib|device=46|capture=23Jan|frame=2265|row=2046,46,44653,True,True,True,False
wifib|device=46|capture=23Jan|frame=2211|row=1998,46,44605,True,True,True,False
wifib|device=46|capture=23Jan|frame=2221|row=2008,46,44615,True,True,True,False
wifib|device=46|capture=23Jan|frame=2464|row=2215,46,44822,True,True,True,False
wifib|device=46|capture=23Jan|frame=2661|row=2404,46,45011,True,True,True,False
wifib|device=46|capture=23Jan|frame=2292|row=2071,46,44678,True,True,True,False
wifib|device=46|capture=23Jan|frame=2218|row=2005,46,44612,True,True,True,False
wifib|device=46|capture=23Jan|frame=2619|row=2366,46,44973,True,True,True,False
wifib|device=46|capture=23Jan|frame=2507|row=2256,46,44863,True,True,True,False
wifib|device=46|capture=23Jan|frame=2206|row=1993,46,44600,True,True,True,False
wifib|device=46|capture=23Jan|frame=2597|row=2344,46,44951,True,True,True,False
wifib|device=46|capture=23Jan|frame=2470|row=2221,46,44828,True,True,True,False
wifib|device=46|capture=23Jan|frame=2751|row=2488,46,45095,True,True,True,False
wifib|device=46|capture=23Jan|frame=2618|row=2365,46,44972,True,True,True,False
wifib|device=46|capture=23Jan|frame=2625|row=2372,46,44979,True,True,True,False
wifib|device=46|capture=23Jan|frame=2548|row=2297,46,44904,True,True,True,False
wifib|device=46|capture=23Jan|frame=2296|row=2073,46,44680,True,True,True,False
wifib|device=46|capture=23Jan|frame=2271|row=2052,46,44659,True,True,True,False
wifib|device=46|capture=23Jan|frame=2349|row=2120,46,44727,True,True,True,False
wifib|device=46|capture=23Jan|frame=2398|row=2159,46,44766,True,True,True,False
wifib|device=46|capture=23Jan|frame=2475|row=2226,46,44833,True,True,True,False
wifib|device=46|capture=23Jan|frame=2216|row=2003,46,44610,True,True,True,False
wifib|device=46|capture=23Jan|frame=2447|row=2198,46,44805,True,True,True,False
wifib|device=46|capture=23Jan|frame=2767|row=2504,46,45111,True,True,True,False
wifib|device=46|capture=23Jan|frame=2642|row=2387,46,44994,True,True,True,False
wifib|device=46|capture=23Jan|frame=2719|row=2458,46,45065,True,True,True,False
wifib|device=46|capture=23Jan|frame=2338|row=2109,46,44716,True,True,True,False
wifib|device=46|capture=23Jan|frame=2247|row=2032,46,44639,True,True,True,False
wifib|device=46|capture=23Jan|frame=2322|row=2093,46,44700,True,True,True,False
wifib|device=46|capture=23Jan|frame=2644|row=2389,46,44996,True,True,True,False
wifib|device=46|capture=23Jan|frame=2668|row=2411,46,45018,True,True,True,False
wifib|device=46|capture=23Jan|frame=2687|row=2430,46,45037,True,True,True,False
wifib|device=46|capture=23Jan|frame=2633|row=2380,46,44987,True,True,True,False
wifib|device=46|capture=23Jan|frame=2722|row=2461,46,45068,True,True,True,False
wifib|device=46|capture=23Jan|frame=2321|row=2092,46,44699,True,True,True,False
wifib|device=46|capture=23Jan|frame=2438|row=2191,46,44798,True,True,True,False
wifib|device=46|capture=23Jan|frame=2576|row=2323,46,44930,True,True,True,False
wifib|device=46|capture=23Jan|frame=2304|row=2079,46,44686,True,True,True,False
wifib|device=46|capture=23Jan|frame=2660|row=2403,46,45010,True,True,True,False
wifib|device=46|capture=23Jan|frame=2536|row=2285,46,44892,True,True,True,False
wifib|device=46|capture=23Jan|frame=2309|row=2084,46,44691,True,True,True,False
wifib|device=46|capture=23Jan|frame=2705|row=2444,46,45051,True,True,True,False
wifib|device=46|capture=23Jan|frame=2553|row=2302,46,44909,True,True,True,False
wifib|device=46|capture=23Jan|frame=2527|row=2276,46,44883,True,True,True,False
wifib|device=46|capture=23Jan|frame=2336|row=2107,46,44714,True,True,True,False
wifib|device=46|capture=23Jan|frame=2365|row=2134,46,44741,True,True,True,False
wifib|device=46|capture=23Jan|frame=2626|row=2373,46,44980,True,True,True,False
wifib|device=46|capture=23Jan|frame=2592|row=2339,46,44946,True,True,True,False
wifib|device=46|capture=23Jan|frame=2386|row=2153,46,44760,True,True,True,False
wifib|device=46|capture=23Jan|frame=2578|row=2325,46,44932,True,True,True,False
wifib|device=46|capture=23Jan|frame=2685|row=2428,46,45035,True,True,True,False
wifib|device=46|capture=23Jan|frame=2184|row=1971,46,44578,False,True,False,False
wifib|device=46|capture=23Jan|frame=2528|row=2277,46,44884,True,True,True,False
wifib|device=46|capture=23Jan|frame=2435|row=2188,46,44795,True,True,True,False
wifib|device=46|capture=23Jan|frame=2500|row=2249,46,44856,True,True,True,False
wifib|device=46|capture=23Jan|frame=2202|row=1989,46,44596,True,True,True,False
wifib|device=46|capture=23Jan|frame=2692|row=2435,46,45042,True,True,True,False
wifib|device=46|capture=23Jan|frame=2230|row=2015,46,44622,True,True,True,False
wifib|device=46|capture=23Jan|frame=2243|row=2028,46,44635,True,True,True,False
wifib|device=46|capture=23Jan|frame=2733|row=2472,46,45079,True,True,True,False
wifib|device=46|capture=23Jan|frame=2707|row=2446,46,45053,True,True,True,False
wifib|device=46|capture=23Jan|frame=2755|row=2492,46,45099,True,True,True,False
wifib|device=46|capture=23Jan|frame=2610|row=2357,46,44964,True,True,True,False
wifib|device=46|capture=23Jan|frame=2622|row=2369,46,44976,True,True,True,False
wifib|device=46|capture=23Jan|frame=2246|row=2031,46,44638,True,True,True,False
wifib|device=46|capture=23Jan|frame=2228|row=2013,46,44620,True,True,True,False
wifib|device=46|capture=23Jan|frame=2369|row=2138,46,44745,True,True,True,False
wifib|device=46|capture=23Jan|frame=2273|row=2054,46,44661,True,True,True,False
wifib|device=46|capture=23Jan|frame=2451|row=2202,46,44809,True,True,True,False
wifib|device=46|capture=23Jan|frame=2549|row=2298,46,44905,True,True,True,False
wifib|device=46|capture=23Jan|frame=2210|row=1997,46,44604,True,True,True,False
wifib|device=46|capture=23Jan|frame=2284|row=2065,46,44672,True,True,True,False
wifib|device=46|capture=23Jan|frame=2546|row=2295,46,44902,True,True,True,False
wifib|device=46|capture=23Jan|frame=2264|row=2045,46,44652,True,True,True,False
wifib|device=46|capture=23Jan|frame=2771|row=2508,46,45115,True,True,True,False
wifib|device=46|capture=23Jan|frame=2355|row=2126,46,44733,True,True,True,False
wifib|device=46|capture=23Jan|frame=2627|row=2374,46,44981,True,True,True,False
wifib|device=46|capture=23Jan|frame=2582|row=2329,46,44936,True,True,True,False
wifib|device=46|capture=23Jan|frame=2526|row=2275,46,44882,True,True,True,False
wifib|device=46|capture=23Jan|frame=2377|row=2146,46,44753,True,True,True,False
wifib|device=46|capture=23Jan|frame=2269|row=2050,46,44657,True,True,True,False
wifib|device=46|capture=23Jan|frame=2728|row=2467,46,45074,True,True,True,False
wifib|device=46|capture=23Jan|frame=2572|row=2321,46,44928,True,True,True,False
wifib|device=46|capture=23Jan|frame=2217|row=2004,46,44611,True,True,True,False
wifib|device=46|capture=23Jan|frame=2563|row=2312,46,44919,True,True,True,False
wifib|device=46|capture=23Jan|frame=2628|row=2375,46,44982,True,True,True,False
wifib|device=46|capture=23Jan|frame=2761|row=2498,46,45105,True,True,True,False
wifib|device=46|capture=23Jan|frame=2466|row=2217,46,44824,True,True,True,False
wifib|device=46|capture=23Jan|frame=2538|row=2287,46,44894,True,True,True,False
wifib|device=46|capture=23Jan|frame=2568|row=2317,46,44924,True,True,True,False
wifib|device=46|capture=23Jan|frame=2337|row=2108,46,44715,True,True,True,False
wifib|device=46|capture=23Jan|frame=2491|row=2240,46,44847,True,True,True,False
wifib|device=46|capture=23Jan|frame=2596|row=2343,46,44950,True,True,True,False
wifib|device=46|capture=23Jan|frame=2373|row=2142,46,44749,True,True,True,False
wifib|device=46|capture=23Jan|frame=2307|row=2082,46,44689,True,True,True,False
wifib|device=46|capture=23Jan|frame=2523|row=2272,46,44879,True,True,True,False
wifib|device=46|capture=23Jan|frame=2747|row=2486,46,45093,True,True,True,False
wifib|device=46|capture=23Jan|frame=2486|row=2235,46,44842,True,True,True,False
wifib|device=46|capture=23Jan|frame=2473|row=2224,46,44831,True,True,True,False
wifib|device=46|capture=23Jan|frame=2533|row=2282,46,44889,True,True,True,False
wifib|device=46|capture=23Jan|frame=2506|row=2255,46,44862,True,True,True,False
wifib|device=46|capture=23Jan|frame=2517|row=2266,46,44873,True,True,True,False
wifib|device=46|capture=23Jan|frame=2509|row=2258,46,44865,True,True,True,False
wifib|device=46|capture=23Jan|frame=2189|row=1976,46,44583,True,True,True,False
wifib|device=46|capture=23Jan|frame=2444|row=2195,46,44802,True,True,True,False
wifib|device=46|capture=23Jan|frame=2742|row=2481,46,45088,True,True,True,False
wifib|device=46|capture=23Jan|frame=2606|row=2353,46,44960,True,True,True,False
wifib|device=46|capture=23Jan|frame=2732|row=2471,46,45078,True,True,True,False
wifib|device=46|capture=23Jan|frame=2575|row=2322,46,44929,True,True,True,False
wifib|device=46|capture=23Jan|frame=2186|row=1973,46,44580,True,True,True,False
wifib|device=46|capture=23Jan|frame=2666|row=2409,46,45016,True,True,True,False
wifib|device=46|capture=23Jan|frame=2748|row=2487,46,45094,True,True,True,False
wifib|device=46|capture=23Jan|frame=2608|row=2355,46,44962,True,True,True,False
wifib|device=46|capture=23Jan|frame=2266|row=2047,46,44654,True,True,True,False
wifib|device=46|capture=23Jan|frame=2254|row=2039,46,44646,True,True,True,False
wifib|device=46|capture=23Jan|frame=2737|row=2476,46,45083,True,True,True,False
wifib|device=46|capture=23Jan|frame=2242|row=2027,46,44634,True,True,True,False
wifib|device=46|capture=23Jan|frame=2760|row=2497,46,45104,True,True,True,False
wifib|device=46|capture=23Jan|frame=2567|row=2316,46,44923,True,True,True,False
wifib|device=46|capture=23Jan|frame=2717|row=2456,46,45063,True,True,True,False
wifib|device=46|capture=23Jan|frame=2634|row=2381,46,44988,True,True,True,False
wifib|device=46|capture=23Jan|frame=2680|row=2423,46,45030,True,True,True,False
wifib|device=46|capture=23Jan|frame=2357|row=2128,46,44735,True,True,True,False
wifib|device=46|capture=23Jan|frame=2495|row=2244,46,44851,True,True,True,False
wifib|device=46|capture=23Jan|frame=2515|row=2264,46,44871,True,True,True,False
wifib|device=46|capture=23Jan|frame=2347|row=2118,46,44725,True,True,True,False
wifib|device=46|capture=23Jan|frame=2590|row=2337,46,44944,True,True,True,False
wifib|device=46|capture=23Jan|frame=2646|row=2391,46,44998,True,True,True,False
wifib|device=46|capture=23Jan|frame=2504|row=2253,46,44860,True,True,True,False
wifib|device=46|capture=23Jan|frame=2496|row=2245,46,44852,True,True,True,False
wifib|device=46|capture=23Jan|frame=2385|row=2152,46,44759,True,True,True,False
wifib|device=46|capture=23Jan|frame=2695|row=2438,46,45045,True,True,True,False
wifib|device=46|capture=23Jan|frame=2340|row=2111,46,44718,True,True,True,False
wifib|device=46|capture=23Jan|frame=2413|row=2170,46,44777,True,True,True,False
wifib|device=46|capture=23Jan|frame=2402|row=2163,46,44770,True,True,True,False
wifib|device=46|capture=23Jan|frame=2425|row=2180,46,44787,True,True,True,False
wifib|device=46|capture=23Jan|frame=2359|row=2130,46,44737,True,True,True,False
wifib|device=46|capture=23Jan|frame=2440|row=2193,46,44800,True,True,True,False
wifib|device=46|capture=23Jan|frame=2404|row=2165,46,44772,True,True,True,False
wifib|device=46|capture=23Jan|frame=2417|row=2172,46,44779,True,True,True,False
wifib|device=46|capture=23Jan|frame=2188|row=1975,46,44582,True,True,True,False
wifib|device=46|capture=23Jan|frame=2521|row=2270,46,44877,True,True,True,False
wifib|device=46|capture=23Jan|frame=2248|row=2033,46,44640,True,True,True,False
wifib|device=46|capture=23Jan|frame=2460|row=2211,46,44818,True,True,True,False
wifib|device=46|capture=23Jan|frame=2551|row=2300,46,44907,True,True,True,False
wifib|device=46|capture=23Jan|frame=2770|row=2507,46,45114,True,True,True,False
wifib|device=46|capture=23Jan|frame=2639|row=2384,46,44991,True,True,True,False
wifib|device=46|capture=23Jan|frame=2326|row=2097,46,44704,True,True,True,False
wifib|device=46|capture=23Jan|frame=2547|row=2296,46,44903,True,True,True,False
wifib|device=46|capture=23Jan|frame=2200|row=1987,46,44594,True,True,True,False
wifib|device=46|capture=23Jan|frame=2700|row=2441,46,45048,True,True,True,False
wifib|device=46|capture=23Jan|frame=2323|row=2094,46,44701,True,True,True,False
wifib|device=46|capture=23Jan|frame=2328|row=2099,46,44706,True,True,True,False
wifib|device=46|capture=23Jan|frame=2598|row=2345,46,44952,True,True,True,False
wifib|device=46|capture=23Jan|frame=2488|row=2237,46,44844,True,True,True,False
wifib|device=46|capture=23Jan|frame=2545|row=2294,46,44901,True,True,True,False
wifib|device=46|capture=23Jan|frame=2290|row=2069,46,44676,True,True,True,False
wifib|device=46|capture=23Jan|frame=2721|row=2460,46,45067,True,True,True,False
wifib|device=46|capture=23Jan|frame=2283|row=2064,46,44671,True,True,True,False
wifib|device=46|capture=23Jan|frame=2213|row=2000,46,44607,True,True,True,False
wifib|device=46|capture=23Jan|frame=2456|row=2207,46,44814,True,True,True,False
wifib|device=46|capture=23Jan|frame=2306|row=2081,46,44688,True,True,True,False
wifib|device=46|capture=23Jan|frame=2354|row=2125,46,44732,True,True,True,False
wifib|device=46|capture=23Jan|frame=2260|row=2043,46,44650,True,True,True,False
wifib|device=46|capture=23Jan|frame=2224|row=2011,46,44618,True,True,True,False
wifib|device=46|capture=23Jan|frame=2414|row=2171,46,44778,True,True,True,False
wifib|device=46|capture=23Jan|frame=2713|row=2452,46,45059,True,True,True,False
wifib|device=46|capture=23Jan|frame=2689|row=2432,46,45039,True,True,True,False
wifib|device=46|capture=23Jan|frame=2439|row=2192,46,44799,True,True,True,False
wifib|device=46|capture=23Jan|frame=2479|row=2228,46,44835,True,True,True,False
wifib|device=46|capture=23Jan|frame=2400|row=2161,46,44768,True,True,True,False
wifib|device=46|capture=23Jan|frame=2268|row=2049,46,44656,True,True,True,False
wifib|device=46|capture=23Jan|frame=2366|row=2135,46,44742,True,True,True,False
wifib|device=46|capture=23Jan|frame=2684|row=2427,46,45034,True,True,True,False
wifib|device=46|capture=23Jan|frame=2762|row=2499,46,45106,True,True,True,False
wifib|device=46|capture=23Jan|frame=2694|row=2437,46,45044,True,True,True,False
wifib|device=46|capture=23Jan|frame=2481|row=2230,46,44837,True,True,True,False
wifib|device=46|capture=23Jan|frame=2583|row=2330,46,44937,True,True,True,False
wifib|device=46|capture=23Jan|frame=2591|row=2338,46,44945,True,True,True,False
wifib|device=46|capture=23Jan|frame=2613|row=2360,46,44967,True,True,True,False
wifib|device=46|capture=23Jan|frame=2458|row=2209,46,44816,True,True,True,False
wifib|device=46|capture=23Jan|frame=2604|row=2351,46,44958,True,True,True,False
wifib|device=46|capture=23Jan|frame=2688|row=2431,46,45038,True,True,True,False
wifib|device=46|capture=23Jan|frame=2275|row=2056,46,44663,True,True,True,False
wifib|device=46|capture=23Jan|frame=2329|row=2100,46,44707,True,True,True,False
wifib|device=46|capture=23Jan|frame=2192|row=1979,46,44586,True,True,True,False
wifib|device=46|capture=23Jan|frame=2580|row=2327,46,44934,True,True,True,False
wifib|device=46|capture=23Jan|frame=2376|row=2145,46,44752,True,True,True,False
wifib|device=46|capture=23Jan|frame=2585|row=2332,46,44939,True,True,True,False
wifib|device=46|capture=23Jan|frame=2681|row=2424,46,45031,True,True,True,False
wifib|device=46|capture=23Jan|frame=2199|row=1986,46,44593,True,True,True,False
wifib|device=46|capture=23Jan|frame=2520|row=2269,46,44876,True,True,True,False
wifib|device=46|capture=23Jan|frame=2542|row=2291,46,44898,True,True,True,False
wifib|device=46|capture=23Jan|frame=2375|row=2144,46,44751,True,True,True,False
wifib|device=46|capture=23Jan|frame=2571|row=2320,46,44927,True,True,True,False
wifib|device=46|capture=23Jan|frame=2222|row=2009,46,44616,True,True,True,False
wifib|device=46|capture=23Jan|frame=2730|row=2469,46,45076,True,True,True,False
wifib|device=46|capture=23Jan|frame=2555|row=2304,46,44911,True,True,True,False
wifib|device=46|capture=23Jan|frame=2745|row=2484,46,45091,True,True,True,False
wifib|device=46|capture=23Jan|frame=2524|row=2273,46,44880,True,True,True,False
wifib|device=46|capture=23Jan|frame=2263|row=2044,46,44651,True,True,True,False
wifib|device=46|capture=23Jan|frame=2497|row=2246,46,44853,True,True,True,False
wifib|device=46|capture=23Jan|frame=2505|row=2254,46,44861,True,True,True,False
wifib|device=46|capture=23Jan|frame=2433|row=2186,46,44793,True,True,True,False
wifib|device=46|capture=23Jan|frame=2514|row=2263,46,44870,True,True,True,False
wifib|device=46|capture=23Jan|frame=2724|row=2463,46,45070,True,True,True,False
wifib|device=46|capture=23Jan|frame=2393|row=2158,46,44765,True,True,True,False
wifib|device=46|capture=23Jan|frame=2482|row=2231,46,44838,True,True,True,False
wifib|device=46|capture=23Jan|frame=2758|row=2495,46,45102,True,True,True,False
wifib|device=46|capture=23Jan|frame=2600|row=2347,46,44954,True,True,True,False
wifib|device=46|capture=23Jan|frame=2195|row=1982,46,44589,True,True,True,False
wifib|device=46|capture=23Jan|frame=2561|row=2310,46,44917,True,True,True,False
wifib|device=46|capture=23Jan|frame=2540|row=2289,46,44896,True,True,True,False
wifib|device=46|capture=23Jan|frame=2729|row=2468,46,45075,True,True,True,False
wifib|device=46|capture=23Jan|frame=2449|row=2200,46,44807,True,True,True,False
wifib|device=46|capture=23Jan|frame=2478|row=2227,46,44834,True,True,True,False
wifib|device=46|capture=23Jan|frame=2401|row=2162,46,44769,True,True,True,False
wifib|device=46|capture=23Jan|frame=2238|row=2023,46,44630,True,True,True,False
wifib|device=46|capture=23Jan|frame=2384|row=2151,46,44758,True,True,True,False
wifib|device=46|capture=23Jan|frame=2430|row=2183,46,44790,True,True,True,False
wifib|device=46|capture=23Jan|frame=2690|row=2433,46,45040,True,True,True,False
wifib|device=46|capture=23Jan|frame=2235|row=2020,46,44627,True,True,True,False
wifib|device=46|capture=23Jan|frame=2712|row=2451,46,45058,True,True,True,False
wifib|device=46|capture=23Jan|frame=2469|row=2220,46,44827,True,True,True,False
wifib|device=46|capture=23Jan|frame=2659|row=2402,46,45009,True,True,True,False
wifib|device=46|capture=23Jan|frame=2270|row=2051,46,44658,True,True,True,False
wifib|device=46|capture=23Jan|frame=2696|row=2439,46,45046,True,True,True,False
wifib|device=46|capture=23Jan|frame=2327|row=2098,46,44705,True,True,True,False
wifib|device=46|capture=23Jan|frame=2214|row=2001,46,44608,True,True,True,False
wifib|device=46|capture=23Jan|frame=2257|row=2040,46,44647,True,True,True,False
wifib|device=46|capture=23Jan|frame=2457|row=2208,46,44815,True,True,True,False
wifib|device=46|capture=23Jan|frame=2317|row=2088,46,44695,True,True,True,False
wifib|device=46|capture=23Jan|frame=2370|row=2139,46,44746,True,True,True,False
wifib|device=46|capture=23Jan|frame=2198|row=1985,46,44592,True,True,True,False
wifib|device=46|capture=23Jan|frame=2624|row=2371,46,44978,True,True,True,False
wifib|device=46|capture=23Jan|frame=2774|row=2511,46,45118,True,True,True,False
wifib|device=46|capture=23Jan|frame=2763|row=2500,46,45107,True,True,True,False
wifib|device=46|capture=23Jan|frame=2706|row=2445,46,45052,True,True,True,False
wifib|device=46|capture=23Jan|frame=2716|row=2455,46,45062,True,True,True,False
wifib|device=46|capture=23Jan|frame=2215|row=2002,46,44609,True,True,True,False
wifib|device=46|capture=23Jan|frame=2467|row=2218,46,44825,True,True,True,False
wifib|device=46|capture=23Jan|frame=2581|row=2328,46,44935,True,True,True,False
wifib|device=46|capture=23Jan|frame=2753|row=2490,46,45097,True,True,True,False
wifib|device=46|capture=23Jan|frame=2422|row=2177,46,44784,True,True,True,False
wifib|device=46|capture=23Jan|frame=2609|row=2356,46,44963,True,True,True,False
wifib|device=46|capture=23Jan|frame=2593|row=2340,46,44947,True,True,True,False
wifib|device=46|capture=23Jan|frame=2472|row=2223,46,44830,True,True,True,False
wifib|device=46|capture=23Jan|frame=2207|row=1994,46,44601,True,True,True,False
wifib|device=46|capture=23Jan|frame=2232|row=2017,46,44624,True,True,True,False
wifib|device=46|capture=23Jan|frame=2411|row=2168,46,44775,True,True,True,False
wifib|device=46|capture=23Jan|frame=2364|row=2133,46,44740,True,True,True,False
wifib|device=46|capture=23Jan|frame=2778|row=2515,46,45122,True,True,True,False
wifib|device=46|capture=23Jan|frame=2655|row=2400,46,45007,True,True,True,False
wifib|device=46|capture=23Jan|frame=2679|row=2422,46,45029,True,True,True,False
wifib|device=46|capture=23Jan|frame=2647|row=2392,46,44999,True,True,True,False
wifib|device=46|capture=23Jan|frame=2631|row=2378,46,44985,True,True,True,False
wifib|device=46|capture=23Jan|frame=2311|row=2086,46,44693,True,True,True,False
wifib|device=46|capture=23Jan|frame=2459|row=2210,46,44817,True,True,True,False
wifib|device=46|capture=23Jan|frame=2483|row=2232,46,44839,True,True,True,False
wifib|device=46|capture=23Jan|frame=2333|row=2104,46,44711,True,True,True,False
wifib|device=46|capture=23Jan|frame=2334|row=2105,46,44712,True,True,True,False
wifib|device=46|capture=23Jan|frame=2277|row=2058,46,44665,True,True,True,False
wifib|device=46|capture=23Jan|frame=2378|row=2147,46,44754,True,True,True,False
wifib|device=46|capture=23Jan|frame=2554|row=2303,46,44910,True,True,True,False
wifib|device=46|capture=23Jan|frame=2203|row=1990,46,44597,True,True,True,False
