sample_id,device_id,cache_index,chronological_rank,buffer_segment_id,true_label,victim_prediction,victim_confidence,victim_true_confidence,victim_clean_correct,evaluator_prediction,evaluator_confidence,evaluator_true_confidence,evaluator_clean_correct,dual_clean_correct,selected_policy_gate
wifib|device=1|capture=23Jan|frame=2124|row=1856,1,1856,1856,0,0,1,0.560740053653717,0.560740053653717,True,11,0.9027752876281738,0.0648627057671547,False,False,False
wifib|device=1|capture=23Jan|frame=2127|row=1857,1,1857,1857,0,0,11,0.5239830017089844,0.3323062062263489,False,11,0.6475377678871155,0.2939201891422272,False,False,False
wifib|device=1|capture=23Jan|frame=2128|row=1858,1,1858,1858,0,0,1,0.6332777738571167,0.6332777738571167,True,1,0.9796392917633057,0.9796392917633057,True,True,False
wifib|device=1|capture=23Jan|frame=2129|row=1859,1,1859,1859,0,0,1,0.6580955386161804,0.6580955386161804,True,1,0.9816589951515198,0.9816589951515198,True,True,True
wifib|device=1|capture=23Jan|frame=2130|row=1860,1,1860,1860,0,0,1,0.5780911445617676,0.5780911445617676,True,1,0.8681465983390808,0.8681465983390808,True,True,False
wifib|device=1|capture=23Jan|frame=2131|row=1861,1,1861,1861,0,0,1,0.6320858597755432,0.6320858597755432,True,1,0.9826085567474365,0.9826085567474365,True,True,True
wifib|device=1|capture=23Jan|frame=2132|row=1862,1,1862,1862,0,0,1,0.5747599005699158,0.5747599005699158,True,1,0.98607337474823,0.98607337474823,True,True,False
wifib|device=1|capture=23Jan|frame=2133|row=1863,1,1863,1863,0,0,1,0.6922420859336853,0.6922420859336853,True,1,0.9943689703941345,0.9943689703941345,True,True,True
wifib|device=1|capture=23Jan|frame=2134|row=1864,1,1864,1864,0,0,1,0.6071843504905701,0.6071843504905701,True,1,0.9937601685523987,0.9937601685523987,True,True,False
wifib|device=1|capture=23Jan|frame=2135|row=1865,1,1865,1865,0,0,1,0.6270413994789124,0.6270413994789124,True,1,0.9736003875732422,0.9736003875732422,True,True,False
wifib|device=1|capture=23Jan|frame=2136|row=1866,1,1866,1866,0,0,1,0.657829225063324,0.657829225063324,True,1,0.9879561066627502,0.9879561066627502,True,True,True
wifib|device=1|capture=23Jan|frame=2137|row=1867,1,1867,1867,0,0,1,0.6600707769393921,0.6600707769393921,True,1,0.9766814708709717,0.9766814708709717,True,True,False
wifib|device=1|capture=23Jan|frame=2138|row=1868,1,1868,1868,0,0,1,0.599433422088623,0.599433422088623,True,1,0.9673366546630859,0.9673366546630859,True,True,False
wifib|device=1|capture=23Jan|frame=2141|row=1869,1,1869,1869,0,0,1,0.6031876802444458,0.6031876802444458,True,1,0.9665865302085876,0.9665865302085876,True,True,False
wifib|device=1|capture=23Jan|frame=2142|row=1870,1,1870,1870,0,0,1,0.5356037616729736,0.5356037616729736,True,1,0.9600232243537903,0.9600232243537903,True,True,True
wifib|device=1|capture=23Jan|frame=2143|row=1871,1,1871,1871,0,0,1,0.5206288695335388,0.5206288695335388,True,1,0.9922080636024475,0.9922080636024475,True,True,False
wifib|device=1|capture=23Jan|frame=2144|row=1872,1,1872,1872,0,0,1,0.6943496465682983,0.6943496465682983,True,1,0.9838380813598633,0.9838380813598633,True,True,False
wifib|device=1|capture=23Jan|frame=2145|row=1873,1,1873,1873,0,0,1,0.5862983465194702,0.5862983465194702,True,1,0.9842363595962524,0.9842363595962524,True,True,False
wifib|device=1|capture=23Jan|frame=2146|row=1874,1,1874,1874,0,0,1,0.6261273622512817,0.6261273622512817,True,1,0.9919511079788208,0.9919511079788208,True,True,False
wifib|device=1|capture=23Jan|frame=2147|row=1875,1,1875,1875,0,0,1,0.6952780485153198,0.6952780485153198,True,1,0.9927293658256531,0.9927293658256531,True,True,False
wifib|device=1|capture=23Jan|frame=2148|row=1876,1,1876,1876,0,0,1,0.6496465802192688,0.6496465802192688,True,1,0.9728503227233887,0.9728503227233887,True,True,False
wifib|device=1|capture=23Jan|frame=2149|row=1877,1,1877,1877,0,0,1,0.656387209892273,0.656387209892273,True,1,0.9894746541976929,0.9894746541976929,True,True,True
wifib|device=1|capture=23Jan|frame=2150|row=1878,1,1878,1878,0,0,1,0.6463158130645752,0.6463158130645752,True,1,0.989944338798523,0.989944338798523,True,True,False
wifib|device=1|capture=23Jan|frame=2151|row=1879,1,1879,1879,0,0,1,0.5156861543655396,0.5156861543655396,True,1,0.9630013108253479,0.9630013108253479,True,True,True
wifib|device=1|capture=23Jan|frame=2152|row=1880,1,1880,1880,0,0,1,0.5626432299613953,0.5626432299613953,True,1,0.9812846779823303,0.9812846779823303,True,True,False
wifib|device=1|capture=23Jan|frame=2153|row=1881,1,1881,1881,0,0,1,0.6876524090766907,0.6876524090766907,True,1,0.9841874837875366,0.9841874837875366,True,True,False
wifib|device=1|capture=23Jan|frame=2154|row=1882,1,1882,1882,0,0,1,0.7023478150367737,0.7023478150367737,True,1,0.9534399509429932,0.9534399509429932,True,True,False
wifib|device=1|capture=23Jan|frame=2155|row=1883,1,1883,1883,0,0,1,0.5634372234344482,0.5634372234344482,True,1,0.9915462136268616,0.9915462136268616,True,True,True
wifib|device=1|capture=23Jan|frame=2156|row=1884,1,1884,1884,0,0,1,0.666426420211792,0.666426420211792,True,1,0.9782337546348572,0.9782337546348572,True,True,False
wifib|device=1|capture=23Jan|frame=2157|row=1885,1,1885,1885,0,0,1,0.6326857209205627,0.6326857209205627,True,1,0.9881232380867004,0.9881232380867004,True,True,False
wifib|device=1|capture=23Jan|frame=2158|row=1886,1,1886,1886,0,0,1,0.5921236872673035,0.5921236872673035,True,1,0.9367544651031494,0.9367544651031494,True,True,False
wifib|device=1|capture=23Jan|frame=2161|row=1887,1,1887,1887,0,0,1,0.6288303136825562,0.6288303136825562,True,1,0.9466682076454163,0.9466682076454163,True,True,False
wifib|device=1|capture=23Jan|frame=2162|row=1888,1,1888,1888,0,0,1,0.5154901742935181,0.5154901742935181,True,1,0.9885607361793518,0.9885607361793518,True,True,False
wifib|device=1|capture=23Jan|frame=2163|row=1889,1,1889,1889,0,0,1,0.5407288074493408,0.5407288074493408,True,1,0.9136174321174622,0.9136174321174622,True,True,False
wifib|device=1|capture=23Jan|frame=2164|row=1890,1,1890,1890,0,0,1,0.6633239388465881,0.6633239388465881,True,1,0.9862694144248962,0.9862694144248962,True,True,False
wifib|device=1|capture=23Jan|frame=2770|row=2416,1,2416,2416,1,0,1,0.5059936046600342,0.5059936046600342,True,1,0.980119526386261,0.980119526386261,True,True,False
wifib|device=1|capture=23Jan|frame=2771|row=2417,1,2417,2417,1,0,1,0.5691983699798584,0.5691983699798584,True,1,0.9531810283660889,0.9531810283660889,True,True,False
wifib|device=1|capture=23Jan|frame=2772|row=2418,1,2418,2418,1,0,1,0.3860186040401459,0.3860186040401459,True,1,0.9733394384384155,0.9733394384384155,True,True,False
wifib|device=1|capture=23Jan|frame=2773|row=2419,1,2419,2419,1,0,11,0.5642927289009094,0.3269326984882355,False,1,0.9103026390075684,0.9103026390075684,True,False,False
wifib|device=1|capture=23Jan|frame=2774|row=2420,1,2420,2420,1,0,11,0.45608535408973694,0.4521234631538391,False,1,0.9791528582572937,0.9791528582572937,True,False,False
wifib|device=1|capture=23Jan|frame=2775|row=2421,1,2421,2421,1,0,1,0.5220891237258911,0.5220891237258911,True,1,0.8711568713188171,0.8711568713188171,True,True,True
wifib|device=1|capture=23Jan|frame=2776|row=2422,1,2422,2422,1,0,1,0.6475072503089905,0.6475072503089905,True,1,0.982122540473938,0.982122540473938,True,True,False
wifib|device=1|capture=23Jan|frame=2777|row=2423,1,2423,2423,1,0,1,0.5523905158042908,0.5523905158042908,True,1,0.971964418888092,0.971964418888092,True,True,False
wifib|device=1|capture=23Jan|frame=2778|row=2424,1,2424,2424,1,0,1,0.5503706932067871,0.5503706932067871,True,1,0.933194100856781,0.933194100856781,True,True,False
wifib|device=1|capture=23Jan|frame=2779|row=2425,1,2425,2425,1,0,1,0.46244850754737854,0.46244850754737854,True,1,0.9214361310005188,0.9214361310005188,True,True,True
wifib|device=1|capture=23Jan|frame=2780|row=2426,1,2426,2426,1,0,1,0.4923001825809479,0.4923001825809479,True,1,0.9757041931152344,0.9757041931152344,True,True,True
wifib|device=1|capture=23Jan|frame=2781|row=2427,1,2427,2427,1,0,1,0.5505717992782593,0.5505717992782593,True,1,0.9214687347412109,0.9214687347412109,True,True,False
wifib|device=1|capture=23Jan|frame=2782|row=2428,1,2428,2428,1,0,1,0.5476654171943665,0.5476654171943665,True,1,0.9843589067459106,0.9843589067459106,True,True,False
wifib|device=1|capture=23Jan|frame=2783|row=2429,1,2429,2429,1,0,11,0.4526214599609375,0.4240575432777405,False,1,0.5281276702880859,0.5281276702880859,True,False,False
wifib|device=1|capture=23Jan|frame=2784|row=2430,1,2430,2430,1,0,1,0.49701279401779175,0.49701279401779175,True,1,0.8960490822792053,0.8960490822792053,True,True,False
wifib|device=1|capture=23Jan|frame=2785|row=2431,1,2431,2431,1,0,1,0.5653929114341736,0.5653929114341736,True,1,0.9237945675849915,0.9237945675849915,True,True,True
wifib|device=1|capture=23Jan|frame=2786|row=2432,1,2432,2432,1,0,1,0.47850897908210754,0.47850897908210754,True,1,0.9025781154632568,0.9025781154632568,True,True,False
wifib|device=1|capture=23Jan|frame=2787|row=2433,1,2433,2433,1,0,1,0.5468596816062927,0.5468596816062927,True,1,0.8610751628875732,0.8610751628875732,True,True,False
wifib|device=1|capture=23Jan|frame=2788|row=2434,1,2434,2434,1,0,1,0.5325958132743835,0.5325958132743835,True,1,0.9693731069564819,0.9693731069564819,True,True,False
wifib|device=1|capture=23Jan|frame=2789|row=2435,1,2435,2435,1,0,1,0.6213750243186951,0.6213750243186951,True,1,0.9805811643600464,0.9805811643600464,True,True,False
wifib|device=1|capture=23Jan|frame=2790|row=2436,1,2436,2436,1,0,1,0.4451209604740143,0.4451209604740143,True,1,0.9807184934616089,0.9807184934616089,True,True,False
wifib|device=1|capture=23Jan|frame=2791|row=2437,1,2437,2437,1,0,1,0.43775486946105957,0.43775486946105957,True,1,0.9914970993995667,0.9914970993995667,True,True,False
wifib|device=1|capture=23Jan|frame=2792|row=2438,1,2438,2438,1,0,1,0.47872766852378845,0.47872766852378845,True,1,0.9824132919311523,0.9824132919311523,True,True,True
wifib|device=1|capture=23Jan|frame=2793|row=2439,1,2439,2439,1,0,1,0.6299864053726196,0.6299864053726196,True,1,0.9799265265464783,0.9799265265464783,True,True,True
wifib|device=1|capture=23Jan|frame=2794|row=2440,1,2440,2440,1,0,1,0.4954777657985687,0.4954777657985687,True,1,0.9553259015083313,0.9553259015083313,True,True,True
wifib|device=1|capture=23Jan|frame=2795|row=2441,1,2441,2441,1,0,1,0.5751792192459106,0.5751792192459106,True,1,0.8952934741973877,0.8952934741973877,True,True,False
wifib|device=1|capture=23Jan|frame=2796|row=2442,1,2442,2442,1,0,1,0.5551194548606873,0.5551194548606873,True,1,0.8982779383659363,0.8982779383659363,True,True,False
wifib|device=1|capture=23Jan|frame=2799|row=2443,1,2443,2443,1,0,1,0.6073417067527771,0.6073417067527771,True,1,0.9819252490997314,0.9819252490997314,True,True,False
wifib|device=1|capture=23Jan|frame=2800|row=2444,1,2444,2444,1,0,11,0.46273091435432434,0.4424615502357483,False,1,0.9029010534286499,0.9029010534286499,True,False,False
wifib|device=1|capture=23Jan|frame=2801|row=2445,1,2445,2445,1,0,1,0.596714973449707,0.596714973449707,True,1,0.9125392436981201,0.9125392436981201,True,True,False
wifib|device=1|capture=23Jan|frame=2802|row=2446,1,2446,2446,1,0,1,0.4935115575790405,0.4935115575790405,True,1,0.9769544005393982,0.9769544005393982,True,True,True
wifib|device=1|capture=23Jan|frame=2803|row=2447,1,2447,2447,1,0,1,0.57492595911026,0.57492595911026,True,1,0.9203585386276245,0.9203585386276245,True,True,True
wifib|device=1|capture=23Jan|frame=2804|row=2448,1,2448,2448,1,0,1,0.5328717827796936,0.5328717827796936,True,1,0.9094568490982056,0.9094568490982056,True,True,False
wifib|device=1|capture=23Jan|frame=2805|row=2449,1,2449,2449,1,0,1,0.4607715606689453,0.4607715606689453,True,1,0.9831966161727905,0.9831966161727905,True,True,False
wifib|device=1|capture=23Jan|frame=2806|row=2450,1,2450,2450,1,0,1,0.5079184174537659,0.5079184174537659,True,1,0.966336727142334,0.966336727142334,True,True,False
wifib|device=1|capture=23Jan|frame=3379|row=2977,1,2977,2977,2,0,1,0.4732939600944519,0.4732939600944519,True,1,0.9763928651809692,0.9763928651809692,True,True,False
wifib|device=1|capture=23Jan|frame=3380|row=2978,1,2978,2978,2,0,1,0.4566357135772705,0.4566357135772705,True,1,0.8986948132514954,0.8986948132514954,True,True,True
wifib|device=1|capture=23Jan|frame=3381|row=2979,1,2979,2979,2,0,1,0.6294455528259277,0.6294455528259277,True,1,0.8122920989990234,0.8122920989990234,True,True,True
wifib|device=1|capture=23Jan|frame=3382|row=2980,1,2980,2980,2,0,1,0.5827239155769348,0.5827239155769348,True,1,0.7220437526702881,0.7220437526702881,True,True,False
wifib|device=1|capture=23Jan|frame=3383|row=2981,1,2981,2981,2,0,1,0.5586167573928833,0.5586167573928833,True,1,0.9449435472488403,0.9449435472488403,True,True,False
wifib|device=1|capture=23Jan|frame=3384|row=2982,1,2982,2982,2,0,1,0.4704740643501282,0.4704740643501282,True,1,0.979202926158905,0.979202926158905,True,True,True
wifib|device=1|capture=23Jan|frame=3385|row=2983,1,2983,2983,2,0,1,0.5693308711051941,0.5693308711051941,True,1,0.9816696643829346,0.9816696643829346,True,True,False
wifib|device=1|capture=23Jan|frame=3386|row=2984,1,2984,2984,2,0,1,0.5989976525306702,0.5989976525306702,True,1,0.9101144075393677,0.9101144075393677,True,True,True
wifib|device=1|capture=23Jan|frame=3387|row=2985,1,2985,2985,2,0,11,0.49152514338493347,0.4221869707107544,False,1,0.8457562327384949,0.8457562327384949,True,False,False
wifib|device=1|capture=23Jan|frame=3388|row=2986,1,2986,2986,2,0,1,0.48153790831565857,0.48153790831565857,True,1,0.9581600427627563,0.9581600427627563,True,True,False
wifib|device=1|capture=23Jan|frame=3389|row=2987,1,2987,2987,2,0,1,0.4833216667175293,0.4833216667175293,True,1,0.595531165599823,0.595531165599823,True,True,False
wifib|device=1|capture=23Jan|frame=3390|row=2988,1,2988,2988,2,0,1,0.5326587557792664,0.5326587557792664,True,1,0.5602965354919434,0.5602965354919434,True,True,False
wifib|device=1|capture=23Jan|frame=3391|row=2989,1,2989,2989,2,0,1,0.5113067030906677,0.5113067030906677,True,1,0.9628162980079651,0.9628162980079651,True,True,False
wifib|device=1|capture=23Jan|frame=3394|row=2990,1,2990,2990,2,0,1,0.4332336187362671,0.4332336187362671,True,1,0.9707235097885132,0.9707235097885132,True,True,False
wifib|device=1|capture=23Jan|frame=3395|row=2991,1,2991,2991,2,0,11,0.449479877948761,0.3878100514411926,False,1,0.9791959524154663,0.9791959524154663,True,False,False
wifib|device=1|capture=23Jan|frame=3396|row=2992,1,2992,2992,2,0,1,0.5674516558647156,0.5674516558647156,True,1,0.9859446287155151,0.9859446287155151,True,True,True
wifib|device=1|capture=23Jan|frame=3397|row=2993,1,2993,2993,2,0,1,0.4675535261631012,0.4675535261631012,True,1,0.8447932004928589,0.8447932004928589,True,True,True
wifib|device=1|capture=23Jan|frame=3398|row=2994,1,2994,2994,2,0,1,0.6338019967079163,0.6338019967079163,True,1,0.9810540080070496,0.9810540080070496,True,True,False
wifib|device=1|capture=23Jan|frame=3399|row=2995,1,2995,2995,2,0,1,0.3889137804508209,0.3889137804508209,True,1,0.9758942127227783,0.9758942127227783,True,True,False
wifib|device=1|capture=23Jan|frame=3400|row=2996,1,2996,2996,2,0,1,0.45601096749305725,0.45601096749305725,True,1,0.9368205666542053,0.9368205666542053,True,True,True
wifib|device=1|capture=23Jan|frame=3401|row=2997,1,2997,2997,2,0,11,0.4959598779678345,0.4222829341888428,False,1,0.9667690992355347,0.9667690992355347,True,False,False
wifib|device=1|capture=23Jan|frame=3402|row=2998,1,2998,2998,2,0,1,0.6464444994926453,0.6464444994926453,True,1,0.7785696387290955,0.7785696387290955,True,True,False
wifib|device=1|capture=23Jan|frame=3403|row=2999,1,2999,2999,2,0,11,0.41196364164352417,0.3677586615085602,False,1,0.965901792049408,0.965901792049408,True,False,False
wifib|device=1|capture=23Jan|frame=3404|row=3000,1,3000,3000,2,0,1,0.4900248944759369,0.4900248944759369,True,1,0.9243597388267517,0.9243597388267517,True,True,True
wifib|device=1|capture=23Jan|frame=3405|row=3001,1,3001,3001,2,0,1,0.5055574774742126,0.5055574774742126,True,1,0.7926647663116455,0.7926647663116455,True,True,False
wifib|device=1|capture=23Jan|frame=3406|row=3002,1,3002,3002,2,0,1,0.5748189091682434,0.5748189091682434,True,1,0.8376648426055908,0.8376648426055908,True,True,False
wifib|device=1|capture=23Jan|frame=3407|row=3003,1,3003,3003,2,0,1,0.6248635053634644,0.6248635053634644,True,1,0.9308159947395325,0.9308159947395325,True,True,False
wifib|device=1|capture=23Jan|frame=3408|row=3004,1,3004,3004,2,0,1,0.49893641471862793,0.49893641471862793,True,1,0.9004926085472107,0.9004926085472107,True,True,False
wifib|device=1|capture=23Jan|frame=3409|row=3005,1,3005,3005,2,0,1,0.4989979863166809,0.4989979863166809,True,1,0.7785240411758423,0.7785240411758423,True,True,False
wifib|device=1|capture=23Jan|frame=3410|row=3006,1,3006,3006,2,0,1,0.5837718844413757,0.5837718844413757,True,1,0.9837506413459778,0.9837506413459778,True,True,False
wifib|device=1|capture=23Jan|frame=3411|row=3007,1,3007,3007,2,0,1,0.44432514905929565,0.44432514905929565,True,1,0.9516391754150391,0.9516391754150391,True,True,False
wifib|device=1|capture=23Jan|frame=3412|row=3008,1,3008,3008,2,0,1,0.5437935590744019,0.5437935590744019,True,1,0.9134302139282227,0.9134302139282227,True,True,False
wifib|device=1|capture=23Jan|frame=3413|row=3009,1,3009,3009,2,0,1,0.5014275908470154,0.5014275908470154,True,1,0.913061797618866,0.913061797618866,True,True,False
wifib|device=1|capture=23Jan|frame=3414|row=3010,1,3010,3010,2,0,1,0.4978499412536621,0.4978499412536621,True,1,0.9772411584854126,0.9772411584854126,True,True,False
wifib|device=1|capture=23Jan|frame=3415|row=3011,1,3011,3011,2,0,1,0.6055783629417419,0.6055783629417419,True,1,0.9705233573913574,0.9705233573913574,True,True,False
wifib|device=10|capture=23Jan|frame=2080|row=1754,10,5256,1754,0,6,10,0.5725401639938354,0.5725401639938354,True,10,0.963424563407898,0.963424563407898,True,True,True
wifib|device=10|capture=23Jan|frame=2081|row=1755,10,5257,1755,0,6,10,0.5696076154708862,0.5696076154708862,True,10,0.9962983727455139,0.9962983727455139,True,True,False
wifib|device=10|capture=23Jan|frame=2082|row=1756,10,5258,1756,0,6,10,0.5770159959793091,0.5770159959793091,True,10,0.9674028158187866,0.9674028158187866,True,True,False
wifib|device=10|capture=23Jan|frame=2083|row=1757,10,5259,1757,0,6,10,0.630754292011261,0.630754292011261,True,10,0.9921155571937561,0.9921155571937561,True,True,True
wifib|device=10|capture=23Jan|frame=2084|row=1758,10,5260,1758,0,6,10,0.7547577619552612,0.7547577619552612,True,10,0.9664525389671326,0.9664525389671326,True,True,False
wifib|device=10|capture=23Jan|frame=2085|row=1759,10,5261,1759,0,6,10,0.7964489459991455,0.7964489459991455,True,10,0.95061856508255,0.95061856508255,True,True,True
wifib|device=10|capture=23Jan|frame=2086|row=1760,10,5262,1760,0,6,10,0.477500855922699,0.477500855922699,True,10,0.9975599050521851,0.9975599050521851,True,True,False
wifib|device=10|capture=23Jan|frame=2089|row=1761,10,5263,1761,0,6,10,0.6262103319168091,0.6262103319168091,True,10,0.9687396287918091,0.9687396287918091,True,True,True
wifib|device=10|capture=23Jan|frame=2090|row=1762,10,5264,1762,0,6,10,0.5215848684310913,0.5215848684310913,True,10,0.9940248131752014,0.9940248131752014,True,True,False
wifib|device=10|capture=23Jan|frame=2091|row=1763,10,5265,1763,0,6,10,0.7300976514816284,0.7300976514816284,True,10,0.9315179586410522,0.9315179586410522,True,True,False
wifib|device=10|capture=23Jan|frame=2092|row=1764,10,5266,1764,0,6,10,0.5607979893684387,0.5607979893684387,True,10,0.9929249286651611,0.9929249286651611,True,True,False
wifib|device=10|capture=23Jan|frame=2093|row=1765,10,5267,1765,0,6,10,0.6540384888648987,0.6540384888648987,True,10,0.9837654232978821,0.9837654232978821,True,True,False
wifib|device=10|capture=23Jan|frame=2094|row=1766,10,5268,1766,0,6,10,0.7076435089111328,0.7076435089111328,True,10,0.9944004416465759,0.9944004416465759,True,True,True
wifib|device=10|capture=23Jan|frame=2097|row=1767,10,5269,1767,0,6,10,0.5990507006645203,0.5990507006645203,True,10,0.9968107342720032,0.9968107342720032,True,True,False
wifib|device=10|capture=23Jan|frame=2098|row=1768,10,5270,1768,0,6,10,0.7584670782089233,0.7584670782089233,True,10,0.9963351488113403,0.9963351488113403,True,True,False
wifib|device=10|capture=23Jan|frame=2099|row=1769,10,5271,1769,0,6,10,0.6778237223625183,0.6778237223625183,True,10,0.9854224920272827,0.9854224920272827,True,True,False
wifib|device=10|capture=23Jan|frame=2100|row=1770,10,5272,1770,0,6,10,0.7074745297431946,0.7074745297431946,True,10,0.9902071356773376,0.9902071356773376,True,True,True
wifib|device=10|capture=23Jan|frame=2101|row=1771,10,5273,1771,0,6,10,0.6051377654075623,0.6051377654075623,True,10,0.9561065435409546,0.9561065435409546,True,True,True
wifib|device=10|capture=23Jan|frame=2102|row=1772,10,5274,1772,0,6,7,0.3751033842563629,0.32631704211235046,False,10,0.9879734516143799,0.9879734516143799,True,False,False
wifib|device=10|capture=23Jan|frame=2103|row=1773,10,5275,1773,0,6,10,0.7254146337509155,0.7254146337509155,True,10,0.9744981527328491,0.9744981527328491,True,True,False
wifib|device=10|capture=23Jan|frame=2104|row=1774,10,5276,1774,0,6,10,0.5969218015670776,0.5969218015670776,True,10,0.9972739815711975,0.9972739815711975,True,True,False
wifib|device=10|capture=23Jan|frame=2105|row=1775,10,5277,1775,0,6,7,0.39135435223579407,0.3723486661911011,False,10,0.981196403503418,0.981196403503418,True,False,False
wifib|device=10|capture=23Jan|frame=2106|row=1776,10,5278,1776,0,6,10,0.5945111513137817,0.5945111513137817,True,10,0.9948374629020691,0.9948374629020691,True,True,False
wifib|device=10|capture=23Jan|frame=2107|row=1777,10,5279,1777,0,6,10,0.5391532182693481,0.5391532182693481,True,10,0.9286673069000244,0.9286673069000244,True,True,False
wifib|device=10|capture=23Jan|frame=2108|row=1778,10,5280,1778,0,6,7,0.44830554723739624,0.2629941403865814,False,10,0.9075927734375,0.9075927734375,True,False,False
wifib|device=10|capture=23Jan|frame=2111|row=1779,10,5281,1779,0,6,7,0.3825511932373047,0.26633787155151367,False,10,0.9963459372520447,0.9963459372520447,True,False,False
wifib|device=10|capture=23Jan|frame=2112|row=1780,10,5282,1780,0,6,7,0.5133463144302368,0.21924874186515808,False,10,0.9794424176216125,0.9794424176216125,True,False,False
wifib|device=10|capture=23Jan|frame=2113|row=1781,10,5283,1781,0,6,10,0.40138185024261475,0.40138185024261475,True,10,0.9956790804862976,0.9956790804862976,True,True,True
wifib|device=10|capture=23Jan|frame=2114|row=1782,10,5284,1782,0,6,7,0.4260713756084442,0.40555793046951294,False,10,0.9963786005973816,0.9963786005973816,True,False,False
wifib|device=10|capture=23Jan|frame=2115|row=1783,10,5285,1783,0,6,10,0.4286693036556244,0.4286693036556244,True,10,0.9943150877952576,0.9943150877952576,True,True,False
wifib|device=10|capture=23Jan|frame=2116|row=1784,10,5286,1784,0,6,10,0.4736875593662262,0.4736875593662262,True,10,0.9966895580291748,0.9966895580291748,True,True,False
wifib|device=10|capture=23Jan|frame=2117|row=1785,10,5287,1785,0,6,10,0.5717015266418457,0.5717015266418457,True,10,0.9954147338867188,0.9954147338867188,True,True,False
wifib|device=10|capture=23Jan|frame=2120|row=1786,10,5288,1786,0,6,10,0.6068142056465149,0.6068142056465149,True,10,0.9826557636260986,0.9826557636260986,True,True,False
wifib|device=10|capture=23Jan|frame=2730|row=2284,10,5786,2284,1,6,10,0.8310026526451111,0.8310026526451111,True,10,0.912765383720398,0.912765383720398,True,True,False
wifib|device=10|capture=23Jan|frame=2731|row=2285,10,5787,2285,1,6,10,0.7353425025939941,0.7353425025939941,True,10,0.9915789365768433,0.9915789365768433,True,True,True
wifib|device=10|capture=23Jan|frame=2732|row=2286,10,5788,2286,1,6,10,0.8562781810760498,0.8562781810760498,True,10,0.992997407913208,0.992997407913208,True,True,False
wifib|device=10|capture=23Jan|frame=2733|row=2287,10,5789,2287,1,6,10,0.8056236505508423,0.8056236505508423,True,10,0.9676058888435364,0.9676058888435364,True,True,False
wifib|device=10|capture=23Jan|frame=2734|row=2288,10,5790,2288,1,6,10,0.7763751745223999,0.7763751745223999,True,10,0.9918172955513,0.9918172955513,True,True,True
wifib|device=10|capture=23Jan|frame=2735|row=2289,10,5791,2289,1,6,10,0.7406519055366516,0.7406519055366516,True,10,0.9969056248664856,0.9969056248664856,True,True,False
wifib|device=10|capture=23Jan|frame=2736|row=2290,10,5792,2290,1,6,10,0.8176080584526062,0.8176080584526062,True,10,0.9905701875686646,0.9905701875686646,True,True,False
wifib|device=10|capture=23Jan|frame=2737|row=2291,10,5793,2291,1,6,10,0.8533147573471069,0.8533147573471069,True,10,0.9803289175033569,0.9803289175033569,True,True,False
wifib|device=10|capture=23Jan|frame=2738|row=2292,10,5794,2292,1,6,10,0.863020658493042,0.863020658493042,True,10,0.9934273958206177,0.9934273958206177,True,True,False
wifib|device=10|capture=23Jan|frame=2739|row=2293,10,5795,2293,1,6,10,0.8238117098808289,0.8238117098808289,True,10,0.8970521092414856,0.8970521092414856,True,True,False
wifib|device=10|capture=23Jan|frame=2740|row=2294,10,5796,2294,1,6,10,0.7960075736045837,0.7960075736045837,True,10,0.9497184753417969,0.9497184753417969,True,True,True
wifib|device=10|capture=23Jan|frame=2741|row=2295,10,5797,2295,1,6,10,0.8013652563095093,0.8013652563095093,True,10,0.9942134022712708,0.9942134022712708,True,True,False
wifib|device=10|capture=23Jan|frame=2744|row=2296,10,5798,2296,1,6,10,0.8872851729393005,0.8872851729393005,True,10,0.8826449513435364,0.8826449513435364,True,True,False
wifib|device=10|capture=23Jan|frame=2745|row=2297,10,5799,2297,1,6,10,0.8967472910881042,0.8967472910881042,True,10,0.9134776592254639,0.9134776592254639,True,True,False
wifib|device=10|capture=23Jan|frame=2746|row=2298,10,5800,2298,1,6,10,0.6315481066703796,0.6315481066703796,True,10,0.9828725457191467,0.9828725457191467,True,True,False
wifib|device=10|capture=23Jan|frame=2747|row=2299,10,5801,2299,1,6,10,0.8179699182510376,0.8179699182510376,True,10,0.9303050637245178,0.9303050637245178,True,True,True
wifib|device=10|capture=23Jan|frame=2748|row=2300,10,5802,2300,1,6,10,0.6107187867164612,0.6107187867164612,True,10,0.9906889200210571,0.9906889200210571,True,True,False
wifib|device=10|capture=23Jan|frame=2749|row=2301,10,5803,2301,1,6,10,0.8848332166671753,0.8848332166671753,True,10,0.9609565734863281,0.9609565734863281,True,True,False
wifib|device=10|capture=23Jan|frame=2750|row=2302,10,5804,2302,1,6,10,0.9310858845710754,0.9310858845710754,True,10,0.9450036287307739,0.9450036287307739,True,True,False
wifib|device=10|capture=23Jan|frame=2751|row=2303,10,5805,2303,1,6,10,0.8058430552482605,0.8058430552482605,True,10,0.9968494772911072,0.9968494772911072,True,True,False
wifib|device=10|capture=23Jan|frame=2756|row=2304,10,5806,2304,1,6,10,0.6566570401191711,0.6566570401191711,True,10,0.8204115629196167,0.8204115629196167,True,True,False
wifib|device=10|capture=23Jan|frame=2757|row=2305,10,5807,2305,1,6,10,0.8491055965423584,0.8491055965423584,True,10,0.9714592695236206,0.9714592695236206,True,True,False
wifib|device=10|capture=23Jan|frame=2758|row=2306,10,5808,2306,1,6,10,0.8593695759773254,0.8593695759773254,True,10,0.9670888781547546,0.9670888781547546,True,True,True
wifib|device=10|capture=23Jan|frame=2759|row=2307,10,5809,2307,1,6,10,0.678863525390625,0.678863525390625,True,10,0.9027978181838989,0.9027978181838989,True,True,False
wifib|device=10|capture=23Jan|frame=2760|row=2308,10,5810,2308,1,6,10,0.825434684753418,0.825434684753418,True,10,0.9941755533218384,0.9941755533218384,True,True,True
wifib|device=10|capture=23Jan|frame=2761|row=2309,10,5811,2309,1,6,10,0.8227218985557556,0.8227218985557556,True,10,0.9907302260398865,0.9907302260398865,True,True,False
wifib|device=10|capture=23Jan|frame=2762|row=2310,10,5812,2310,1,6,10,0.7284625172615051,0.7284625172615051,True,10,0.9925064444541931,0.9925064444541931,True,True,True
wifib|device=10|capture=23Jan|frame=2763|row=2311,10,5813,2311,1,6,10,0.8248082399368286,0.8248082399368286,True,10,0.9947364926338196,0.9947364926338196,True,True,False
wifib|device=10|capture=23Jan|frame=2764|row=2312,10,5814,2312,1,6,10,0.8790137767791748,0.8790137767791748,True,10,0.9812581539154053,0.9812581539154053,True,True,False
wifib|device=10|capture=23Jan|frame=2767|row=2313,10,5815,2313,1,6,10,0.7790224552154541,0.7790224552154541,True,10,0.9288637042045593,0.9288637042045593,True,True,True
wifib|device=10|capture=23Jan|frame=2768|row=2314,10,5816,2314,1,6,10,0.7222416996955872,0.7222416996955872,True,10,0.9447162747383118,0.9447162747383118,True,True,False
wifib|device=10|capture=23Jan|frame=2769|row=2315,10,5817,2315,1,6,10,0.8266518712043762,0.8266518712043762,True,10,0.9106935858726501,0.9106935858726501,True,True,True
wifib|device=10|capture=23Jan|frame=2770|row=2316,10,5818,2316,1,6,10,0.7730348110198975,0.7730348110198975,True,10,0.9557127356529236,0.9557127356529236,True,True,False
wifib|device=10|capture=23Jan|frame=3387|row=2814,10,6316,2814,2,6,10,0.9030745625495911,0.9030745625495911,True,10,0.7709157466888428,0.7709157466888428,True,True,True
wifib|device=10|capture=23Jan|frame=3388|row=2815,10,6317,2815,2,6,10,0.7548116445541382,0.7548116445541382,True,10,0.7305170893669128,0.7305170893669128,True,True,False
wifib|device=10|capture=23Jan|frame=3389|row=2816,10,6318,2816,2,6,10,0.8288799524307251,0.8288799524307251,True,10,0.8974692225456238,0.8974692225456238,True,True,False
wifib|device=10|capture=23Jan|frame=3390|row=2817,10,6319,2817,2,6,10,0.7293064594268799,0.7293064594268799,True,10,0.9941073656082153,0.9941073656082153,True,True,True
wifib|device=10|capture=23Jan|frame=3393|row=2818,10,6320,2818,2,6,10,0.7614413499832153,0.7614413499832153,True,10,0.9858967661857605,0.9858967661857605,True,True,True
wifib|device=10|capture=23Jan|frame=3394|row=2819,10,6321,2819,2,6,10,0.7293602824211121,0.7293602824211121,True,10,0.9718179106712341,0.9718179106712341,True,True,True
wifib|device=10|capture=23Jan|frame=3395|row=2820,10,6322,2820,2,6,10,0.7037656307220459,0.7037656307220459,True,10,0.893551230430603,0.893551230430603,True,True,False
wifib|device=10|capture=23Jan|frame=3396|row=2821,10,6323,2821,2,6,10,0.8193036913871765,0.8193036913871765,True,10,0.9747282862663269,0.9747282862663269,True,True,False
wifib|device=10|capture=23Jan|frame=3397|row=2822,10,6324,2822,2,6,10,0.7040630578994751,0.7040630578994751,True,10,0.6995171904563904,0.6995171904563904,True,True,True
wifib|device=10|capture=23Jan|frame=3398|row=2823,10,6325,2823,2,6,10,0.7085465788841248,0.7085465788841248,True,10,0.9892371296882629,0.9892371296882629,True,True,False
wifib|device=10|capture=23Jan|frame=3399|row=2824,10,6326,2824,2,6,10,0.8861757516860962,0.8861757516860962,True,10,0.8495351076126099,0.8495351076126099,True,True,False
wifib|device=10|capture=23Jan|frame=3400|row=2825,10,6327,2825,2,6,10,0.833093523979187,0.833093523979187,True,10,0.9847127199172974,0.9847127199172974,True,True,False
wifib|device=10|capture=23Jan|frame=3403|row=2826,10,6328,2826,2,6,10,0.856304943561554,0.856304943561554,True,10,0.9209224581718445,0.9209224581718445,True,True,False
wifib|device=10|capture=23Jan|frame=3404|row=2827,10,6329,2827,2,6,10,0.8142057657241821,0.8142057657241821,True,10,0.846417248249054,0.846417248249054,True,True,True
wifib|device=10|capture=23Jan|frame=3407|row=2828,10,6330,2828,2,6,10,0.7953299880027771,0.7953299880027771,True,10,0.9845447540283203,0.9845447540283203,True,True,False
wifib|device=10|capture=23Jan|frame=3408|row=2829,10,6331,2829,2,6,10,0.6957975625991821,0.6957975625991821,True,10,0.9849017262458801,0.9849017262458801,True,True,False
wifib|device=10|capture=23Jan|frame=3409|row=2830,10,6332,2830,2,6,10,0.8769004940986633,0.8769004940986633,True,10,0.9920949339866638,0.9920949339866638,True,True,False
wifib|device=10|capture=23Jan|frame=3412|row=2831,10,6333,2831,2,6,10,0.8374205231666565,0.8374205231666565,True,10,0.9275497794151306,0.9275497794151306,True,True,True
wifib|device=10|capture=23Jan|frame=3413|row=2832,10,6334,2832,2,6,10,0.7970370650291443,0.7970370650291443,True,10,0.9716542363166809,0.9716542363166809,True,True,True
wifib|device=10|capture=23Jan|frame=3414|row=2833,10,6335,2833,2,6,10,0.8891366720199585,0.8891366720199585,True,10,0.7256795763969421,0.7256795763969421,True,True,False
wifib|device=10|capture=23Jan|frame=3415|row=2834,10,6336,2834,2,6,10,0.7934964299201965,0.7934964299201965,True,10,0.9844750165939331,0.9844750165939331,True,True,False
wifib|device=10|capture=23Jan|frame=3416|row=2835,10,6337,2835,2,6,10,0.8778576254844666,0.8778576254844666,True,10,0.9949538111686707,0.9949538111686707,True,True,False
wifib|device=10|capture=23Jan|frame=3417|row=2836,10,6338,2836,2,6,10,0.7704128623008728,0.7704128623008728,True,10,0.9757068157196045,0.9757068157196045,True,True,False
wifib|device=10|capture=23Jan|frame=3418|row=2837,10,6339,2837,2,6,10,0.7280594110488892,0.7280594110488892,True,10,0.9871166348457336,0.9871166348457336,True,True,False
wifib|device=10|capture=23Jan|frame=3419|row=2838,10,6340,2838,2,6,10,0.7547560930252075,0.7547560930252075,True,10,0.9903140664100647,0.9903140664100647,True,True,False
wifib|device=10|capture=23Jan|frame=3420|row=2839,10,6341,2839,2,6,10,0.8243963718414307,0.8243963718414307,True,10,0.9528314471244812,0.9528314471244812,True,True,False
wifib|device=10|capture=23Jan|frame=3421|row=2840,10,6342,2840,2,6,10,0.7180147767066956,0.7180147767066956,True,10,0.7106572985649109,0.7106572985649109,True,True,False
wifib|device=10|capture=23Jan|frame=3422|row=2841,10,6343,2841,2,6,10,0.7234873175621033,0.7234873175621033,True,10,0.9839904308319092,0.9839904308319092,True,True,False
wifib|device=10|capture=23Jan|frame=3425|row=2842,10,6344,2842,2,6,10,0.8772385120391846,0.8772385120391846,True,10,0.9864556789398193,0.9864556789398193,True,True,False
wifib|device=10|capture=23Jan|frame=3426|row=2843,10,6345,2843,2,6,10,0.9365296959877014,0.9365296959877014,True,10,0.8792593479156494,0.8792593479156494,True,True,False
wifib|device=10|capture=23Jan|frame=3427|row=2844,10,6346,2844,2,6,10,0.76153165102005,0.76153165102005,True,10,0.9657756090164185,0.9657756090164185,True,True,False
wifib|device=10|capture=23Jan|frame=3430|row=2845,10,6347,2845,2,6,10,0.7873691916465759,0.7873691916465759,True,10,0.990218460559845,0.990218460559845,True,True,False
wifib|device=10|capture=23Jan|frame=3431|row=2846,10,6348,2846,2,6,10,0.8753185868263245,0.8753185868263245,True,10,0.9824227094650269,0.9824227094650269,True,True,False
wifib|device=11|capture=23Jan|frame=2143|row=1878,11,8690,1878,0,7,41,0.512807309627533,0.09623094648122787,False,11,0.9930550456047058,0.9930550456047058,True,False,False
wifib|device=11|capture=23Jan|frame=2144|row=1879,11,8691,1879,0,7,41,0.5892814993858337,0.14047139883041382,False,11,0.9924275279045105,0.9924275279045105,True,False,False
wifib|device=11|capture=23Jan|frame=2145|row=1880,11,8692,1880,0,7,41,0.5150441527366638,0.06582146883010864,False,11,0.9927657842636108,0.9927657842636108,True,False,False
wifib|device=11|capture=23Jan|frame=2146|row=1881,11,8693,1881,0,7,43,0.6470823287963867,0.028860529884696007,False,11,0.9908415079116821,0.9908415079116821,True,False,False
wifib|device=11|capture=23Jan|frame=2151|row=1882,11,8694,1882,0,7,41,0.29692086577415466,0.12309928238391876,False,11,0.9892933368682861,0.9892933368682861,True,False,False
wifib|device=11|capture=23Jan|frame=2152|row=1883,11,8695,1883,0,7,41,0.3654608726501465,0.04929560795426369,False,11,0.9246858954429626,0.9246858954429626,True,False,False
wifib|device=11|capture=23Jan|frame=2153|row=1884,11,8696,1884,0,7,43,0.5633920431137085,0.03923124819993973,False,11,0.9903297424316406,0.9903297424316406,True,False,False
wifib|device=11|capture=23Jan|frame=2154|row=1885,11,8697,1885,0,7,10,0.2853122055530548,0.04608497396111488,False,11,0.9887949228286743,0.9887949228286743,True,False,False
wifib|device=11|capture=23Jan|frame=2155|row=1886,11,8698,1886,0,7,43,0.4279097020626068,0.06337697058916092,False,11,0.9853373169898987,0.9853373169898987,True,False,False
wifib|device=11|capture=23Jan|frame=2158|row=1887,11,8699,1887,0,7,10,0.3541329801082611,0.1047329381108284,False,11,0.9949784874916077,0.9949784874916077,True,False,False
wifib|device=11|capture=23Jan|frame=2159|row=1888,11,8700,1888,0,7,43,0.5447983741760254,0.06001821532845497,False,11,0.9907218217849731,0.9907218217849731,True,False,False
wifib|device=11|capture=23Jan|frame=2160|row=1889,11,8701,1889,0,7,43,0.2399819940328598,0.02001335285604,False,11,0.9878530502319336,0.9878530502319336,True,False,False
wifib|device=11|capture=23Jan|frame=2161|row=1890,11,8702,1890,0,7,41,0.28679120540618896,0.20712710916996002,False,11,0.9941798448562622,0.9941798448562622,True,False,False
wifib|device=11|capture=23Jan|frame=2162|row=1891,11,8703,1891,0,7,43,0.35250768065452576,0.03856087103486061,False,11,0.9867063164710999,0.9867063164710999,True,False,False
wifib|device=11|capture=23Jan|frame=2163|row=1892,11,8704,1892,0,7,43,0.5883294939994812,0.030428089201450348,False,11,0.9860697984695435,0.9860697984695435,True,False,False
wifib|device=11|capture=23Jan|frame=2164|row=1893,11,8705,1893,0,7,41,0.49039778113365173,0.156551793217659,False,11,0.9933390021324158,0.9933390021324158,True,False,False
wifib|device=11|capture=23Jan|frame=2165|row=1894,11,8706,1894,0,7,41,0.38638755679130554,0.07623428106307983,False,11,0.9834738373756409,0.9834738373756409,True,False,False
wifib|device=11|capture=23Jan|frame=2166|row=1895,11,8707,1895,0,7,43,0.41346806287765503,0.08435174077749252,False,11,0.9875734448432922,0.9875734448432922,True,False,False
wifib|device=11|capture=23Jan|frame=2167|row=1896,11,8708,1896,0,7,41,0.3485819101333618,0.07573419064283371,False,11,0.9853473901748657,0.9853473901748657,True,False,False
wifib|device=11|capture=23Jan|frame=2168|row=1897,11,8709,1897,0,7,43,0.39495402574539185,0.1416151523590088,False,11,0.9907495379447937,0.9907495379447937,True,False,False
wifib|device=11|capture=23Jan|frame=2169|row=1898,11,8710,1898,0,7,43,0.37034308910369873,0.05376644805073738,False,11,0.9933419823646545,0.9933419823646545,True,False,False
wifib|device=11|capture=23Jan|frame=2170|row=1899,11,8711,1899,0,7,41,0.3543752431869507,0.04634726792573929,False,11,0.982089638710022,0.982089638710022,True,False,False
wifib|device=11|capture=23Jan|frame=2171|row=1900,11,8712,1900,0,7,41,0.5027703046798706,0.04958612099289894,False,11,0.988095760345459,0.988095760345459,True,False,False
wifib|device=11|capture=23Jan|frame=2172|row=1901,11,8713,1901,0,7,43,0.6654231548309326,0.01613745465874672,False,11,0.991269588470459,0.991269588470459,True,False,False
wifib|device=11|capture=23Jan|frame=2173|row=1902,11,8714,1902,0,7,43,0.39931702613830566,0.0396539606153965,False,11,0.9875869750976562,0.9875869750976562,True,False,False
wifib|device=11|capture=23Jan|frame=2174|row=1903,11,8715,1903,0,7,41,0.5432431697845459,0.03942807763814926,False,11,0.9773054122924805,0.9773054122924805,True,False,False
wifib|device=11|capture=23Jan|frame=2175|row=1904,11,8716,1904,0,7,41,0.5031947493553162,0.07425037771463394,False,11,0.9684160947799683,0.9684160947799683,True,False,False
wifib|device=11|capture=23Jan|frame=2176|row=1905,11,8717,1905,0,7,43,0.35447606444358826,0.042811546474695206,False,11,0.9817610383033752,0.9817610383033752,True,False,False
wifib|device=11|capture=23Jan|frame=2177|row=1906,11,8718,1906,0,7,10,0.282604843378067,0.07714438438415527,False,11,0.9851497411727905,0.9851497411727905,True,False,False
wifib|device=11|capture=23Jan|frame=2178|row=1907,11,8719,1907,0,7,10,0.3474133610725403,0.15826581418514252,False,11,0.9946383833885193,0.9946383833885193,True,False,False
wifib|device=11|capture=23Jan|frame=2179|row=1908,11,8720,1908,0,7,10,0.251799613237381,0.07042490690946579,False,11,0.9821962118148804,0.9821962118148804,True,False,False
wifib|device=11|capture=23Jan|frame=2180|row=1909,11,8721,1909,0,7,10,0.4484225809574127,0.0399024523794651,False,11,0.9879733324050903,0.9879733324050903,True,False,False
wifib|device=11|capture=23Jan|frame=2181|row=1910,11,8722,1910,0,7,43,0.3783290386199951,0.059968844056129456,False,11,0.9822103977203369,0.9822103977203369,True,False,False
wifib|device=11|capture=23Jan|frame=2182|row=1911,11,8723,1911,0,7,10,0.46419936418533325,0.07906787842512131,False,11,0.9715386033058167,0.9715386033058167,True,False,False
wifib|device=11|capture=23Jan|frame=2183|row=1912,11,8724,1912,0,7,8,0.22052887082099915,0.09465543180704117,False,11,0.9914060831069946,0.9914060831069946,True,False,False
wifib|device=11|capture=23Jan|frame=2783|row=2445,11,9257,2445,1,7,1,0.5881198048591614,0.2564712464809418,False,11,0.98554927110672,0.98554927110672,True,False,False
wifib|device=11|capture=23Jan|frame=2784|row=2446,11,9258,2446,1,7,1,0.5920994281768799,0.22235091030597687,False,11,0.9899159073829651,0.9899159073829651,True,False,False
wifib|device=11|capture=23Jan|frame=2785|row=2447,11,9259,2447,1,7,1,0.5061635375022888,0.4080738425254822,False,11,0.9925273656845093,0.9925273656845093,True,False,False
wifib|device=11|capture=23Jan|frame=2786|row=2448,11,9260,2448,1,7,1,0.5595200061798096,0.2614838182926178,False,11,0.9940959215164185,0.9940959215164185,True,False,False
wifib|device=11|capture=23Jan|frame=2787|row=2449,11,9261,2449,1,7,1,0.5479217767715454,0.35982590913772583,False,11,0.9949186444282532,0.9949186444282532,True,False,False
wifib|device=11|capture=23Jan|frame=2788|row=2450,11,9262,2450,1,7,1,0.569313645362854,0.294893741607666,False,11,0.9899646639823914,0.9899646639823914,True,False,False
wifib|device=11|capture=23Jan|frame=2789|row=2451,11,9263,2451,1,7,1,0.6147027611732483,0.2526175379753113,False,11,0.9959028363227844,0.9959028363227844,True,False,False
wifib|device=11|capture=23Jan|frame=2790|row=2452,11,9264,2452,1,7,1,0.6593095064163208,0.19247691333293915,False,11,0.9899364709854126,0.9899364709854126,True,False,False
wifib|device=11|capture=23Jan|frame=2791|row=2453,11,9265,2453,1,7,1,0.5000156760215759,0.36612293124198914,False,11,0.9855748414993286,0.9855748414993286,True,False,False
wifib|device=11|capture=23Jan|frame=2792|row=2454,11,9266,2454,1,7,1,0.5717213749885559,0.3128528892993927,False,11,0.9935979843139648,0.9935979843139648,True,False,False
wifib|device=11|capture=23Jan|frame=2793|row=2455,11,9267,2455,1,7,1,0.5517115592956543,0.2560660243034363,False,11,0.9909778833389282,0.9909778833389282,True,False,False
wifib|device=11|capture=23Jan|frame=2794|row=2456,11,9268,2456,1,7,1,0.646172046661377,0.18998582661151886,False,11,0.9890689253807068,0.9890689253807068,True,False,False
wifib|device=11|capture=23Jan|frame=2795|row=2457,11,9269,2457,1,7,1,0.6183849573135376,0.2488105446100235,False,11,0.989186704158783,0.989186704158783,True,False,False
wifib|device=11|capture=23Jan|frame=2796|row=2458,11,9270,2458,1,7,1,0.5631651282310486,0.26210474967956543,False,11,0.9862132668495178,0.9862132668495178,True,False,False
wifib|device=11|capture=23Jan|frame=2797|row=2459,11,9271,2459,1,7,1,0.6018381714820862,0.21126678586006165,False,11,0.9899328947067261,0.9899328947067261,True,False,False
wifib|device=11|capture=23Jan|frame=2798|row=2460,11,9272,2460,1,7,1,0.6133041381835938,0.20973868668079376,False,11,0.9872730374336243,0.9872730374336243,True,False,False
wifib|device=11|capture=23Jan|frame=2799|row=2461,11,9273,2461,1,7,1,0.5766212344169617,0.3015013039112091,False,11,0.9920110106468201,0.9920110106468201,True,False,False
wifib|device=11|capture=23Jan|frame=2800|row=2462,11,9274,2462,1,7,1,0.5880123972892761,0.28908225893974304,False,11,0.9898183941841125,0.9898183941841125,True,False,False
wifib|device=11|capture=23Jan|frame=2801|row=2463,11,9275,2463,1,7,1,0.5979787111282349,0.2428026646375656,False,11,0.9621009230613708,0.9621009230613708,True,False,False
wifib|device=11|capture=23Jan|frame=2802|row=2464,11,9276,2464,1,7,1,0.6366727352142334,0.23435835540294647,False,11,0.9863989353179932,0.9863989353179932,True,False,False
wifib|device=11|capture=23Jan|frame=2803|row=2465,11,9277,2465,1,7,1,0.5752781629562378,0.2784614562988281,False,11,0.9942374229431152,0.9942374229431152,True,False,False
wifib|device=11|capture=23Jan|frame=2804|row=2466,11,9278,2466,1,7,1,0.48351237177848816,0.37769973278045654,False,11,0.9771109819412231,0.9771109819412231,True,False,False
wifib|device=11|capture=23Jan|frame=2805|row=2467,11,9279,2467,1,7,1,0.6105122566223145,0.24697689712047577,False,11,0.9929971098899841,0.9929971098899841,True,False,False
wifib|device=11|capture=23Jan|frame=2806|row=2468,11,9280,2468,1,7,1,0.46392133831977844,0.4607931077480316,False,11,0.993615984916687,0.993615984916687,True,False,False
wifib|device=11|capture=23Jan|frame=2809|row=2469,11,9281,2469,1,7,1,0.4620267152786255,0.3892289698123932,False,11,0.9876787066459656,0.9876787066459656,True,False,False
wifib|device=11|capture=23Jan|frame=2810|row=2470,11,9282,2470,1,7,1,0.48445478081703186,0.32753849029541016,False,11,0.9870581030845642,0.9870581030845642,True,False,False
wifib|device=11|capture=23Jan|frame=2811|row=2471,11,9283,2471,1,7,1,0.6005685329437256,0.2237294614315033,False,11,0.9863415360450745,0.9863415360450745,True,False,False
wifib|device=11|capture=23Jan|frame=2812|row=2472,11,9284,2472,1,7,1,0.4584640860557556,0.4192008078098297,False,11,0.9706121683120728,0.9706121683120728,True,False,False
wifib|device=11|capture=23Jan|frame=2813|row=2473,11,9285,2473,1,7,1,0.5756810903549194,0.25074803829193115,False,11,0.9910178184509277,0.9910178184509277,True,False,False
wifib|device=11|capture=23Jan|frame=2814|row=2474,11,9286,2474,1,7,1,0.5355923175811768,0.3842131495475769,False,11,0.9964034557342529,0.9964034557342529,True,False,False
wifib|device=11|capture=23Jan|frame=2815|row=2475,11,9287,2475,1,7,1,0.44020065665245056,0.3978135287761688,False,11,0.9926307201385498,0.9926307201385498,True,False,False
wifib|device=11|capture=23Jan|frame=2816|row=2476,11,9288,2476,1,7,1,0.5410387516021729,0.3097854554653168,False,11,0.9851926565170288,0.9851926565170288,True,False,False
wifib|device=11|capture=23Jan|frame=2817|row=2477,11,9289,2477,1,7,1,0.6102247834205627,0.2444910854101181,False,11,0.9796446561813354,0.9796446561813354,True,False,False
wifib|device=11|capture=23Jan|frame=2818|row=2478,11,9290,2478,1,7,1,0.5087551474571228,0.3813977539539337,False,11,0.994769275188446,0.994769275188446,True,False,False
wifib|device=11|capture=23Jan|frame=2819|row=2479,11,9291,2479,1,7,1,0.5859573483467102,0.2935902178287506,False,11,0.9804984927177429,0.9804984927177429,True,False,False
wifib|device=11|capture=23Jan|frame=3420|row=3012,11,9824,3012,2,7,11,0.449265718460083,0.449265718460083,True,11,0.9911072850227356,0.9911072850227356,True,True,True
wifib|device=11|capture=23Jan|frame=3421|row=3013,11,9825,3013,2,7,11,0.6272791028022766,0.6272791028022766,True,11,0.9917538166046143,0.9917538166046143,True,True,True
wifib|device=11|capture=23Jan|frame=3422|row=3014,11,9826,3014,2,7,11,0.530580461025238,0.530580461025238,True,11,0.9835187196731567,0.9835187196731567,True,True,True
wifib|device=11|capture=23Jan|frame=3423|row=3015,11,9827,3015,2,7,11,0.5180875658988953,0.5180875658988953,True,11,0.9742903709411621,0.9742903709411621,True,True,True
wifib|device=11|capture=23Jan|frame=3424|row=3016,11,9828,3016,2,7,11,0.40726274251937866,0.40726274251937866,True,11,0.993922770023346,0.993922770023346,True,True,True
wifib|device=11|capture=23Jan|frame=3425|row=3017,11,9829,3017,2,7,11,0.6824416518211365,0.6824416518211365,True,11,0.9913837909698486,0.9913837909698486,True,True,True
wifib|device=11|capture=23Jan|frame=3426|row=3018,11,9830,3018,2,7,11,0.5637751817703247,0.5637751817703247,True,11,0.9934794902801514,0.9934794902801514,True,True,True
wifib|device=11|capture=23Jan|frame=3427|row=3019,11,9831,3019,2,7,11,0.4876174032688141,0.4876174032688141,True,11,0.9899625182151794,0.9899625182151794,True,True,True
wifib|device=11|capture=23Jan|frame=3428|row=3020,11,9832,3020,2,7,11,0.49588969349861145,0.49588969349861145,True,11,0.9859499335289001,0.9859499335289001,True,True,True
wifib|device=11|capture=23Jan|frame=3429|row=3021,11,9833,3021,2,7,11,0.4346027374267578,0.4346027374267578,True,11,0.9874824285507202,0.9874824285507202,True,True,True
wifib|device=11|capture=23Jan|frame=3430|row=3022,11,9834,3022,2,7,1,0.4288768768310547,0.39699214696884155,False,11,0.9887275695800781,0.9887275695800781,True,False,False
wifib|device=11|capture=23Jan|frame=3431|row=3023,11,9835,3023,2,7,11,0.4566563367843628,0.4566563367843628,True,11,0.98734450340271,0.98734450340271,True,True,True
wifib|device=11|capture=23Jan|frame=3432|row=3024,11,9836,3024,2,7,11,0.4518864154815674,0.4518864154815674,True,11,0.9372678399085999,0.9372678399085999,True,True,True
wifib|device=11|capture=23Jan|frame=3433|row=3025,11,9837,3025,2,7,11,0.598567545413971,0.598567545413971,True,11,0.991999089717865,0.991999089717865,True,True,True
wifib|device=11|capture=23Jan|frame=3434|row=3026,11,9838,3026,2,7,11,0.6516138315200806,0.6516138315200806,True,11,0.9924635887145996,0.9924635887145996,True,True,True
wifib|device=11|capture=23Jan|frame=3435|row=3027,11,9839,3027,2,7,11,0.49653497338294983,0.49653497338294983,True,11,0.9925658702850342,0.9925658702850342,True,True,True
wifib|device=11|capture=23Jan|frame=3436|row=3028,11,9840,3028,2,7,11,0.6819344758987427,0.6819344758987427,True,11,0.9934045672416687,0.9934045672416687,True,True,True
wifib|device=11|capture=23Jan|frame=3437|row=3029,11,9841,3029,2,7,11,0.5836575031280518,0.5836575031280518,True,11,0.9934974908828735,0.9934974908828735,True,True,True
wifib|device=11|capture=23Jan|frame=3438|row=3030,11,9842,3030,2,7,11,0.45971181988716125,0.45971181988716125,True,11,0.9904775619506836,0.9904775619506836,True,True,True
wifib|device=11|capture=23Jan|frame=3439|row=3031,11,9843,3031,2,7,11,0.6077740788459778,0.6077740788459778,True,11,0.9829843044281006,0.9829843044281006,True,True,True
wifib|device=11|capture=23Jan|frame=3440|row=3032,11,9844,3032,2,7,11,0.4695689082145691,0.4695689082145691,True,11,0.9910907745361328,0.9910907745361328,True,True,True
wifib|device=11|capture=23Jan|frame=3441|row=3033,11,9845,3033,2,7,11,0.4413360357284546,0.4413360357284546,True,11,0.9942334294319153,0.9942334294319153,True,True,True
wifib|device=11|capture=23Jan|frame=3442|row=3034,11,9846,3034,2,7,1,0.5221368670463562,0.34455645084381104,False,11,0.9938037395477295,0.9938037395477295,True,False,False
wifib|device=11|capture=23Jan|frame=3447|row=3035,11,9847,3035,2,7,1,0.6228728294372559,0.2768299877643585,False,11,0.9853553771972656,0.9853553771972656,True,False,False
wifib|device=11|capture=23Jan|frame=3448|row=3036,11,9848,3036,2,7,1,0.6212736368179321,0.2862129807472229,False,11,0.9901543855667114,0.9901543855667114,True,False,False
wifib|device=11|capture=23Jan|frame=3449|row=3037,11,9849,3037,2,7,1,0.4804489016532898,0.43623432517051697,False,11,0.9946382641792297,0.9946382641792297,True,False,False
wifib|device=11|capture=23Jan|frame=3450|row=3038,11,9850,3038,2,7,1,0.6010850667953491,0.2946260869503021,False,11,0.9892475008964539,0.9892475008964539,True,False,False
wifib|device=11|capture=23Jan|frame=3451|row=3039,11,9851,3039,2,7,1,0.5072134137153625,0.39201048016548157,False,11,0.9951844811439514,0.9951844811439514,True,False,False
wifib|device=11|capture=23Jan|frame=3452|row=3040,11,9852,3040,2,7,11,0.5308206677436829,0.5308206677436829,True,11,0.9894431829452515,0.9894431829452515,True,True,True
wifib|device=11|capture=23Jan|frame=3453|row=3041,11,9853,3041,2,7,1,0.5386972427368164,0.3136347532272339,False,11,0.9887365698814392,0.9887365698814392,True,False,False
wifib|device=11|capture=23Jan|frame=3454|row=3042,11,9854,3042,2,7,11,0.45470452308654785,0.45470452308654785,True,11,0.9888955354690552,0.9888955354690552,True,True,True
wifib|device=11|capture=23Jan|frame=3455|row=3043,11,9855,3043,2,7,11,0.516550600528717,0.516550600528717,True,11,0.9907676577568054,0.9907676577568054,True,True,True
wifib|device=11|capture=23Jan|frame=3456|row=3044,11,9856,3044,2,7,11,0.48589324951171875,0.48589324951171875,True,11,0.9926517605781555,0.9926517605781555,True,True,True
wifib|device=11|capture=23Jan|frame=3457|row=3045,11,9857,3045,2,7,1,0.5876339673995972,0.33092230558395386,False,11,0.9894909262657166,0.9894909262657166,True,False,False
wifib|device=11|capture=23Jan|frame=3458|row=3046,11,9858,3046,2,7,1,0.4456420838832855,0.35295072197914124,False,11,0.9807193875312805,0.9807193875312805,True,False,False
wifib|device=12|capture=23Jan|frame=2117|row=1944,12,12299,1944,0,8,12,0.8837536573410034,0.8837536573410034,True,12,0.9944384098052979,0.9944384098052979,True,True,True
wifib|device=12|capture=23Jan|frame=2118|row=1945,12,12300,1945,0,8,12,0.8400923609733582,0.8400923609733582,True,12,0.9924506545066833,0.9924506545066833,True,True,False
wifib|device=12|capture=23Jan|frame=2119|row=1946,12,12301,1946,0,8,12,0.9104317426681519,0.9104317426681519,True,12,0.9900796413421631,0.9900796413421631,True,True,True
wifib|device=12|capture=23Jan|frame=2120|row=1947,12,12302,1947,0,8,12,0.907484233379364,0.907484233379364,True,12,0.9938109517097473,0.9938109517097473,True,True,True
wifib|device=12|capture=23Jan|frame=2121|row=1948,12,12303,1948,0,8,12,0.8695123195648193,0.8695123195648193,True,12,0.9930816292762756,0.9930816292762756,True,True,False
wifib|device=12|capture=23Jan|frame=2122|row=1949,12,12304,1949,0,8,12,0.844221293926239,0.844221293926239,True,12,0.9932749271392822,0.9932749271392822,True,True,False
wifib|device=12|capture=23Jan|frame=2123|row=1950,12,12305,1950,0,8,12,0.8693156838417053,0.8693156838417053,True,12,0.9947104454040527,0.9947104454040527,True,True,False
wifib|device=12|capture=23Jan|frame=2124|row=1951,12,12306,1951,0,8,12,0.884911298751831,0.884911298751831,True,12,0.9935638308525085,0.9935638308525085,True,True,False
wifib|device=12|capture=23Jan|frame=2125|row=1952,12,12307,1952,0,8,12,0.9055249094963074,0.9055249094963074,True,12,0.9961978793144226,0.9961978793144226,True,True,False
wifib|device=12|capture=23Jan|frame=2126|row=1953,12,12308,1953,0,8,12,0.861365020275116,0.861365020275116,True,12,0.997467041015625,0.997467041015625,True,True,False
wifib|device=12|capture=23Jan|frame=2127|row=1954,12,12309,1954,0,8,12,0.8266835808753967,0.8266835808753967,True,12,0.9893177151679993,0.9893177151679993,True,True,False
wifib|device=12|capture=23Jan|frame=2128|row=1955,12,12310,1955,0,8,12,0.867843747138977,0.867843747138977,True,12,0.982363224029541,0.982363224029541,True,True,False
wifib|device=12|capture=23Jan|frame=2129|row=1956,12,12311,1956,0,8,12,0.8974313735961914,0.8974313735961914,True,12,0.9960111379623413,0.9960111379623413,True,True,True
wifib|device=12|capture=23Jan|frame=2130|row=1957,12,12312,1957,0,8,12,0.8973169326782227,0.8973169326782227,True,12,0.9967946410179138,0.9967946410179138,True,True,True
wifib|device=12|capture=23Jan|frame=2131|row=1958,12,12313,1958,0,8,12,0.9254251718521118,0.9254251718521118,True,12,0.9928072690963745,0.9928072690963745,True,True,False
wifib|device=12|capture=23Jan|frame=2132|row=1959,12,12314,1959,0,8,12,0.8772484064102173,0.8772484064102173,True,12,0.9892260432243347,0.9892260432243347,True,True,True
wifib|device=12|capture=23Jan|frame=2133|row=1960,12,12315,1960,0,8,12,0.8590688705444336,0.8590688705444336,True,12,0.9903732538223267,0.9903732538223267,True,True,True
wifib|device=12|capture=23Jan|frame=2134|row=1961,12,12316,1961,0,8,12,0.9246125221252441,0.9246125221252441,True,12,0.9963756203651428,0.9963756203651428,True,True,False
wifib|device=12|capture=23Jan|frame=2135|row=1962,12,12317,1962,0,8,12,0.867952287197113,0.867952287197113,True,12,0.9940629601478577,0.9940629601478577,True,True,False
wifib|device=12|capture=23Jan|frame=2136|row=1963,12,12318,1963,0,8,12,0.8852818608283997,0.8852818608283997,True,12,0.9517442584037781,0.9517442584037781,True,True,False
wifib|device=12|capture=23Jan|frame=2137|row=1964,12,12319,1964,0,8,12,0.9104730486869812,0.9104730486869812,True,12,0.9844330549240112,0.9844330549240112,True,True,False
wifib|device=12|capture=23Jan|frame=2138|row=1965,12,12320,1965,0,8,12,0.9017402529716492,0.9017402529716492,True,12,0.9927456974983215,0.9927456974983215,True,True,False
wifib|device=12|capture=23Jan|frame=2139|row=1966,12,12321,1966,0,8,12,0.8728215098381042,0.8728215098381042,True,12,0.9922419786453247,0.9922419786453247,True,True,False
wifib|device=12|capture=23Jan|frame=2140|row=1967,12,12322,1967,0,8,12,0.8862415552139282,0.8862415552139282,True,12,0.9924054741859436,0.9924054741859436,True,True,False
wifib|device=12|capture=23Jan|frame=2141|row=1968,12,12323,1968,0,8,12,0.8749294281005859,0.8749294281005859,True,12,0.9971551895141602,0.9971551895141602,True,True,True
wifib|device=12|capture=23Jan|frame=2142|row=1969,12,12324,1969,0,8,12,0.9296693205833435,0.9296693205833435,True,12,0.9890233278274536,0.9890233278274536,True,True,False
wifib|device=12|capture=23Jan|frame=2143|row=1970,12,12325,1970,0,8,12,0.8461595773696899,0.8461595773696899,True,12,0.9965542554855347,0.9965542554855347,True,True,False
wifib|device=12|capture=23Jan|frame=2144|row=1971,12,12326,1971,0,8,12,0.8576346635818481,0.8576346635818481,True,12,0.9962930083274841,0.9962930083274841,True,True,False
wifib|device=12|capture=23Jan|frame=2145|row=1972,12,12327,1972,0,8,12,0.8848141431808472,0.8848141431808472,True,12,0.9952367544174194,0.9952367544174194,True,True,False
wifib|device=12|capture=23Jan|frame=2146|row=1973,12,12328,1973,0,8,12,0.9228224158287048,0.9228224158287048,True,12,0.9841138124465942,0.9841138124465942,True,True,False
wifib|device=12|capture=23Jan|frame=2147|row=1974,12,12329,1974,0,8,12,0.8556596040725708,0.8556596040725708,True,12,0.996491014957428,0.996491014957428,True,True,False
wifib|device=12|capture=23Jan|frame=2148|row=1975,12,12330,1975,0,8,12,0.8732728362083435,0.8732728362083435,True,12,0.9951508045196533,0.9951508045196533,True,True,False
wifib|device=12|capture=23Jan|frame=2149|row=1976,12,12331,1976,0,8,12,0.9197697043418884,0.9197697043418884,True,12,0.9936860203742981,0.9936860203742981,True,True,False
wifib|device=12|capture=23Jan|frame=2150|row=1977,12,12332,1977,0,8,12,0.9150829315185547,0.9150829315185547,True,12,0.9978322386741638,0.9978322386741638,True,True,False
wifib|device=12|capture=23Jan|frame=2151|row=1978,12,12333,1978,0,8,12,0.8497021794319153,0.8497021794319153,True,12,0.9908921122550964,0.9908921122550964,True,True,False
wifib|device=12|capture=23Jan|frame=2152|row=1979,12,12334,1979,0,8,12,0.8552181124687195,0.8552181124687195,True,12,0.9936885237693787,0.9936885237693787,True,True,False
wifib|device=12|capture=23Jan|frame=2153|row=1980,12,12335,1980,0,8,12,0.854656457901001,0.854656457901001,True,12,0.9957939386367798,0.9957939386367798,True,True,False
wifib|device=12|capture=23Jan|frame=2771|row=2531,12,12886,2531,1,8,12,0.9150183200836182,0.9150183200836182,True,12,0.991853654384613,0.991853654384613,True,True,True
wifib|device=12|capture=23Jan|frame=2772|row=2532,12,12887,2532,1,8,12,0.875311553478241,0.875311553478241,True,12,0.9959210157394409,0.9959210157394409,True,True,False
wifib|device=12|capture=23Jan|frame=2775|row=2533,12,12888,2533,1,8,12,0.9123090505599976,0.9123090505599976,True,12,0.9769772291183472,0.9769772291183472,True,True,False
wifib|device=12|capture=23Jan|frame=2776|row=2534,12,12889,2534,1,8,12,0.9117223620414734,0.9117223620414734,True,12,0.9961068034172058,0.9961068034172058,True,True,False
wifib|device=12|capture=23Jan|frame=2777|row=2535,12,12890,2535,1,8,12,0.8680934906005859,0.8680934906005859,True,12,0.9955488443374634,0.9955488443374634,True,True,False
wifib|device=12|capture=23Jan|frame=2778|row=2536,12,12891,2536,1,8,12,0.8768174648284912,0.8768174648284912,True,12,0.9936961531639099,0.9936961531639099,True,True,False
wifib|device=12|capture=23Jan|frame=2779|row=2537,12,12892,2537,1,8,12,0.9087706208229065,0.9087706208229065,True,12,0.9945354461669922,0.9945354461669922,True,True,False
wifib|device=12|capture=23Jan|frame=2780|row=2538,12,12893,2538,1,8,12,0.908238410949707,0.908238410949707,True,12,0.995110809803009,0.995110809803009,True,True,True
wifib|device=12|capture=23Jan|frame=2781|row=2539,12,12894,2539,1,8,12,0.8940382599830627,0.8940382599830627,True,12,0.9946931004524231,0.9946931004524231,True,True,False
wifib|device=12|capture=23Jan|frame=2782|row=2540,12,12895,2540,1,8,12,0.8831399083137512,0.8831399083137512,True,12,0.9946371912956238,0.9946371912956238,True,True,False
wifib|device=12|capture=23Jan|frame=2783|row=2541,12,12896,2541,1,8,12,0.8787960410118103,0.8787960410118103,True,12,0.9965850114822388,0.9965850114822388,True,True,False
wifib|device=12|capture=23Jan|frame=2784|row=2542,12,12897,2542,1,8,12,0.8761780261993408,0.8761780261993408,True,12,0.995088517665863,0.995088517665863,True,True,False
wifib|device=12|capture=23Jan|frame=2787|row=2543,12,12898,2543,1,8,12,0.8918386697769165,0.8918386697769165,True,12,0.992719292640686,0.992719292640686,True,True,False
wifib|device=12|capture=23Jan|frame=2788|row=2544,12,12899,2544,1,8,12,0.8738839626312256,0.8738839626312256,True,12,0.9948713779449463,0.9948713779449463,True,True,False
wifib|device=12|capture=23Jan|frame=2789|row=2545,12,12900,2545,1,8,12,0.9008718729019165,0.9008718729019165,True,12,0.9913555979728699,0.9913555979728699,True,True,True
wifib|device=12|capture=23Jan|frame=2790|row=2546,12,12901,2546,1,8,12,0.9010137319564819,0.9010137319564819,True,12,0.9906601309776306,0.9906601309776306,True,True,False
wifib|device=12|capture=23Jan|frame=2791|row=2547,12,12902,2547,1,8,12,0.8797274827957153,0.8797274827957153,True,12,0.9977163076400757,0.9977163076400757,True,True,False
wifib|device=12|capture=23Jan|frame=2792|row=2548,12,12903,2548,1,8,12,0.9083852171897888,0.9083852171897888,True,12,0.9980033040046692,0.9980033040046692,True,True,False
wifib|device=12|capture=23Jan|frame=2793|row=2549,12,12904,2549,1,8,12,0.9218726754188538,0.9218726754188538,True,12,0.9852902889251709,0.9852902889251709,True,True,True
wifib|device=12|capture=23Jan|frame=2794|row=2550,12,12905,2550,1,8,12,0.9063575863838196,0.9063575863838196,True,12,0.997683048248291,0.997683048248291,True,True,True
wifib|device=12|capture=23Jan|frame=2795|row=2551,12,12906,2551,1,8,12,0.8722684979438782,0.8722684979438782,True,12,0.9940953254699707,0.9940953254699707,True,True,False
wifib|device=12|capture=23Jan|frame=2796|row=2552,12,12907,2552,1,8,12,0.8866767883300781,0.8866767883300781,True,12,0.9709861874580383,0.9709861874580383,True,True,True
wifib|device=12|capture=23Jan|frame=2797|row=2553,12,12908,2553,1,8,12,0.904756486415863,0.904756486415863,True,12,0.996415376663208,0.996415376663208,True,True,True
wifib|device=12|capture=23Jan|frame=2798|row=2554,12,12909,2554,1,8,12,0.8446229100227356,0.8446229100227356,True,12,0.9922885298728943,0.9922885298728943,True,True,True
wifib|device=12|capture=23Jan|frame=2799|row=2555,12,12910,2555,1,8,12,0.8643231391906738,0.8643231391906738,True,12,0.9978452920913696,0.9978452920913696,True,True,False
wifib|device=12|capture=23Jan|frame=2800|row=2556,12,12911,2556,1,8,12,0.8621797561645508,0.8621797561645508,True,12,0.9970598816871643,0.9970598816871643,True,True,False
wifib|device=12|capture=23Jan|frame=2801|row=2557,12,12912,2557,1,8,12,0.8898009061813354,0.8898009061813354,True,12,0.9937654733657837,0.9937654733657837,True,True,False
wifib|device=12|capture=23Jan|frame=2802|row=2558,12,12913,2558,1,8,12,0.8735373616218567,0.8735373616218567,True,12,0.9953219294548035,0.9953219294548035,True,True,False
wifib|device=12|capture=23Jan|frame=2803|row=2559,12,12914,2559,1,8,12,0.8818711638450623,0.8818711638450623,True,12,0.9958881735801697,0.9958881735801697,True,True,False
wifib|device=12|capture=23Jan|frame=2804|row=2560,12,12915,2560,1,8,12,0.8732173442840576,0.8732173442840576,True,12,0.8924859762191772,0.8924859762191772,True,True,False
wifib|device=12|capture=23Jan|frame=2805|row=2561,12,12916,2561,1,8,12,0.8496192693710327,0.8496192693710327,True,12,0.9923096895217896,0.9923096895217896,True,True,False
wifib|device=12|capture=23Jan|frame=2806|row=2562,12,12917,2562,1,8,12,0.8776217699050903,0.8776217699050903,True,12,0.9968872666358948,0.9968872666358948,True,True,False
wifib|device=12|capture=23Jan|frame=2807|row=2563,12,12918,2563,1,8,12,0.8614757657051086,0.8614757657051086,True,12,0.9951322674751282,0.9951322674751282,True,True,False
wifib|device=12|capture=23Jan|frame=2808|row=2564,12,12919,2564,1,8,12,0.8656609058380127,0.8656609058380127,True,12,0.9872224926948547,0.9872224926948547,True,True,True
wifib|device=12|capture=23Jan|frame=2809|row=2565,12,12920,2565,1,8,12,0.8339472413063049,0.8339472413063049,True,12,0.9950087070465088,0.9950087070465088,True,True,False
wifib|device=12|capture=23Jan|frame=2810|row=2566,12,12921,2566,1,8,12,0.8912801742553711,0.8912801742553711,True,12,0.991970419883728,0.991970419883728,True,True,False
wifib|device=12|capture=23Jan|frame=2811|row=2567,12,12922,2567,1,8,12,0.8919302225112915,0.8919302225112915,True,12,0.9944034814834595,0.9944034814834595,True,True,False
wifib|device=12|capture=23Jan|frame=3419|row=3118,12,13473,3118,2,8,12,0.909548819065094,0.909548819065094,True,12,0.9881942272186279,0.9881942272186279,True,True,True
wifib|device=12|capture=23Jan|frame=3420|row=3119,12,13474,3119,2,8,12,0.8998708724975586,0.8998708724975586,True,12,0.9917592406272888,0.9917592406272888,True,True,False
wifib|device=12|capture=23Jan|frame=3421|row=3120,12,13475,3120,2,8,12,0.8883105516433716,0.8883105516433716,True,12,0.9944164752960205,0.9944164752960205,True,True,False
wifib|device=12|capture=23Jan|frame=3422|row=3121,12,13476,3121,2,8,12,0.8982264995574951,0.8982264995574951,True,12,0.976855993270874,0.976855993270874,True,True,False
wifib|device=12|capture=23Jan|frame=3423|row=3122,12,13477,3122,2,8,12,0.8402547240257263,0.8402547240257263,True,12,0.9977768063545227,0.9977768063545227,True,True,False
wifib|device=12|capture=23Jan|frame=3424|row=3123,12,13478,3123,2,8,12,0.7998359203338623,0.7998359203338623,True,12,0.9937664270401001,0.9937664270401001,True,True,False
wifib|device=12|capture=23Jan|frame=3425|row=3124,12,13479,3124,2,8,12,0.8685540556907654,0.8685540556907654,True,12,0.9887961149215698,0.9887961149215698,True,True,False
wifib|device=12|capture=23Jan|frame=3426|row=3125,12,13480,3125,2,8,12,0.926408052444458,0.926408052444458,True,12,0.9860507845878601,0.9860507845878601,True,True,False
wifib|device=12|capture=23Jan|frame=3427|row=3126,12,13481,3126,2,8,12,0.8975107073783875,0.8975107073783875,True,12,0.9962718486785889,0.9962718486785889,True,True,False
wifib|device=12|capture=23Jan|frame=3430|row=3127,12,13482,3127,2,8,12,0.9280872941017151,0.9280872941017151,True,12,0.990180253982544,0.990180253982544,True,True,True
wifib|device=12|capture=23Jan|frame=3431|row=3128,12,13483,3128,2,8,12,0.9001038670539856,0.9001038670539856,True,12,0.9843422770500183,0.9843422770500183,True,True,False
wifib|device=12|capture=23Jan|frame=3432|row=3129,12,13484,3129,2,8,12,0.9240648746490479,0.9240648746490479,True,12,0.9981694221496582,0.9981694221496582,True,True,False
wifib|device=12|capture=23Jan|frame=3433|row=3130,12,13485,3130,2,8,12,0.9299221038818359,0.9299221038818359,True,12,0.9936822652816772,0.9936822652816772,True,True,True
wifib|device=12|capture=23Jan|frame=3434|row=3131,12,13486,3131,2,8,12,0.8248178362846375,0.8248178362846375,True,12,0.9481340050697327,0.9481340050697327,True,True,False
wifib|device=12|capture=23Jan|frame=3435|row=3132,12,13487,3132,2,8,12,0.9034805297851562,0.9034805297851562,True,12,0.9951773881912231,0.9951773881912231,True,True,False
wifib|device=12|capture=23Jan|frame=3436|row=3133,12,13488,3133,2,8,12,0.8129570484161377,0.8129570484161377,True,12,0.9807794094085693,0.9807794094085693,True,True,False
wifib|device=12|capture=23Jan|frame=3437|row=3134,12,13489,3134,2,8,12,0.8771172165870667,0.8771172165870667,True,12,0.99639892578125,0.99639892578125,True,True,False
wifib|device=12|capture=23Jan|frame=3438|row=3135,12,13490,3135,2,8,12,0.9256200790405273,0.9256200790405273,True,12,0.996322751045227,0.996322751045227,True,True,False
wifib|device=12|capture=23Jan|frame=3441|row=3136,12,13491,3136,2,8,12,0.8613941669464111,0.8613941669464111,True,12,0.9964475631713867,0.9964475631713867,True,True,False
wifib|device=12|capture=23Jan|frame=3442|row=3137,12,13492,3137,2,8,12,0.8856039643287659,0.8856039643287659,True,12,0.9959946870803833,0.9959946870803833,True,True,False
wifib|device=12|capture=23Jan|frame=3443|row=3138,12,13493,3138,2,8,12,0.8980117440223694,0.8980117440223694,True,12,0.9974018335342407,0.9974018335342407,True,True,False
wifib|device=12|capture=23Jan|frame=3444|row=3139,12,13494,3139,2,8,12,0.8788455724716187,0.8788455724716187,True,12,0.993615984916687,0.993615984916687,True,True,True
wifib|device=12|capture=23Jan|frame=3445|row=3140,12,13495,3140,2,8,12,0.8598834276199341,0.8598834276199341,True,12,0.9828885793685913,0.9828885793685913,True,True,True
wifib|device=12|capture=23Jan|frame=3446|row=3141,12,13496,3141,2,8,12,0.8147022128105164,0.8147022128105164,True,12,0.996392548084259,0.996392548084259,True,True,True
wifib|device=12|capture=23Jan|frame=3447|row=3142,12,13497,3142,2,8,12,0.886081337928772,0.886081337928772,True,12,0.9906443357467651,0.9906443357467651,True,True,True
wifib|device=12|capture=23Jan|frame=3448|row=3143,12,13498,3143,2,8,12,0.8337095379829407,0.8337095379829407,True,12,0.9947046637535095,0.9947046637535095,True,True,False
wifib|device=12|capture=23Jan|frame=3449|row=3144,12,13499,3144,2,8,12,0.8984981775283813,0.8984981775283813,True,12,0.9948782920837402,0.9948782920837402,True,True,False
wifib|device=12|capture=23Jan|frame=3450|row=3145,12,13500,3145,2,8,12,0.9143087267875671,0.9143087267875671,True,12,0.9953131675720215,0.9953131675720215,True,True,False
wifib|device=12|capture=23Jan|frame=3451|row=3146,12,13501,3146,2,8,12,0.9047998189926147,0.9047998189926147,True,12,0.9811846613883972,0.9811846613883972,True,True,False
wifib|device=12|capture=23Jan|frame=3452|row=3147,12,13502,3147,2,8,12,0.884834885597229,0.884834885597229,True,12,0.9950822591781616,0.9950822591781616,True,True,False
wifib|device=12|capture=23Jan|frame=3453|row=3148,12,13503,3148,2,8,12,0.8934696912765503,0.8934696912765503,True,12,0.9940113425254822,0.9940113425254822,True,True,True
wifib|device=12|capture=23Jan|frame=3454|row=3149,12,13504,3149,2,8,12,0.8802428841590881,0.8802428841590881,True,12,0.9907398223876953,0.9907398223876953,True,True,False
wifib|device=12|capture=23Jan|frame=3455|row=3150,12,13505,3150,2,8,12,0.904711902141571,0.904711902141571,True,12,0.9943315982818604,0.9943315982818604,True,True,False
wifib|device=12|capture=23Jan|frame=3456|row=3151,12,13506,3151,2,8,12,0.9073739051818848,0.9073739051818848,True,12,0.9961965084075928,0.9961965084075928,True,True,False
wifib|device=12|capture=23Jan|frame=3457|row=3152,12,13507,3152,2,8,12,0.849509060382843,0.849509060382843,True,12,0.996260404586792,0.996260404586792,True,True,False
wifib|device=12|capture=23Jan|frame=3458|row=3153,12,13508,3153,2,8,12,0.8963407874107361,0.8963407874107361,True,12,0.9939028024673462,0.9939028024673462,True,True,False
wifib|device=15|capture=23Jan|frame=2123|row=1843,15,15866,1843,0,9,15,0.934982180595398,0.934982180595398,True,15,0.9978038668632507,0.9978038668632507,True,True,False
wifib|device=15|capture=23Jan|frame=2124|row=1844,15,15867,1844,0,9,15,0.9200960993766785,0.9200960993766785,True,15,0.9967302083969116,0.9967302083969116,True,True,True
wifib|device=15|capture=23Jan|frame=2125|row=1845,15,15868,1845,0,9,15,0.9148368239402771,0.9148368239402771,True,15,0.9978251457214355,0.9978251457214355,True,True,False
wifib|device=15|capture=23Jan|frame=2126|row=1846,15,15869,1846,0,9,15,0.9617790579795837,0.9617790579795837,True,15,0.9959713816642761,0.9959713816642761,True,True,False
wifib|device=15|capture=23Jan|frame=2127|row=1847,15,15870,1847,0,9,15,0.9295483827590942,0.9295483827590942,True,15,0.9939445853233337,0.9939445853233337,True,True,False
wifib|device=15|capture=23Jan|frame=2128|row=1848,15,15871,1848,0,9,15,0.9697121977806091,0.9697121977806091,True,15,0.995197594165802,0.995197594165802,True,True,False
wifib|device=15|capture=23Jan|frame=2129|row=1849,15,15872,1849,0,9,15,0.9583650827407837,0.9583650827407837,True,15,0.9950078725814819,0.9950078725814819,True,True,False
wifib|device=15|capture=23Jan|frame=2130|row=1850,15,15873,1850,0,9,15,0.9367237091064453,0.9367237091064453,True,15,0.9984391331672668,0.9984391331672668,True,True,False
wifib|device=15|capture=23Jan|frame=2131|row=1851,15,15874,1851,0,9,15,0.9495437145233154,0.9495437145233154,True,15,0.9919118881225586,0.9919118881225586,True,True,False
wifib|device=15|capture=23Jan|frame=2132|row=1852,15,15875,1852,0,9,15,0.943119466304779,0.943119466304779,True,15,0.9978508949279785,0.9978508949279785,True,True,False
wifib|device=15|capture=23Jan|frame=2133|row=1853,15,15876,1853,0,9,15,0.9560218453407288,0.9560218453407288,True,15,0.9981690645217896,0.9981690645217896,True,True,False
wifib|device=15|capture=23Jan|frame=2134|row=1854,15,15877,1854,0,9,15,0.9368694424629211,0.9368694424629211,True,15,0.9932605624198914,0.9932605624198914,True,True,False
wifib|device=15|capture=23Jan|frame=2135|row=1855,15,15878,1855,0,9,15,0.9646258354187012,0.9646258354187012,True,15,0.9968675971031189,0.9968675971031189,True,True,False
wifib|device=15|capture=23Jan|frame=2136|row=1856,15,15879,1856,0,9,15,0.9189277291297913,0.9189277291297913,True,15,0.9970942735671997,0.9970942735671997,True,True,False
wifib|device=15|capture=23Jan|frame=2137|row=1857,15,15880,1857,0,9,15,0.9182191491127014,0.9182191491127014,True,15,0.996145486831665,0.996145486831665,True,True,False
wifib|device=15|capture=23Jan|frame=2138|row=1858,15,15881,1858,0,9,15,0.965217649936676,0.965217649936676,True,15,0.9967484474182129,0.9967484474182129,True,True,True
wifib|device=15|capture=23Jan|frame=2139|row=1859,15,15882,1859,0,9,15,0.922426164150238,0.922426164150238,True,15,0.9944381713867188,0.9944381713867188,True,True,True
wifib|device=15|capture=23Jan|frame=2140|row=1860,15,15883,1860,0,9,15,0.9140579700469971,0.9140579700469971,True,15,0.9941349625587463,0.9941349625587463,True,True,True
wifib|device=15|capture=23Jan|frame=2141|row=1861,15,15884,1861,0,9,15,0.9165999293327332,0.9165999293327332,True,15,0.9926228523254395,0.9926228523254395,True,True,False
wifib|device=15|capture=23Jan|frame=2142|row=1862,15,15885,1862,0,9,15,0.9268975257873535,0.9268975257873535,True,15,0.9929936528205872,0.9929936528205872,True,True,False
wifib|device=15|capture=23Jan|frame=2143|row=1863,15,15886,1863,0,9,15,0.9387145042419434,0.9387145042419434,True,15,0.9957471489906311,0.9957471489906311,True,True,False
wifib|device=15|capture=23Jan|frame=2144|row=1864,15,15887,1864,0,9,15,0.936090350151062,0.936090350151062,True,15,0.9970532655715942,0.9970532655715942,True,True,True
wifib|device=15|capture=23Jan|frame=2145|row=1865,15,15888,1865,0,9,15,0.9398099184036255,0.9398099184036255,True,15,0.9956661462783813,0.9956661462783813,True,True,True
wifib|device=15|capture=23Jan|frame=2146|row=1866,15,15889,1866,0,9,15,0.9046963453292847,0.9046963453292847,True,15,0.9962753057479858,0.9962753057479858,True,True,False
wifib|device=15|capture=23Jan|frame=2147|row=1867,15,15890,1867,0,9,15,0.9384119510650635,0.9384119510650635,True,15,0.9957940578460693,0.9957940578460693,True,True,False
wifib|device=15|capture=23Jan|frame=2148|row=1868,15,15891,1868,0,9,15,0.960453987121582,0.960453987121582,True,15,0.9960038065910339,0.9960038065910339,True,True,False
wifib|device=15|capture=23Jan|frame=2151|row=1869,15,15892,1869,0,9,15,0.9206783771514893,0.9206783771514893,True,15,0.9946634769439697,0.9946634769439697,True,True,True
wifib|device=15|capture=23Jan|frame=2154|row=1870,15,15893,1870,0,9,15,0.9527910947799683,0.9527910947799683,True,15,0.9918861389160156,0.9918861389160156,True,True,False
wifib|device=15|capture=23Jan|frame=2155|row=1871,15,15894,1871,0,9,15,0.9142839908599854,0.9142839908599854,True,15,0.9952488541603088,0.9952488541603088,True,True,False
wifib|device=15|capture=23Jan|frame=2156|row=1872,15,15895,1872,0,9,15,0.9191164970397949,0.9191164970397949,True,15,0.9912819862365723,0.9912819862365723,True,True,False
wifib|device=15|capture=23Jan|frame=2157|row=1873,15,15896,1873,0,9,15,0.9431958198547363,0.9431958198547363,True,15,0.9963932633399963,0.9963932633399963,True,True,False
wifib|device=15|capture=23Jan|frame=2158|row=1874,15,15897,1874,0,9,15,0.9656800627708435,0.9656800627708435,True,15,0.9960036873817444,0.9960036873817444,True,True,False
wifib|device=15|capture=23Jan|frame=2159|row=1875,15,15898,1875,0,9,15,0.9653317928314209,0.9653317928314209,True,15,0.9949001669883728,0.9949001669883728,True,True,True
wifib|device=15|capture=23Jan|frame=2162|row=1876,15,15899,1876,0,9,15,0.9228668808937073,0.9228668808937073,True,15,0.9914484620094299,0.9914484620094299,True,True,False
wifib|device=15|capture=23Jan|frame=2163|row=1877,15,15900,1877,0,9,15,0.9353751540184021,0.9353751540184021,True,15,0.9983166456222534,0.9983166456222534,True,True,False
wifib|device=15|capture=23Jan|frame=2766|row=2400,15,16423,2400,1,9,15,0.937279999256134,0.937279999256134,True,15,0.9936437606811523,0.9936437606811523,True,True,False
wifib|device=15|capture=23Jan|frame=2767|row=2401,15,16424,2401,1,9,15,0.9566211700439453,0.9566211700439453,True,15,0.9959497451782227,0.9959497451782227,True,True,False
wifib|device=15|capture=23Jan|frame=2768|row=2402,15,16425,2402,1,9,15,0.9106940627098083,0.9106940627098083,True,15,0.9978073239326477,0.9978073239326477,True,True,False
wifib|device=15|capture=23Jan|frame=2769|row=2403,15,16426,2403,1,9,15,0.9759801626205444,0.9759801626205444,True,15,0.9967978596687317,0.9967978596687317,True,True,False
wifib|device=15|capture=23Jan|frame=2770|row=2404,15,16427,2404,1,9,15,0.9376075863838196,0.9376075863838196,True,15,0.9983217120170593,0.9983217120170593,True,True,False
wifib|device=15|capture=23Jan|frame=2771|row=2405,15,16428,2405,1,9,15,0.9187816381454468,0.9187816381454468,True,15,0.9983932375907898,0.9983932375907898,True,True,True
wifib|device=15|capture=23Jan|frame=2772|row=2406,15,16429,2406,1,9,15,0.9580639004707336,0.9580639004707336,True,15,0.9929283261299133,0.9929283261299133,True,True,False
wifib|device=15|capture=23Jan|frame=2773|row=2407,15,16430,2407,1,9,15,0.9291191697120667,0.9291191697120667,True,15,0.9956697225570679,0.9956697225570679,True,True,False
wifib|device=15|capture=23Jan|frame=2774|row=2408,15,16431,2408,1,9,15,0.9415280222892761,0.9415280222892761,True,15,0.9945722222328186,0.9945722222328186,True,True,False
wifib|device=15|capture=23Jan|frame=2775|row=2409,15,16432,2409,1,9,15,0.9159561991691589,0.9159561991691589,True,15,0.9941884279251099,0.9941884279251099,True,True,True
wifib|device=15|capture=23Jan|frame=2776|row=2410,15,16433,2410,1,9,15,0.9049868583679199,0.9049868583679199,True,15,0.9908192753791809,0.9908192753791809,True,True,False
wifib|device=15|capture=23Jan|frame=2777|row=2411,15,16434,2411,1,9,15,0.9477139115333557,0.9477139115333557,True,15,0.9908059239387512,0.9908059239387512,True,True,False
wifib|device=15|capture=23Jan|frame=2778|row=2412,15,16435,2412,1,9,15,0.9586120843887329,0.9586120843887329,True,15,0.9929859042167664,0.9929859042167664,True,True,False
wifib|device=15|capture=23Jan|frame=2779|row=2413,15,16436,2413,1,9,15,0.9600751996040344,0.9600751996040344,True,15,0.994644045829773,0.994644045829773,True,True,False
wifib|device=15|capture=23Jan|frame=2780|row=2414,15,16437,2414,1,9,15,0.9396566152572632,0.9396566152572632,True,15,0.9915760159492493,0.9915760159492493,True,True,False
wifib|device=15|capture=23Jan|frame=2781|row=2415,15,16438,2415,1,9,15,0.967242956161499,0.967242956161499,True,15,0.9950137734413147,0.9950137734413147,True,True,False
wifib|device=15|capture=23Jan|frame=2782|row=2416,15,16439,2416,1,9,15,0.9164028763771057,0.9164028763771057,True,15,0.9975236058235168,0.9975236058235168,True,True,True
wifib|device=15|capture=23Jan|frame=2783|row=2417,15,16440,2417,1,9,15,0.9435975551605225,0.9435975551605225,True,15,0.9914318323135376,0.9914318323135376,True,True,False
wifib|device=15|capture=23Jan|frame=2784|row=2418,15,16441,2418,1,9,15,0.9143310785293579,0.9143310785293579,True,15,0.9951803684234619,0.9951803684234619,True,True,False
wifib|device=15|capture=23Jan|frame=2785|row=2419,15,16442,2419,1,9,15,0.7701681852340698,0.7701681852340698,True,15,0.9813124537467957,0.9813124537467957,True,True,True
wifib|device=15|capture=23Jan|frame=2786|row=2420,15,16443,2420,1,9,15,0.7946184277534485,0.7946184277534485,True,15,0.9877343773841858,0.9877343773841858,True,True,False
wifib|device=15|capture=23Jan|frame=2787|row=2421,15,16444,2421,1,9,15,0.8581880331039429,0.8581880331039429,True,15,0.986871600151062,0.986871600151062,True,True,False
wifib|device=15|capture=23Jan|frame=2788|row=2422,15,16445,2422,1,9,15,0.9614142775535583,0.9614142775535583,True,15,0.9920782446861267,0.9920782446861267,True,True,False
wifib|device=15|capture=23Jan|frame=2789|row=2423,15,16446,2423,1,9,15,0.9446783661842346,0.9446783661842346,True,15,0.9977236390113831,0.9977236390113831,True,True,True
wifib|device=15|capture=23Jan|frame=2790|row=2424,15,16447,2424,1,9,15,0.9549145102500916,0.9549145102500916,True,15,0.9928160905838013,0.9928160905838013,True,True,False
wifib|device=15|capture=23Jan|frame=2791|row=2425,15,16448,2425,1,9,15,0.916061520576477,0.916061520576477,True,15,0.9892783761024475,0.9892783761024475,True,True,False
wifib|device=15|capture=23Jan|frame=2792|row=2426,15,16449,2426,1,9,15,0.942983090877533,0.942983090877533,True,15,0.9946192502975464,0.9946192502975464,True,True,False
wifib|device=15|capture=23Jan|frame=2793|row=2427,15,16450,2427,1,9,15,0.9226723909378052,0.9226723909378052,True,15,0.9948225021362305,0.9948225021362305,True,True,False
wifib|device=15|capture=23Jan|frame=2794|row=2428,15,16451,2428,1,9,15,0.907035768032074,0.907035768032074,True,15,0.9969891905784607,0.9969891905784607,True,True,True
wifib|device=15|capture=23Jan|frame=2795|row=2429,15,16452,2429,1,9,15,0.913798987865448,0.913798987865448,True,15,0.9921397566795349,0.9921397566795349,True,True,True
wifib|device=15|capture=23Jan|frame=2796|row=2430,15,16453,2430,1,9,15,0.9632688760757446,0.9632688760757446,True,15,0.9949243068695068,0.9949243068695068,True,True,False
wifib|device=15|capture=23Jan|frame=2797|row=2431,15,16454,2431,1,9,15,0.917125940322876,0.917125940322876,True,15,0.9939275979995728,0.9939275979995728,True,True,False
wifib|device=15|capture=23Jan|frame=2798|row=2432,15,16455,2432,1,9,15,0.9584819078445435,0.9584819078445435,True,15,0.993578314781189,0.993578314781189,True,True,False
wifib|device=15|capture=23Jan|frame=2799|row=2433,15,16456,2433,1,9,15,0.9430645108222961,0.9430645108222961,True,15,0.993981659412384,0.993981659412384,True,True,True
wifib|device=15|capture=23Jan|frame=2800|row=2434,15,16457,2434,1,9,15,0.9211822748184204,0.9211822748184204,True,15,0.9929643869400024,0.9929643869400024,True,True,True
wifib|device=15|capture=23Jan|frame=3382|row=2956,15,16979,2956,2,9,15,0.9107732772827148,0.9107732772827148,True,15,0.994600772857666,0.994600772857666,True,True,False
wifib|device=15|capture=23Jan|frame=3383|row=2957,15,16980,2957,2,9,15,0.9416512846946716,0.9416512846946716,True,15,0.9956780076026917,0.9956780076026917,True,True,False
wifib|device=15|capture=23Jan|frame=3384|row=2958,15,16981,2958,2,9,15,0.9380307197570801,0.9380307197570801,True,15,0.9942061901092529,0.9942061901092529,True,True,False
wifib|device=15|capture=23Jan|frame=3385|row=2959,15,16982,2959,2,9,15,0.9667284488677979,0.9667284488677979,True,15,0.9920857548713684,0.9920857548713684,True,True,False
wifib|device=15|capture=23Jan|frame=3390|row=2960,15,16983,2960,2,9,15,0.9327649474143982,0.9327649474143982,True,15,0.9963605999946594,0.9963605999946594,True,True,True
wifib|device=15|capture=23Jan|frame=3391|row=2961,15,16984,2961,2,9,15,0.9547771215438843,0.9547771215438843,True,15,0.9948604702949524,0.9948604702949524,True,True,False
wifib|device=15|capture=23Jan|frame=3392|row=2962,15,16985,2962,2,9,15,0.9408965110778809,0.9408965110778809,True,15,0.9951474070549011,0.9951474070549011,True,True,False
wifib|device=15|capture=23Jan|frame=3393|row=2963,15,16986,2963,2,9,15,0.9018469452857971,0.9018469452857971,True,15,0.9969611763954163,0.9969611763954163,True,True,False
wifib|device=15|capture=23Jan|frame=3396|row=2964,15,16987,2964,2,9,15,0.9648045301437378,0.9648045301437378,True,15,0.9939671754837036,0.9939671754837036,True,True,False
wifib|device=15|capture=23Jan|frame=3397|row=2965,15,16988,2965,2,9,15,0.9205763339996338,0.9205763339996338,True,15,0.9925588369369507,0.9925588369369507,True,True,False
wifib|device=15|capture=23Jan|frame=3398|row=2966,15,16989,2966,2,9,15,0.9565420746803284,0.9565420746803284,True,15,0.9922038316726685,0.9922038316726685,True,True,False
wifib|device=15|capture=23Jan|frame=3399|row=2967,15,16990,2967,2,9,15,0.8884218335151672,0.8884218335151672,True,15,0.9903963804244995,0.9903963804244995,True,True,False
wifib|device=15|capture=23Jan|frame=3400|row=2968,15,16991,2968,2,9,15,0.9504314661026001,0.9504314661026001,True,15,0.9948122501373291,0.9948122501373291,True,True,True
wifib|device=15|capture=23Jan|frame=3401|row=2969,15,16992,2969,2,9,15,0.9248450398445129,0.9248450398445129,True,15,0.9932244420051575,0.9932244420051575,True,True,False
wifib|device=15|capture=23Jan|frame=3402|row=2970,15,16993,2970,2,9,15,0.9077847003936768,0.9077847003936768,True,15,0.9967748522758484,0.9967748522758484,True,True,False
wifib|device=15|capture=23Jan|frame=3405|row=2971,15,16994,2971,2,9,15,0.9125677943229675,0.9125677943229675,True,15,0.9961081147193909,0.9961081147193909,True,True,False
wifib|device=15|capture=23Jan|frame=3406|row=2972,15,16995,2972,2,9,15,0.9455421566963196,0.9455421566963196,True,15,0.9938974976539612,0.9938974976539612,True,True,False
wifib|device=15|capture=23Jan|frame=3409|row=2973,15,16996,2973,2,9,15,0.8689902424812317,0.8689902424812317,True,15,0.9958362579345703,0.9958362579345703,True,True,False
wifib|device=15|capture=23Jan|frame=3410|row=2974,15,16997,2974,2,9,15,0.8751106858253479,0.8751106858253479,True,15,0.996164083480835,0.996164083480835,True,True,False
wifib|device=15|capture=23Jan|frame=3411|row=2975,15,16998,2975,2,9,15,0.9551272988319397,0.9551272988319397,True,15,0.9931846261024475,0.9931846261024475,True,True,False
wifib|device=15|capture=23Jan|frame=3412|row=2976,15,16999,2976,2,9,15,0.9148117899894714,0.9148117899894714,True,15,0.9931308627128601,0.9931308627128601,True,True,False
wifib|device=15|capture=23Jan|frame=3413|row=2977,15,17000,2977,2,9,15,0.9185566902160645,0.9185566902160645,True,15,0.9909512996673584,0.9909512996673584,True,True,False
wifib|device=15|capture=23Jan|frame=3414|row=2978,15,17001,2978,2,9,15,0.9465367197990417,0.9465367197990417,True,15,0.9955692887306213,0.9955692887306213,True,True,False
wifib|device=15|capture=23Jan|frame=3415|row=2979,15,17002,2979,2,9,15,0.9041205644607544,0.9041205644607544,True,15,0.9976671934127808,0.9976671934127808,True,True,False
wifib|device=15|capture=23Jan|frame=3416|row=2980,15,17003,2980,2,9,15,0.9234412908554077,0.9234412908554077,True,15,0.9885629415512085,0.9885629415512085,True,True,False
wifib|device=15|capture=23Jan|frame=3417|row=2981,15,17004,2981,2,9,15,0.8777593374252319,0.8777593374252319,True,15,0.9937164187431335,0.9937164187431335,True,True,True
wifib|device=15|capture=23Jan|frame=3418|row=2982,15,17005,2982,2,9,15,0.9293151497840881,0.9293151497840881,True,15,0.9963763356208801,0.9963763356208801,True,True,False
wifib|device=15|capture=23Jan|frame=3419|row=2983,15,17006,2983,2,9,15,0.9237731099128723,0.9237731099128723,True,15,0.997919499874115,0.997919499874115,True,True,False
wifib|device=15|capture=23Jan|frame=3420|row=2984,15,17007,2984,2,9,15,0.9689978957176208,0.9689978957176208,True,15,0.997473418712616,0.997473418712616,True,True,True
wifib|device=15|capture=23Jan|frame=3421|row=2985,15,17008,2985,2,9,15,0.9497172236442566,0.9497172236442566,True,15,0.9961485862731934,0.9961485862731934,True,True,True
wifib|device=15|capture=23Jan|frame=3422|row=2986,15,17009,2986,2,9,15,0.9061184525489807,0.9061184525489807,True,15,0.9920028448104858,0.9920028448104858,True,True,True
wifib|device=15|capture=23Jan|frame=3423|row=2987,15,17010,2987,2,9,15,0.9566358923912048,0.9566358923912048,True,15,0.9930221438407898,0.9930221438407898,True,True,False
wifib|device=15|capture=23Jan|frame=3424|row=2988,15,17011,2988,2,9,15,0.9048048853874207,0.9048048853874207,True,15,0.9955103397369385,0.9955103397369385,True,True,True
wifib|device=15|capture=23Jan|frame=3425|row=2989,15,17012,2989,2,9,15,0.9673741459846497,0.9673741459846497,True,15,0.9961528182029724,0.9961528182029724,True,True,True
wifib|device=15|capture=23Jan|frame=3426|row=2990,15,17013,2990,2,9,15,0.913169801235199,0.913169801235199,True,15,0.9969499707221985,0.9969499707221985,True,True,False
wifib|device=28|capture=23Jan|frame=2133|row=1939,28,19440,1939,0,10,28,0.8571203947067261,0.8571203947067261,True,28,0.9961696267127991,0.9961696267127991,True,True,True
wifib|device=28|capture=23Jan|frame=2134|row=1940,28,19441,1940,0,10,28,0.8876623511314392,0.8876623511314392,True,28,0.983325719833374,0.983325719833374,True,True,False
wifib|device=28|capture=23Jan|frame=2135|row=1941,28,19442,1941,0,10,28,0.8464226722717285,0.8464226722717285,True,28,0.9948078989982605,0.9948078989982605,True,True,False
wifib|device=28|capture=23Jan|frame=2136|row=1942,28,19443,1942,0,10,28,0.8445494174957275,0.8445494174957275,True,28,0.994170606136322,0.994170606136322,True,True,False
wifib|device=28|capture=23Jan|frame=2137|row=1943,28,19444,1943,0,10,28,0.8733864426612854,0.8733864426612854,True,28,0.9823378324508667,0.9823378324508667,True,True,False
wifib|device=28|capture=23Jan|frame=2138|row=1944,28,19445,1944,0,10,28,0.8628084063529968,0.8628084063529968,True,28,0.9962658286094666,0.9962658286094666,True,True,False
wifib|device=28|capture=23Jan|frame=2139|row=1945,28,19446,1945,0,10,28,0.8164726495742798,0.8164726495742798,True,28,0.9961944818496704,0.9961944818496704,True,True,True
wifib|device=28|capture=23Jan|frame=2140|row=1946,28,19447,1946,0,10,28,0.8775387406349182,0.8775387406349182,True,28,0.9937323927879333,0.9937323927879333,True,True,True
wifib|device=28|capture=23Jan|frame=2141|row=1947,28,19448,1947,0,10,28,0.8201645016670227,0.8201645016670227,True,28,0.996618390083313,0.996618390083313,True,True,False
wifib|device=28|capture=23Jan|frame=2142|row=1948,28,19449,1948,0,10,28,0.8910391330718994,0.8910391330718994,True,28,0.9882158041000366,0.9882158041000366,True,True,False
wifib|device=28|capture=23Jan|frame=2143|row=1949,28,19450,1949,0,10,28,0.8025580644607544,0.8025580644607544,True,28,0.9951611161231995,0.9951611161231995,True,True,False
wifib|device=28|capture=23Jan|frame=2144|row=1950,28,19451,1950,0,10,28,0.8125302791595459,0.8125302791595459,True,28,0.9952463507652283,0.9952463507652283,True,True,False
wifib|device=28|capture=23Jan|frame=2145|row=1951,28,19452,1951,0,10,28,0.7824654579162598,0.7824654579162598,True,28,0.975042998790741,0.975042998790741,True,True,True
wifib|device=28|capture=23Jan|frame=2146|row=1952,28,19453,1952,0,10,28,0.822632372379303,0.822632372379303,True,28,0.9972741007804871,0.9972741007804871,True,True,False
wifib|device=28|capture=23Jan|frame=2147|row=1953,28,19454,1953,0,10,28,0.8539566397666931,0.8539566397666931,True,28,0.9971666932106018,0.9971666932106018,True,True,False
wifib|device=28|capture=23Jan|frame=2148|row=1954,28,19455,1954,0,10,28,0.8863227367401123,0.8863227367401123,True,28,0.9939171671867371,0.9939171671867371,True,True,False
wifib|device=28|capture=23Jan|frame=2149|row=1955,28,19456,1955,0,10,28,0.7204887270927429,0.7204887270927429,True,28,0.9934864044189453,0.9934864044189453,True,True,False
wifib|device=28|capture=23Jan|frame=2150|row=1956,28,19457,1956,0,10,28,0.8932929039001465,0.8932929039001465,True,28,0.995181143283844,0.995181143283844,True,True,False
wifib|device=28|capture=23Jan|frame=2151|row=1957,28,19458,1957,0,10,28,0.8944801092147827,0.8944801092147827,True,28,0.9832205772399902,0.9832205772399902,True,True,False
wifib|device=28|capture=23Jan|frame=2152|row=1958,28,19459,1958,0,10,28,0.7581623792648315,0.7581623792648315,True,28,0.9929963946342468,0.9929963946342468,True,True,False
wifib|device=28|capture=23Jan|frame=2153|row=1959,28,19460,1959,0,10,28,0.9019307494163513,0.9019307494163513,True,28,0.993497371673584,0.993497371673584,True,True,False
wifib|device=28|capture=23Jan|frame=2156|row=1960,28,19461,1960,0,10,28,0.8820846080780029,0.8820846080780029,True,28,0.9982789754867554,0.9982789754867554,True,True,False
wifib|device=28|capture=23Jan|frame=2159|row=1961,28,19462,1961,0,10,28,0.9099369049072266,0.9099369049072266,True,28,0.9955623149871826,0.9955623149871826,True,True,False
wifib|device=28|capture=23Jan|frame=2160|row=1962,28,19463,1962,0,10,28,0.8499024510383606,0.8499024510383606,True,28,0.9747319221496582,0.9747319221496582,True,True,False
wifib|device=28|capture=23Jan|frame=2161|row=1963,28,19464,1963,0,10,28,0.8687383532524109,0.8687383532524109,True,28,0.9978127479553223,0.9978127479553223,True,True,True
wifib|device=28|capture=23Jan|frame=2162|row=1964,28,19465,1964,0,10,28,0.7712700366973877,0.7712700366973877,True,28,0.9927181005477905,0.9927181005477905,True,True,True
wifib|device=28|capture=23Jan|frame=2163|row=1965,28,19466,1965,0,10,28,0.854066014289856,0.854066014289856,True,28,0.9956067204475403,0.9956067204475403,True,True,False
wifib|device=28|capture=23Jan|frame=2164|row=1966,28,19467,1966,0,10,28,0.8706328868865967,0.8706328868865967,True,28,0.9931092262268066,0.9931092262268066,True,True,False
wifib|device=28|capture=23Jan|frame=2165|row=1967,28,19468,1967,0,10,28,0.8621237277984619,0.8621237277984619,True,28,0.9966188669204712,0.9966188669204712,True,True,False
wifib|device=28|capture=23Jan|frame=2166|row=1968,28,19469,1968,0,10,28,0.8749339580535889,0.8749339580535889,True,28,0.9749208688735962,0.9749208688735962,True,True,True
wifib|device=28|capture=23Jan|frame=2167|row=1969,28,19470,1969,0,10,28,0.8468965888023376,0.8468965888023376,True,28,0.9940475225448608,0.9940475225448608,True,True,False
wifib|device=28|capture=23Jan|frame=2168|row=1970,28,19471,1970,0,10,28,0.7778987288475037,0.7778987288475037,True,28,0.9908609390258789,0.9908609390258789,True,True,False
wifib|device=28|capture=23Jan|frame=2169|row=1971,28,19472,1971,0,10,28,0.9179760217666626,0.9179760217666626,True,28,0.9788757562637329,0.9788757562637329,True,True,False
wifib|device=28|capture=23Jan|frame=2170|row=1972,28,19473,1972,0,10,28,0.8520472645759583,0.8520472645759583,True,28,0.9945800304412842,0.9945800304412842,True,True,False
wifib|device=28|capture=23Jan|frame=2171|row=1973,28,19474,1973,0,10,28,0.7264674305915833,0.7264674305915833,True,28,0.990420937538147,0.990420937538147,True,True,False
wifib|device=28|capture=23Jan|frame=2172|row=1974,28,19475,1974,0,10,28,0.7075070142745972,0.7075070142745972,True,28,0.9967526197433472,0.9967526197433472,True,True,True
wifib|device=28|capture=23Jan|frame=2173|row=1975,28,19476,1975,0,10,28,0.8057736158370972,0.8057736158370972,True,28,0.9934214949607849,0.9934214949607849,True,True,False
wifib|device=28|capture=23Jan|frame=2767|row=2525,28,20026,2525,1,10,28,0.9256806969642639,0.9256806969642639,True,28,0.9763973951339722,0.9763973951339722,True,True,False
wifib|device=28|capture=23Jan|frame=2768|row=2526,28,20027,2526,1,10,28,0.8887401819229126,0.8887401819229126,True,28,0.9941655397415161,0.9941655397415161,True,True,True
wifib|device=28|capture=23Jan|frame=2769|row=2527,28,20028,2527,1,10,28,0.9285707473754883,0.9285707473754883,True,28,0.9928368926048279,0.9928368926048279,True,True,False
wifib|device=28|capture=23Jan|frame=2770|row=2528,28,20029,2528,1,10,28,0.9298949837684631,0.9298949837684631,True,28,0.9767978191375732,0.9767978191375732,True,True,False
wifib|device=28|capture=23Jan|frame=2771|row=2529,28,20030,2529,1,10,28,0.8973779082298279,0.8973779082298279,True,28,0.9964744448661804,0.9964744448661804,True,True,True
wifib|device=28|capture=23Jan|frame=2772|row=2530,28,20031,2530,1,10,28,0.89296555519104,0.89296555519104,True,28,0.9957597851753235,0.9957597851753235,True,True,True
wifib|device=28|capture=23Jan|frame=2773|row=2531,28,20032,2531,1,10,28,0.8767784833908081,0.8767784833908081,True,28,0.9961810111999512,0.9961810111999512,True,True,False
wifib|device=28|capture=23Jan|frame=2774|row=2532,28,20033,2532,1,10,28,0.9091601371765137,0.9091601371765137,True,28,0.9899284243583679,0.9899284243583679,True,True,False
wifib|device=28|capture=23Jan|frame=2775|row=2533,28,20034,2533,1,10,28,0.8931655287742615,0.8931655287742615,True,28,0.9974435567855835,0.9974435567855835,True,True,False
wifib|device=28|capture=23Jan|frame=2776|row=2534,28,20035,2534,1,10,28,0.8833023905754089,0.8833023905754089,True,28,0.9970019459724426,0.9970019459724426,True,True,False
wifib|device=28|capture=23Jan|frame=2777|row=2535,28,20036,2535,1,10,28,0.8667984008789062,0.8667984008789062,True,28,0.9954909682273865,0.9954909682273865,True,True,False
wifib|device=28|capture=23Jan|frame=2778|row=2536,28,20037,2536,1,10,28,0.8920168876647949,0.8920168876647949,True,28,0.9893178343772888,0.9893178343772888,True,True,False
wifib|device=28|capture=23Jan|frame=2779|row=2537,28,20038,2537,1,10,28,0.8804796934127808,0.8804796934127808,True,28,0.9967687129974365,0.9967687129974365,True,True,True
wifib|device=28|capture=23Jan|frame=2782|row=2538,28,20039,2538,1,10,28,0.9266458749771118,0.9266458749771118,True,28,0.9607928991317749,0.9607928991317749,True,True,False
wifib|device=28|capture=23Jan|frame=2783|row=2539,28,20040,2539,1,10,28,0.884464681148529,0.884464681148529,True,28,0.9954537153244019,0.9954537153244019,True,True,False
wifib|device=28|capture=23Jan|frame=2784|row=2540,28,20041,2540,1,10,28,0.847341001033783,0.847341001033783,True,28,0.9782204031944275,0.9782204031944275,True,True,True
wifib|device=28|capture=23Jan|frame=2785|row=2541,28,20042,2541,1,10,28,0.9254124164581299,0.9254124164581299,True,28,0.9824513792991638,0.9824513792991638,True,True,False
wifib|device=28|capture=23Jan|frame=2786|row=2542,28,20043,2542,1,10,28,0.8760836720466614,0.8760836720466614,True,28,0.9948379397392273,0.9948379397392273,True,True,True
wifib|device=28|capture=23Jan|frame=2787|row=2543,28,20044,2543,1,10,28,0.9463945031166077,0.9463945031166077,True,28,0.9744731783866882,0.9744731783866882,True,True,False
wifib|device=28|capture=23Jan|frame=2788|row=2544,28,20045,2544,1,10,28,0.8927151560783386,0.8927151560783386,True,28,0.9927535653114319,0.9927535653114319,True,True,False
wifib|device=28|capture=23Jan|frame=2789|row=2545,28,20046,2545,1,10,28,0.8640130162239075,0.8640130162239075,True,28,0.9916824102401733,0.9916824102401733,True,True,False
wifib|device=28|capture=23Jan|frame=2790|row=2546,28,20047,2546,1,10,28,0.9008628726005554,0.9008628726005554,True,28,0.9911291599273682,0.9911291599273682,True,True,False
wifib|device=28|capture=23Jan|frame=2791|row=2547,28,20048,2547,1,10,28,0.9356880187988281,0.9356880187988281,True,28,0.9886799454689026,0.9886799454689026,True,True,False
wifib|device=28|capture=23Jan|frame=2792|row=2548,28,20049,2548,1,10,28,0.8761301636695862,0.8761301636695862,True,28,0.9964277148246765,0.9964277148246765,True,True,False
wifib|device=28|capture=23Jan|frame=2793|row=2549,28,20050,2549,1,10,28,0.9136001467704773,0.9136001467704773,True,28,0.9856656193733215,0.9856656193733215,True,True,False
wifib|device=28|capture=23Jan|frame=2794|row=2550,28,20051,2550,1,10,28,0.9124488830566406,0.9124488830566406,True,28,0.9937334656715393,0.9937334656715393,True,True,False
wifib|device=28|capture=23Jan|frame=2795|row=2551,28,20052,2551,1,10,28,0.9092287421226501,0.9092287421226501,True,28,0.9385772943496704,0.9385772943496704,True,True,False
wifib|device=28|capture=23Jan|frame=2796|row=2552,28,20053,2552,1,10,28,0.8862897753715515,0.8862897753715515,True,28,0.9876745343208313,0.9876745343208313,True,True,True
wifib|device=28|capture=23Jan|frame=2797|row=2553,28,20054,2553,1,10,28,0.8622487783432007,0.8622487783432007,True,28,0.9806551933288574,0.9806551933288574,True,True,False
wifib|device=28|capture=23Jan|frame=2798|row=2554,28,20055,2554,1,10,28,0.9194163084030151,0.9194163084030151,True,28,0.9649407267570496,0.9649407267570496,True,True,True
wifib|device=28|capture=23Jan|frame=2799|row=2555,28,20056,2555,1,10,28,0.8842471837997437,0.8842471837997437,True,28,0.9988786578178406,0.9988786578178406,True,True,False
wifib|device=28|capture=23Jan|frame=2800|row=2556,28,20057,2556,1,10,28,0.8197231292724609,0.8197231292724609,True,28,0.9942922592163086,0.9942922592163086,True,True,True
wifib|device=28|capture=23Jan|frame=2801|row=2557,28,20058,2557,1,10,28,0.8858840465545654,0.8858840465545654,True,28,0.9896034002304077,0.9896034002304077,True,True,False
wifib|device=28|capture=23Jan|frame=2802|row=2558,28,20059,2558,1,10,28,0.893862783908844,0.893862783908844,True,28,0.9979467988014221,0.9979467988014221,True,True,False
wifib|device=28|capture=23Jan|frame=2803|row=2559,28,20060,2559,1,10,28,0.9202505350112915,0.9202505350112915,True,28,0.9951862692832947,0.9951862692832947,True,True,False
wifib|device=28|capture=23Jan|frame=2804|row=2560,28,20061,2560,1,10,28,0.8750974535942078,0.8750974535942078,True,28,0.9940548539161682,0.9940548539161682,True,True,False
wifib|device=28|capture=23Jan|frame=3395|row=3110,28,20611,3110,2,10,28,0.9354623556137085,0.9354623556137085,True,28,0.9932249188423157,0.9932249188423157,True,True,False
wifib|device=28|capture=23Jan|frame=3396|row=3111,28,20612,3111,2,10,28,0.9329544901847839,0.9329544901847839,True,28,0.978898286819458,0.978898286819458,True,True,False
wifib|device=28|capture=23Jan|frame=3397|row=3112,28,20613,3112,2,10,28,0.809378445148468,0.809378445148468,True,28,0.996483325958252,0.996483325958252,True,True,False
wifib|device=28|capture=23Jan|frame=3400|row=3113,28,20614,3113,2,10,28,0.9206856489181519,0.9206856489181519,True,28,0.9936508536338806,0.9936508536338806,True,True,False
wifib|device=28|capture=23Jan|frame=3401|row=3114,28,20615,3114,2,10,28,0.9012040495872498,0.9012040495872498,True,28,0.9633395075798035,0.9633395075798035,True,True,False
wifib|device=28|capture=23Jan|frame=3402|row=3115,28,20616,3115,2,10,28,0.898478627204895,0.898478627204895,True,28,0.9900144338607788,0.9900144338607788,True,True,True
wifib|device=28|capture=23Jan|frame=3403|row=3116,28,20617,3116,2,10,28,0.8670804500579834,0.8670804500579834,True,28,0.9980358481407166,0.9980358481407166,True,True,False
wifib|device=28|capture=23Jan|frame=3404|row=3117,28,20618,3117,2,10,28,0.8818334341049194,0.8818334341049194,True,28,0.9934679865837097,0.9934679865837097,True,True,False
wifib|device=28|capture=23Jan|frame=3405|row=3118,28,20619,3118,2,10,28,0.8466112613677979,0.8466112613677979,True,28,0.9891124367713928,0.9891124367713928,True,True,False
wifib|device=28|capture=23Jan|frame=3406|row=3119,28,20620,3119,2,10,28,0.8415794968605042,0.8415794968605042,True,28,0.9969256520271301,0.9969256520271301,True,True,False
wifib|device=28|capture=23Jan|frame=3407|row=3120,28,20621,3120,2,10,28,0.9280641078948975,0.9280641078948975,True,28,0.9961622953414917,0.9961622953414917,True,True,False
wifib|device=28|capture=23Jan|frame=3408|row=3121,28,20622,3121,2,10,28,0.8246893286705017,0.8246893286705017,True,28,0.9956949949264526,0.9956949949264526,True,True,False
wifib|device=28|capture=23Jan|frame=3409|row=3122,28,20623,3122,2,10,28,0.8860601782798767,0.8860601782798767,True,28,0.9938347339630127,0.9938347339630127,True,True,False
wifib|device=28|capture=23Jan|frame=3410|row=3123,28,20624,3123,2,10,28,0.8710611462593079,0.8710611462593079,True,28,0.9976301193237305,0.9976301193237305,True,True,True
wifib|device=28|capture=23Jan|frame=3411|row=3124,28,20625,3124,2,10,28,0.8244926333427429,0.8244926333427429,True,28,0.9919959902763367,0.9919959902763367,True,True,False
wifib|device=28|capture=23Jan|frame=3414|row=3125,28,20626,3125,2,10,28,0.866881251335144,0.866881251335144,True,28,0.9985051155090332,0.9985051155090332,True,True,False
wifib|device=28|capture=23Jan|frame=3415|row=3126,28,20627,3126,2,10,28,0.8412789702415466,0.8412789702415466,True,28,0.9830789566040039,0.9830789566040039,True,True,True
wifib|device=28|capture=23Jan|frame=3416|row=3127,28,20628,3127,2,10,28,0.9285968542098999,0.9285968542098999,True,28,0.9838463068008423,0.9838463068008423,True,True,True
wifib|device=28|capture=23Jan|frame=3417|row=3128,28,20629,3128,2,10,28,0.8510074019432068,0.8510074019432068,True,28,0.9962130784988403,0.9962130784988403,True,True,False
wifib|device=28|capture=23Jan|frame=3418|row=3129,28,20630,3129,2,10,28,0.8667672276496887,0.8667672276496887,True,28,0.996253252029419,0.996253252029419,True,True,False
wifib|device=28|capture=23Jan|frame=3419|row=3130,28,20631,3130,2,10,28,0.9104481339454651,0.9104481339454651,True,28,0.9876073002815247,0.9876073002815247,True,True,True
wifib|device=28|capture=23Jan|frame=3420|row=3131,28,20632,3131,2,10,28,0.8380324244499207,0.8380324244499207,True,28,0.9979665279388428,0.9979665279388428,True,True,False
wifib|device=28|capture=23Jan|frame=3421|row=3132,28,20633,3132,2,10,28,0.9307109713554382,0.9307109713554382,True,28,0.9900885224342346,0.9900885224342346,True,True,True
wifib|device=28|capture=23Jan|frame=3422|row=3133,28,20634,3133,2,10,28,0.9141550660133362,0.9141550660133362,True,28,0.9948431253433228,0.9948431253433228,True,True,True
wifib|device=28|capture=23Jan|frame=3423|row=3134,28,20635,3134,2,10,28,0.90125572681427,0.90125572681427,True,28,0.9794102907180786,0.9794102907180786,True,True,False
wifib|device=28|capture=23Jan|frame=3424|row=3135,28,20636,3135,2,10,28,0.8588122129440308,0.8588122129440308,True,28,0.9912083148956299,0.9912083148956299,True,True,False
wifib|device=28|capture=23Jan|frame=3425|row=3136,28,20637,3136,2,10,28,0.8930660486221313,0.8930660486221313,True,28,0.9983715415000916,0.9983715415000916,True,True,True
wifib|device=28|capture=23Jan|frame=3426|row=3137,28,20638,3137,2,10,28,0.8530994653701782,0.8530994653701782,True,28,0.996024489402771,0.996024489402771,True,True,False
wifib|device=28|capture=23Jan|frame=3427|row=3138,28,20639,3138,2,10,28,0.9248092174530029,0.9248092174530029,True,28,0.9960689544677734,0.9960689544677734,True,True,False
wifib|device=28|capture=23Jan|frame=3428|row=3139,28,20640,3139,2,10,28,0.8991564512252808,0.8991564512252808,True,28,0.9803974628448486,0.9803974628448486,True,True,False
wifib|device=28|capture=23Jan|frame=3429|row=3140,28,20641,3140,2,10,28,0.8527481555938721,0.8527481555938721,True,28,0.9979255199432373,0.9979255199432373,True,True,False
wifib|device=28|capture=23Jan|frame=3430|row=3141,28,20642,3141,2,10,28,0.8986016511917114,0.8986016511917114,True,28,0.9963923096656799,0.9963923096656799,True,True,False
wifib|device=28|capture=23Jan|frame=3431|row=3142,28,20643,3142,2,10,28,0.8593364953994751,0.8593364953994751,True,28,0.9904043674468994,0.9904043674468994,True,True,False
wifib|device=28|capture=23Jan|frame=3432|row=3143,28,20644,3143,2,10,28,0.9033921957015991,0.9033921957015991,True,28,0.9940627217292786,0.9940627217292786,True,True,False
wifib|device=28|capture=23Jan|frame=3433|row=3144,28,20645,3144,2,10,28,0.9242364764213562,0.9242364764213562,True,28,0.9937677383422852,0.9937677383422852,True,True,False
wifib|device=28|capture=23Jan|frame=3434|row=3145,28,20646,3145,2,10,28,0.8605111837387085,0.8605111837387085,True,28,0.9968942403793335,0.9968942403793335,True,True,False
wifib|device=28|capture=23Jan|frame=3435|row=3146,28,20647,3146,2,10,28,0.9333296418190002,0.9333296418190002,True,28,0.9827561378479004,0.9827561378479004,True,True,False
wifib|device=30|capture=23Jan|frame=2122|row=1671,30,22831,1671,0,11,30,0.6583354473114014,0.6583354473114014,True,30,0.9935917258262634,0.9935917258262634,True,True,False
wifib|device=30|capture=23Jan|frame=2123|row=1672,30,22832,1672,0,11,30,0.7035959959030151,0.7035959959030151,True,30,0.9600540995597839,0.9600540995597839,True,True,False
wifib|device=30|capture=23Jan|frame=2126|row=1673,30,22833,1673,0,11,30,0.8702384829521179,0.8702384829521179,True,30,0.9786449670791626,0.9786449670791626,True,True,False
wifib|device=30|capture=23Jan|frame=2131|row=1674,30,22834,1674,0,11,30,0.8122367858886719,0.8122367858886719,True,30,0.9612891674041748,0.9612891674041748,True,True,False
wifib|device=30|capture=23Jan|frame=2132|row=1675,30,22835,1675,0,11,30,0.7424008846282959,0.7424008846282959,True,30,0.9839829206466675,0.9839829206466675,True,True,False
wifib|device=30|capture=23Jan|frame=2135|row=1676,30,22836,1676,0,11,30,0.6359125971794128,0.6359125971794128,True,30,0.7680741548538208,0.7680741548538208,True,True,False
wifib|device=30|capture=23Jan|frame=2136|row=1677,30,22837,1677,0,11,30,0.8430471420288086,0.8430471420288086,True,30,0.8404328227043152,0.8404328227043152,True,True,False
wifib|device=30|capture=23Jan|frame=2137|row=1678,30,22838,1678,0,11,40,0.282619833946228,0.25048133730888367,False,30,0.7914583683013916,0.7914583683013916,True,False,False
wifib|device=30|capture=23Jan|frame=2142|row=1679,30,22839,1679,0,11,30,0.7811413407325745,0.7811413407325745,True,30,0.9569790959358215,0.9569790959358215,True,True,False
wifib|device=30|capture=23Jan|frame=2143|row=1680,30,22840,1680,0,11,30,0.8394849300384521,0.8394849300384521,True,30,0.9771233797073364,0.9771233797073364,True,True,False
wifib|device=30|capture=23Jan|frame=2144|row=1681,30,22841,1681,0,11,30,0.7406991720199585,0.7406991720199585,True,30,0.6727229356765747,0.6727229356765747,True,True,False
wifib|device=30|capture=23Jan|frame=2145|row=1682,30,22842,1682,0,11,30,0.5345532894134521,0.5345532894134521,True,30,0.9006511569023132,0.9006511569023132,True,True,False
wifib|device=30|capture=23Jan|frame=2148|row=1683,30,22843,1683,0,11,30,0.6875808238983154,0.6875808238983154,True,30,0.9435427188873291,0.9435427188873291,True,True,False
wifib|device=30|capture=23Jan|frame=2149|row=1684,30,22844,1684,0,11,30,0.5048887729644775,0.5048887729644775,True,30,0.9637641310691833,0.9637641310691833,True,True,True
wifib|device=30|capture=23Jan|frame=2150|row=1685,30,22845,1685,0,11,30,0.8264246582984924,0.8264246582984924,True,30,0.9000499844551086,0.9000499844551086,True,True,False
wifib|device=30|capture=23Jan|frame=2151|row=1686,30,22846,1686,0,11,30,0.6977450251579285,0.6977450251579285,True,30,0.6885727643966675,0.6885727643966675,True,True,True
wifib|device=30|capture=23Jan|frame=2152|row=1687,30,22847,1687,0,11,30,0.7702634930610657,0.7702634930610657,True,30,0.9821957945823669,0.9821957945823669,True,True,False
wifib|device=30|capture=23Jan|frame=2153|row=1688,30,22848,1688,0,11,30,0.6520805954933167,0.6520805954933167,True,30,0.743739664554596,0.743739664554596,True,True,True
wifib|device=30|capture=23Jan|frame=2154|row=1689,30,22849,1689,0,11,30,0.6166243553161621,0.6166243553161621,True,30,0.9442088007926941,0.9442088007926941,True,True,True
wifib|device=30|capture=23Jan|frame=2155|row=1690,30,22850,1690,0,11,30,0.43274563550949097,0.43274563550949097,True,30,0.9325259327888489,0.9325259327888489,True,True,False
wifib|device=30|capture=23Jan|frame=2156|row=1691,30,22851,1691,0,11,30,0.7365882396697998,0.7365882396697998,True,30,0.7741264700889587,0.7741264700889587,True,True,False
wifib|device=30|capture=23Jan|frame=2157|row=1692,30,22852,1692,0,11,30,0.4931318163871765,0.4931318163871765,True,30,0.9864800572395325,0.9864800572395325,True,True,True
wifib|device=30|capture=23Jan|frame=2158|row=1693,30,22853,1693,0,11,30,0.7009278535842896,0.7009278535842896,True,30,0.8992475867271423,0.8992475867271423,True,True,True
wifib|device=30|capture=23Jan|frame=2159|row=1694,30,22854,1694,0,11,30,0.7104659080505371,0.7104659080505371,True,30,0.6863411664962769,0.6863411664962769,True,True,False
wifib|device=30|capture=23Jan|frame=2160|row=1695,30,22855,1695,0,11,30,0.6503627300262451,0.6503627300262451,True,30,0.7295445203781128,0.7295445203781128,True,True,True
wifib|device=30|capture=23Jan|frame=2163|row=1696,30,22856,1696,0,11,30,0.390563428401947,0.390563428401947,True,30,0.9903824925422668,0.9903824925422668,True,True,False
wifib|device=30|capture=23Jan|frame=2164|row=1697,30,22857,1697,0,11,30,0.7483139634132385,0.7483139634132385,True,30,0.9836574196815491,0.9836574196815491,True,True,False
wifib|device=30|capture=23Jan|frame=2167|row=1698,30,22858,1698,0,11,46,0.5635335445404053,0.2127290964126587,False,30,0.6381161212921143,0.6381161212921143,True,False,False
wifib|device=30|capture=23Jan|frame=2168|row=1699,30,22859,1699,0,11,30,0.735362708568573,0.735362708568573,True,30,0.9724082350730896,0.9724082350730896,True,True,False
wifib|device=30|capture=23Jan|frame=2169|row=1700,30,22860,1700,0,11,30,0.710536003112793,0.710536003112793,True,30,0.9509732127189636,0.9509732127189636,True,True,True
wifib|device=30|capture=23Jan|frame=2170|row=1701,30,22861,1701,0,11,30,0.5711767673492432,0.5711767673492432,True,30,0.9482324719429016,0.9482324719429016,True,True,False
wifib|device=30|capture=23Jan|frame=2171|row=1702,30,22862,1702,0,11,30,0.5502986907958984,0.5502986907958984,True,30,0.972290575504303,0.972290575504303,True,True,False
wifib|device=30|capture=23Jan|frame=2746|row=2176,30,23336,2176,1,11,30,0.5442922115325928,0.5442922115325928,True,30,0.8306522965431213,0.8306522965431213,True,True,False
wifib|device=30|capture=23Jan|frame=2747|row=2177,30,23337,2177,1,11,30,0.7001721262931824,0.7001721262931824,True,30,0.9758126735687256,0.9758126735687256,True,True,True
wifib|device=30|capture=23Jan|frame=2748|row=2178,30,23338,2178,1,11,30,0.6532836556434631,0.6532836556434631,True,30,0.9779874086380005,0.9779874086380005,True,True,True
wifib|device=30|capture=23Jan|frame=2753|row=2179,30,23339,2179,1,11,30,0.7749216556549072,0.7749216556549072,True,30,0.9930639863014221,0.9930639863014221,True,True,True
wifib|device=30|capture=23Jan|frame=2756|row=2180,30,23340,2180,1,11,30,0.7587855458259583,0.7587855458259583,True,30,0.7732754945755005,0.7732754945755005,True,True,False
wifib|device=30|capture=23Jan|frame=2757|row=2181,30,23341,2181,1,11,30,0.721129298210144,0.721129298210144,True,30,0.9930261373519897,0.9930261373519897,True,True,False
wifib|device=30|capture=23Jan|frame=2758|row=2182,30,23342,2182,1,11,30,0.8254740834236145,0.8254740834236145,True,30,0.8669865131378174,0.8669865131378174,True,True,False
wifib|device=30|capture=23Jan|frame=2759|row=2183,30,23343,2183,1,11,30,0.5455679297447205,0.5455679297447205,True,30,0.7529144287109375,0.7529144287109375,True,True,True
wifib|device=30|capture=23Jan|frame=2760|row=2184,30,23344,2184,1,11,30,0.5509694814682007,0.5509694814682007,True,30,0.9622923135757446,0.9622923135757446,True,True,True
wifib|device=30|capture=23Jan|frame=2761|row=2185,30,23345,2185,1,11,30,0.5969902873039246,0.5969902873039246,True,30,0.8715913891792297,0.8715913891792297,True,True,False
wifib|device=30|capture=23Jan|frame=2762|row=2186,30,23346,2186,1,11,30,0.666412353515625,0.666412353515625,True,30,0.9877838492393494,0.9877838492393494,True,True,False
wifib|device=30|capture=23Jan|frame=2763|row=2187,30,23347,2187,1,11,30,0.6174786686897278,0.6174786686897278,True,30,0.8959116339683533,0.8959116339683533,True,True,True
wifib|device=30|capture=23Jan|frame=2764|row=2188,30,23348,2188,1,11,30,0.7461133599281311,0.7461133599281311,True,30,0.9175822734832764,0.9175822734832764,True,True,False
wifib|device=30|capture=23Jan|frame=2765|row=2189,30,23349,2189,1,11,30,0.7966697216033936,0.7966697216033936,True,30,0.9764450192451477,0.9764450192451477,True,True,False
wifib|device=30|capture=23Jan|frame=2766|row=2190,30,23350,2190,1,11,30,0.7114498615264893,0.7114498615264893,True,30,0.8143754005432129,0.8143754005432129,True,True,False
wifib|device=30|capture=23Jan|frame=2767|row=2191,30,23351,2191,1,11,30,0.8667853474617004,0.8667853474617004,True,30,0.9785168766975403,0.9785168766975403,True,True,True
wifib|device=30|capture=23Jan|frame=2768|row=2192,30,23352,2192,1,11,30,0.8476088643074036,0.8476088643074036,True,30,0.8624748587608337,0.8624748587608337,True,True,False
wifib|device=30|capture=23Jan|frame=2769|row=2193,30,23353,2193,1,11,30,0.7032321095466614,0.7032321095466614,True,30,0.9680703282356262,0.9680703282356262,True,True,False
wifib|device=30|capture=23Jan|frame=2770|row=2194,30,23354,2194,1,11,30,0.7050330638885498,0.7050330638885498,True,30,0.9860455393791199,0.9860455393791199,True,True,False
wifib|device=30|capture=23Jan|frame=2771|row=2195,30,23355,2195,1,11,30,0.780872642993927,0.780872642993927,True,30,0.9466204643249512,0.9466204643249512,True,True,False
wifib|device=30|capture=23Jan|frame=2772|row=2196,30,23356,2196,1,11,30,0.5195635557174683,0.5195635557174683,True,30,0.8582221269607544,0.8582221269607544,True,True,False
wifib|device=30|capture=23Jan|frame=2773|row=2197,30,23357,2197,1,11,31,0.5288869142532349,0.35480302572250366,False,30,0.9632968902587891,0.9632968902587891,True,False,False
wifib|device=30|capture=23Jan|frame=2774|row=2198,30,23358,2198,1,11,40,0.47571229934692383,0.21604867279529572,False,40,0.9915482401847839,0.00012698043428827077,False,False,False
wifib|device=30|capture=23Jan|frame=2775|row=2199,30,23359,2199,1,11,30,0.5044379830360413,0.5044379830360413,True,30,0.8256725072860718,0.8256725072860718,True,True,True
wifib|device=30|capture=23Jan|frame=2776|row=2200,30,23360,2200,1,11,30,0.6114333271980286,0.6114333271980286,True,30,0.9091746211051941,0.9091746211051941,True,True,True
wifib|device=30|capture=23Jan|frame=2777|row=2201,30,23361,2201,1,11,30,0.5763543844223022,0.5763543844223022,True,30,0.9067014455795288,0.9067014455795288,True,True,False
wifib|device=30|capture=23Jan|frame=2778|row=2202,30,23362,2202,1,11,31,0.5506001114845276,0.2770955562591553,False,30,0.8302264213562012,0.8302264213562012,True,False,False
wifib|device=30|capture=23Jan|frame=2779|row=2203,30,23363,2203,1,11,30,0.5055137276649475,0.5055137276649475,True,30,0.8602631092071533,0.8602631092071533,True,True,False
wifib|device=30|capture=23Jan|frame=2780|row=2204,30,23364,2204,1,11,30,0.7159772515296936,0.7159772515296936,True,30,0.9496825933456421,0.9496825933456421,True,True,False
wifib|device=30|capture=23Jan|frame=2781|row=2205,30,23365,2205,1,11,30,0.6404784321784973,0.6404784321784973,True,30,0.9920169115066528,0.9920169115066528,True,True,False
wifib|device=30|capture=23Jan|frame=2784|row=2206,30,23366,2206,1,11,30,0.5396242141723633,0.5396242141723633,True,30,0.9607422947883606,0.9607422947883606,True,True,False
wifib|device=30|capture=23Jan|frame=3395|row=2680,30,23840,2680,2,11,30,0.4649278223514557,0.4649278223514557,True,30,0.9877440333366394,0.9877440333366394,True,True,False
wifib|device=30|capture=23Jan|frame=3396|row=2681,30,23841,2681,2,11,30,0.4494292736053467,0.4494292736053467,True,30,0.7548864483833313,0.7548864483833313,True,True,False
wifib|device=30|capture=23Jan|frame=3397|row=2682,30,23842,2682,2,11,31,0.3643803298473358,0.2685466408729553,False,30,0.8224191069602966,0.8224191069602966,True,False,False
wifib|device=30|capture=23Jan|frame=3400|row=2683,30,23843,2683,2,11,30,0.678084135055542,0.678084135055542,True,30,0.6744993329048157,0.6744993329048157,True,True,False
wifib|device=30|capture=23Jan|frame=3401|row=2684,30,23844,2684,2,11,46,0.4693221151828766,0.25508546829223633,False,30,0.9196994304656982,0.9196994304656982,True,False,False
wifib|device=30|capture=23Jan|frame=3402|row=2685,30,23845,2685,2,11,30,0.6242436766624451,0.6242436766624451,True,30,0.9817905426025391,0.9817905426025391,True,True,True
wifib|device=30|capture=23Jan|frame=3403|row=2686,30,23846,2686,2,11,30,0.7387593388557434,0.7387593388557434,True,30,0.7584342956542969,0.7584342956542969,True,True,False
wifib|device=30|capture=23Jan|frame=3404|row=2687,30,23847,2687,2,11,30,0.36628514528274536,0.36628514528274536,True,30,0.9186813235282898,0.9186813235282898,True,True,False
wifib|device=30|capture=23Jan|frame=3405|row=2688,30,23848,2688,2,11,30,0.45154592394828796,0.45154592394828796,True,30,0.946625828742981,0.946625828742981,True,True,False
wifib|device=30|capture=23Jan|frame=3406|row=2689,30,23849,2689,2,11,30,0.7100920677185059,0.7100920677185059,True,30,0.9815050959587097,0.9815050959587097,True,True,True
wifib|device=30|capture=23Jan|frame=3407|row=2690,30,23850,2690,2,11,30,0.458793044090271,0.458793044090271,True,30,0.9400870203971863,0.9400870203971863,True,True,False
wifib|device=30|capture=23Jan|frame=3410|row=2691,30,23851,2691,2,11,30,0.7606585621833801,0.7606585621833801,True,30,0.9759392738342285,0.9759392738342285,True,True,True
wifib|device=30|capture=23Jan|frame=3413|row=2692,30,23852,2692,2,11,30,0.7570032477378845,0.7570032477378845,True,30,0.9886067509651184,0.9886067509651184,True,True,True
wifib|device=30|capture=23Jan|frame=3414|row=2693,30,23853,2693,2,11,30,0.8071224093437195,0.8071224093437195,True,30,0.9899387359619141,0.9899387359619141,True,True,False
wifib|device=30|capture=23Jan|frame=3415|row=2694,30,23854,2694,2,11,30,0.6242144107818604,0.6242144107818604,True,30,0.9777604937553406,0.9777604937553406,True,True,True
wifib|device=30|capture=23Jan|frame=3416|row=2695,30,23855,2695,2,11,30,0.8368492722511292,0.8368492722511292,True,30,0.9278989434242249,0.9278989434242249,True,True,False
wifib|device=30|capture=23Jan|frame=3417|row=2696,30,23856,2696,2,11,30,0.7508639693260193,0.7508639693260193,True,30,0.9549220204353333,0.9549220204353333,True,True,False
wifib|device=30|capture=23Jan|frame=3418|row=2697,30,23857,2697,2,11,40,0.2966591715812683,0.24918265640735626,False,30,0.900601327419281,0.900601327419281,True,False,False
wifib|device=30|capture=23Jan|frame=3419|row=2698,30,23858,2698,2,11,30,0.281934529542923,0.281934529542923,True,30,0.9443181157112122,0.9443181157112122,True,True,False
wifib|device=30|capture=23Jan|frame=3420|row=2699,30,23859,2699,2,11,30,0.5005915760993958,0.5005915760993958,True,30,0.907917857170105,0.907917857170105,True,True,False
wifib|device=30|capture=23Jan|frame=3421|row=2700,30,23860,2700,2,11,30,0.6423211097717285,0.6423211097717285,True,30,0.8624207377433777,0.8624207377433777,True,True,True
wifib|device=30|capture=23Jan|frame=3422|row=2701,30,23861,2701,2,11,30,0.7812093496322632,0.7812093496322632,True,30,0.9920268654823303,0.9920268654823303,True,True,False
wifib|device=30|capture=23Jan|frame=3423|row=2702,30,23862,2702,2,11,30,0.7859453558921814,0.7859453558921814,True,30,0.8541750311851501,0.8541750311851501,True,True,False
wifib|device=30|capture=23Jan|frame=3424|row=2703,30,23863,2703,2,11,30,0.756173849105835,0.756173849105835,True,30,0.7360349297523499,0.7360349297523499,True,True,False
wifib|device=30|capture=23Jan|frame=3425|row=2704,30,23864,2704,2,11,30,0.7962802052497864,0.7962802052497864,True,30,0.7335994243621826,0.7335994243621826,True,True,False
wifib|device=30|capture=23Jan|frame=3426|row=2705,30,23865,2705,2,11,30,0.7932038903236389,0.7932038903236389,True,30,0.9336327314376831,0.9336327314376831,True,True,False
wifib|device=30|capture=23Jan|frame=3430|row=2706,30,23866,2706,2,11,30,0.618688702583313,0.618688702583313,True,30,0.9404345154762268,0.9404345154762268,True,True,True
wifib|device=30|capture=23Jan|frame=3431|row=2707,30,23867,2707,2,11,31,0.5543610453605652,0.2750926613807678,False,30,0.8335939645767212,0.8335939645767212,True,False,False
wifib|device=30|capture=23Jan|frame=3432|row=2708,30,23868,2708,2,11,30,0.8562058210372925,0.8562058210372925,True,30,0.9741747379302979,0.9741747379302979,True,True,True
wifib|device=30|capture=23Jan|frame=3433|row=2709,30,23869,2709,2,11,30,0.5937752723693848,0.5937752723693848,True,30,0.908896267414093,0.908896267414093,True,True,False
wifib|device=30|capture=23Jan|frame=3434|row=2710,30,23870,2710,2,11,30,0.5418074727058411,0.5418074727058411,True,30,0.9706391096115112,0.9706391096115112,True,True,False
wifib|device=30|capture=23Jan|frame=3437|row=2711,30,23871,2711,2,11,30,0.6659276485443115,0.6659276485443115,True,30,0.9874241948127747,0.9874241948127747,True,True,False
wifib|device=31|capture=23Jan|frame=2150|row=1959,31,26272,1959,0,12,31,0.6919692158699036,0.6919692158699036,True,31,0.9607603549957275,0.9607603549957275,True,True,True
wifib|device=31|capture=23Jan|frame=2151|row=1960,31,26273,1960,0,12,31,0.7686506509780884,0.7686506509780884,True,31,0.9950125813484192,0.9950125813484192,True,True,True
wifib|device=31|capture=23Jan|frame=2152|row=1961,31,26274,1961,0,12,31,0.6679733991622925,0.6679733991622925,True,31,0.9890186786651611,0.9890186786651611,True,True,False
wifib|device=31|capture=23Jan|frame=2153|row=1962,31,26275,1962,0,12,31,0.6061124801635742,0.6061124801635742,True,31,0.9859821796417236,0.9859821796417236,True,True,False
wifib|device=31|capture=23Jan|frame=2154|row=1963,31,26276,1963,0,12,31,0.8113252520561218,0.8113252520561218,True,31,0.9955868721008301,0.9955868721008301,True,True,False
wifib|device=31|capture=23Jan|frame=2155|row=1964,31,26277,1964,0,12,31,0.5590962767601013,0.5590962767601013,True,31,0.9742084741592407,0.9742084741592407,True,True,False
wifib|device=31|capture=23Jan|frame=2156|row=1965,31,26278,1965,0,12,31,0.5287240147590637,0.5287240147590637,True,31,0.9926615953445435,0.9926615953445435,True,True,False
wifib|device=31|capture=23Jan|frame=2157|row=1966,31,26279,1966,0,12,31,0.6282828450202942,0.6282828450202942,True,31,0.9882777333259583,0.9882777333259583,True,True,False
wifib|device=31|capture=23Jan|frame=2158|row=1967,31,26280,1967,0,12,31,0.5091383457183838,0.5091383457183838,True,31,0.9855645298957825,0.9855645298957825,True,True,True
wifib|device=31|capture=23Jan|frame=2159|row=1968,31,26281,1968,0,12,31,0.5050811767578125,0.5050811767578125,True,31,0.9819120168685913,0.9819120168685913,True,True,True
wifib|device=31|capture=23Jan|frame=2162|row=1969,31,26282,1969,0,12,31,0.4833000600337982,0.4833000600337982,True,31,0.989774227142334,0.989774227142334,True,True,False
wifib|device=31|capture=23Jan|frame=2163|row=1970,31,26283,1970,0,12,31,0.6934674382209778,0.6934674382209778,True,31,0.9533071517944336,0.9533071517944336,True,True,True
wifib|device=31|capture=23Jan|frame=2164|row=1971,31,26284,1971,0,12,31,0.7659378051757812,0.7659378051757812,True,31,0.9895245432853699,0.9895245432853699,True,True,False
wifib|device=31|capture=23Jan|frame=2165|row=1972,31,26285,1972,0,12,31,0.8427060842514038,0.8427060842514038,True,31,0.988713264465332,0.988713264465332,True,True,False
wifib|device=31|capture=23Jan|frame=2166|row=1973,31,26286,1973,0,12,31,0.5224816799163818,0.5224816799163818,True,31,0.9969339370727539,0.9969339370727539,True,True,False
wifib|device=31|capture=23Jan|frame=2167|row=1974,31,26287,1974,0,12,31,0.7781053185462952,0.7781053185462952,True,31,0.9909798502922058,0.9909798502922058,True,True,False
wifib|device=31|capture=23Jan|frame=2168|row=1975,31,26288,1975,0,12,31,0.5277279019355774,0.5277279019355774,True,31,0.9961530566215515,0.9961530566215515,True,True,False
wifib|device=31|capture=23Jan|frame=2169|row=1976,31,26289,1976,0,12,31,0.6105517745018005,0.6105517745018005,True,31,0.991838276386261,0.991838276386261,True,True,False
wifib|device=31|capture=23Jan|frame=2170|row=1977,31,26290,1977,0,12,31,0.6732093095779419,0.6732093095779419,True,31,0.9624195694923401,0.9624195694923401,True,True,False
wifib|device=31|capture=23Jan|frame=2171|row=1978,31,26291,1978,0,12,31,0.5582719445228577,0.5582719445228577,True,31,0.9708540439605713,0.9708540439605713,True,True,True
wifib|device=31|capture=23Jan|frame=2172|row=1979,31,26292,1979,0,12,31,0.4298664331436157,0.4298664331436157,True,31,0.9941704869270325,0.9941704869270325,True,True,True
wifib|device=31|capture=23Jan|frame=2173|row=1980,31,26293,1980,0,12,31,0.5938558578491211,0.5938558578491211,True,31,0.9762500524520874,0.9762500524520874,True,True,False
wifib|device=31|capture=23Jan|frame=2174|row=1981,31,26294,1981,0,12,31,0.7480747699737549,0.7480747699737549,True,31,0.9933521747589111,0.9933521747589111,True,True,False
wifib|device=31|capture=23Jan|frame=2175|row=1982,31,26295,1982,0,12,31,0.8045299053192139,0.8045299053192139,True,31,0.9942377805709839,0.9942377805709839,True,True,False
wifib|device=31|capture=23Jan|frame=2176|row=1983,31,26296,1983,0,12,31,0.7285918593406677,0.7285918593406677,True,31,0.9950706958770752,0.9950706958770752,True,True,False
wifib|device=31|capture=23Jan|frame=2177|row=1984,31,26297,1984,0,12,40,0.5271550416946411,0.22820596396923065,False,31,0.9716694355010986,0.9716694355010986,True,False,False
wifib|device=31|capture=23Jan|frame=2178|row=1985,31,26298,1985,0,12,31,0.7773021459579468,0.7773021459579468,True,31,0.9920663833618164,0.9920663833618164,True,True,False
wifib|device=31|capture=23Jan|frame=2182|row=1986,31,26299,1986,0,12,31,0.8171221613883972,0.8171221613883972,True,31,0.996587872505188,0.996587872505188,True,True,False
wifib|device=31|capture=23Jan|frame=2183|row=1987,31,26300,1987,0,12,31,0.7492641806602478,0.7492641806602478,True,31,0.9948845505714417,0.9948845505714417,True,True,False
wifib|device=31|capture=23Jan|frame=2184|row=1988,31,26301,1988,0,12,31,0.8573029041290283,0.8573029041290283,True,31,0.9962970614433289,0.9962970614433289,True,True,False
wifib|device=31|capture=23Jan|frame=2185|row=1989,31,26302,1989,0,12,31,0.7842881679534912,0.7842881679534912,True,31,0.9742670655250549,0.9742670655250549,True,True,False
wifib|device=31|capture=23Jan|frame=2186|row=1990,31,26303,1990,0,12,31,0.7465962171554565,0.7465962171554565,True,31,0.994803249835968,0.994803249835968,True,True,False
wifib|device=31|capture=23Jan|frame=2187|row=1991,31,26304,1991,0,12,31,0.7790776491165161,0.7790776491165161,True,31,0.9902549386024475,0.9902549386024475,True,True,False
wifib|device=31|capture=23Jan|frame=2188|row=1992,31,26305,1992,0,12,31,0.6685333251953125,0.6685333251953125,True,31,0.9887953996658325,0.9887953996658325,True,True,False
wifib|device=31|capture=23Jan|frame=2189|row=1993,31,26306,1993,0,12,31,0.7278256416320801,0.7278256416320801,True,31,0.9966018199920654,0.9966018199920654,True,True,True
wifib|device=31|capture=23Jan|frame=2190|row=1994,31,26307,1994,0,12,31,0.6471498608589172,0.6471498608589172,True,31,0.99442058801651,0.99442058801651,True,True,False
wifib|device=31|capture=23Jan|frame=2191|row=1995,31,26308,1995,0,12,31,0.7355561852455139,0.7355561852455139,True,31,0.9918808341026306,0.9918808341026306,True,True,False
wifib|device=31|capture=23Jan|frame=2784|row=2551,31,26864,2551,1,12,31,0.6555334329605103,0.6555334329605103,True,31,0.9943541288375854,0.9943541288375854,True,True,True
wifib|device=31|capture=23Jan|frame=2785|row=2552,31,26865,2552,1,12,31,0.7754467725753784,0.7754467725753784,True,31,0.9772751927375793,0.9772751927375793,True,True,True
wifib|device=31|capture=23Jan|frame=2786|row=2553,31,26866,2553,1,12,31,0.6519620418548584,0.6519620418548584,True,31,0.989662766456604,0.989662766456604,True,True,False
wifib|device=31|capture=23Jan|frame=2787|row=2554,31,26867,2554,1,12,31,0.5314206480979919,0.5314206480979919,True,31,0.9445223212242126,0.9445223212242126,True,True,False
wifib|device=31|capture=23Jan|frame=2788|row=2555,31,26868,2555,1,12,31,0.4797545373439789,0.4797545373439789,True,31,0.9722550511360168,0.9722550511360168,True,True,True
wifib|device=31|capture=23Jan|frame=2789|row=2556,31,26869,2556,1,12,31,0.6517120003700256,0.6517120003700256,True,31,0.9828853607177734,0.9828853607177734,True,True,False
wifib|device=31|capture=23Jan|frame=2790|row=2557,31,26870,2557,1,12,31,0.6064533591270447,0.6064533591270447,True,31,0.9932711720466614,0.9932711720466614,True,True,False
wifib|device=31|capture=23Jan|frame=2791|row=2558,31,26871,2558,1,12,31,0.3873356580734253,0.3873356580734253,True,31,0.9693361520767212,0.9693361520767212,True,True,False
wifib|device=31|capture=23Jan|frame=2792|row=2559,31,26872,2559,1,12,31,0.4294452369213104,0.4294452369213104,True,31,0.9893324375152588,0.9893324375152588,True,True,False
wifib|device=31|capture=23Jan|frame=2793|row=2560,31,26873,2560,1,12,31,0.6700875759124756,0.6700875759124756,True,31,0.9878563284873962,0.9878563284873962,True,True,False
wifib|device=31|capture=23Jan|frame=2794|row=2561,31,26874,2561,1,12,31,0.5464358329772949,0.5464358329772949,True,31,0.9871101379394531,0.9871101379394531,True,True,False
wifib|device=31|capture=23Jan|frame=2795|row=2562,31,26875,2562,1,12,31,0.7533833980560303,0.7533833980560303,True,31,0.9810613393783569,0.9810613393783569,True,True,False
wifib|device=31|capture=23Jan|frame=2796|row=2563,31,26876,2563,1,12,31,0.5614815950393677,0.5614815950393677,True,31,0.9861487150192261,0.9861487150192261,True,True,False
wifib|device=31|capture=23Jan|frame=2797|row=2564,31,26877,2564,1,12,31,0.5306715369224548,0.5306715369224548,True,31,0.9592002630233765,0.9592002630233765,True,True,False
wifib|device=31|capture=23Jan|frame=2800|row=2565,31,26878,2565,1,12,31,0.7149415016174316,0.7149415016174316,True,31,0.9964621663093567,0.9964621663093567,True,True,False
wifib|device=31|capture=23Jan|frame=2801|row=2566,31,26879,2566,1,12,31,0.7274036407470703,0.7274036407470703,True,31,0.9941809773445129,0.9941809773445129,True,True,False
wifib|device=31|capture=23Jan|frame=2802|row=2567,31,26880,2567,1,12,31,0.65740567445755,0.65740567445755,True,31,0.9948253631591797,0.9948253631591797,True,True,False
wifib|device=31|capture=23Jan|frame=2803|row=2568,31,26881,2568,1,12,31,0.5519306063652039,0.5519306063652039,True,31,0.9526243209838867,0.9526243209838867,True,True,False
wifib|device=31|capture=23Jan|frame=2804|row=2569,31,26882,2569,1,12,31,0.7149397134780884,0.7149397134780884,True,31,0.9822527170181274,0.9822527170181274,True,True,True
wifib|device=31|capture=23Jan|frame=2805|row=2570,31,26883,2570,1,12,31,0.7941136360168457,0.7941136360168457,True,31,0.9960075616836548,0.9960075616836548,True,True,False
wifib|device=31|capture=23Jan|frame=2806|row=2571,31,26884,2571,1,12,31,0.5118746161460876,0.5118746161460876,True,31,0.9843506813049316,0.9843506813049316,True,True,False
wifib|device=31|capture=23Jan|frame=2807|row=2572,31,26885,2572,1,12,31,0.6708757281303406,0.6708757281303406,True,31,0.9960731267929077,0.9960731267929077,True,True,False
wifib|device=31|capture=23Jan|frame=2808|row=2573,31,26886,2573,1,12,46,0.5990180373191833,0.2218124121427536,False,31,0.9826479554176331,0.9826479554176331,True,False,False
wifib|device=31|capture=23Jan|frame=2809|row=2574,31,26887,2574,1,12,31,0.6774153113365173,0.6774153113365173,True,31,0.9937454462051392,0.9937454462051392,True,True,True
wifib|device=31|capture=23Jan|frame=2810|row=2575,31,26888,2575,1,12,31,0.5487069487571716,0.5487069487571716,True,31,0.9946959614753723,0.9946959614753723,True,True,False
wifib|device=31|capture=23Jan|frame=2811|row=2576,31,26889,2576,1,12,31,0.7247540354728699,0.7247540354728699,True,31,0.9838189482688904,0.9838189482688904,True,True,False
wifib|device=31|capture=23Jan|frame=2812|row=2577,31,26890,2577,1,12,31,0.7334154844284058,0.7334154844284058,True,31,0.9882133603096008,0.9882133603096008,True,True,True
wifib|device=31|capture=23Jan|frame=2813|row=2578,31,26891,2578,1,12,31,0.54815673828125,0.54815673828125,True,31,0.9498279690742493,0.9498279690742493,True,True,False
wifib|device=31|capture=23Jan|frame=2814|row=2579,31,26892,2579,1,12,31,0.5383151769638062,0.5383151769638062,True,31,0.9821927547454834,0.9821927547454834,True,True,True
wifib|device=31|capture=23Jan|frame=2815|row=2580,31,26893,2580,1,12,31,0.8427593111991882,0.8427593111991882,True,31,0.9959547519683838,0.9959547519683838,True,True,False
wifib|device=31|capture=23Jan|frame=2816|row=2581,31,26894,2581,1,12,31,0.6891497373580933,0.6891497373580933,True,31,0.9961689114570618,0.9961689114570618,True,True,True
wifib|device=31|capture=23Jan|frame=2817|row=2582,31,26895,2582,1,12,31,0.8177047967910767,0.8177047967910767,True,31,0.995063841342926,0.995063841342926,True,True,True
wifib|device=31|capture=23Jan|frame=2818|row=2583,31,26896,2583,1,12,31,0.49189111590385437,0.49189111590385437,True,31,0.991000235080719,0.991000235080719,True,True,False
wifib|device=31|capture=23Jan|frame=2819|row=2584,31,26897,2584,1,12,31,0.6265368461608887,0.6265368461608887,True,31,0.9951510429382324,0.9951510429382324,True,True,False
wifib|device=31|capture=23Jan|frame=2820|row=2585,31,26898,2585,1,12,31,0.8581482172012329,0.8581482172012329,True,31,0.990898072719574,0.990898072719574,True,True,False
wifib|device=31|capture=23Jan|frame=2821|row=2586,31,26899,2586,1,12,31,0.8092652559280396,0.8092652559280396,True,31,0.9882750511169434,0.9882750511169434,True,True,False
wifib|device=31|capture=23Jan|frame=2822|row=2587,31,26900,2587,1,12,31,0.7186095118522644,0.7186095118522644,True,31,0.9926209449768066,0.9926209449768066,True,True,False
wifib|device=31|capture=23Jan|frame=3409|row=3142,31,27455,3142,2,12,31,0.42383089661598206,0.42383089661598206,True,31,0.9837777614593506,0.9837777614593506,True,True,True
wifib|device=31|capture=23Jan|frame=3410|row=3143,31,27456,3143,2,12,31,0.7646734118461609,0.7646734118461609,True,31,0.9872587323188782,0.9872587323188782,True,True,True
wifib|device=31|capture=23Jan|frame=3411|row=3144,31,27457,3144,2,12,31,0.6681100726127625,0.6681100726127625,True,31,0.9902483820915222,0.9902483820915222,True,True,False
wifib|device=31|capture=23Jan|frame=3412|row=3145,31,27458,3145,2,12,31,0.41818884015083313,0.41818884015083313,True,31,0.9950692653656006,0.9950692653656006,True,True,False
wifib|device=31|capture=23Jan|frame=3413|row=3146,31,27459,3146,2,12,31,0.6000178456306458,0.6000178456306458,True,31,0.9946964979171753,0.9946964979171753,True,True,False
wifib|device=31|capture=23Jan|frame=3414|row=3147,31,27460,3147,2,12,31,0.5994198322296143,0.5994198322296143,True,31,0.9907812476158142,0.9907812476158142,True,True,False
wifib|device=31|capture=23Jan|frame=3415|row=3148,31,27461,3148,2,12,31,0.8245769143104553,0.8245769143104553,True,31,0.9975835084915161,0.9975835084915161,True,True,False
wifib|device=31|capture=23Jan|frame=3416|row=3149,31,27462,3149,2,12,31,0.6681194305419922,0.6681194305419922,True,31,0.9904142022132874,0.9904142022132874,True,True,True
wifib|device=31|capture=23Jan|frame=3417|row=3150,31,27463,3150,2,12,31,0.7328891158103943,0.7328891158103943,True,31,0.9865282773971558,0.9865282773971558,True,True,False
wifib|device=31|capture=23Jan|frame=3418|row=3151,31,27464,3151,2,12,31,0.5377274751663208,0.5377274751663208,True,31,0.9834306240081787,0.9834306240081787,True,True,True
wifib|device=31|capture=23Jan|frame=3419|row=3152,31,27465,3152,2,12,31,0.6629315614700317,0.6629315614700317,True,31,0.9965301156044006,0.9965301156044006,True,True,True
wifib|device=31|capture=23Jan|frame=3420|row=3153,31,27466,3153,2,12,31,0.8563557267189026,0.8563557267189026,True,31,0.9723860025405884,0.9723860025405884,True,True,False
wifib|device=31|capture=23Jan|frame=3421|row=3154,31,27467,3154,2,12,31,0.7168262004852295,0.7168262004852295,True,31,0.9914259910583496,0.9914259910583496,True,True,False
wifib|device=31|capture=23Jan|frame=3422|row=3155,31,27468,3155,2,12,31,0.8230404853820801,0.8230404853820801,True,31,0.993685781955719,0.993685781955719,True,True,False
wifib|device=31|capture=23Jan|frame=3423|row=3156,31,27469,3156,2,12,31,0.7260151505470276,0.7260151505470276,True,31,0.982672929763794,0.982672929763794,True,True,False
wifib|device=31|capture=23Jan|frame=3424|row=3157,31,27470,3157,2,12,31,0.4953925609588623,0.4953925609588623,True,31,0.9507400989532471,0.9507400989532471,True,True,False
wifib|device=31|capture=23Jan|frame=3425|row=3158,31,27471,3158,2,12,31,0.8220514059066772,0.8220514059066772,True,31,0.9056849479675293,0.9056849479675293,True,True,True
wifib|device=31|capture=23Jan|frame=3426|row=3159,31,27472,3159,2,12,31,0.7640581130981445,0.7640581130981445,True,31,0.9956619143486023,0.9956619143486023,True,True,False
wifib|device=31|capture=23Jan|frame=3427|row=3160,31,27473,3160,2,12,31,0.5269395112991333,0.5269395112991333,True,31,0.9917879700660706,0.9917879700660706,True,True,True
wifib|device=31|capture=23Jan|frame=3428|row=3161,31,27474,3161,2,12,31,0.6874708533287048,0.6874708533287048,True,31,0.995073139667511,0.995073139667511,True,True,False
wifib|device=31|capture=23Jan|frame=3429|row=3162,31,27475,3162,2,12,31,0.5596509575843811,0.5596509575843811,True,31,0.9580538272857666,0.9580538272857666,True,True,False
wifib|device=31|capture=23Jan|frame=3430|row=3163,31,27476,3163,2,12,31,0.8286705613136292,0.8286705613136292,True,31,0.9900186061859131,0.9900186061859131,True,True,False
wifib|device=31|capture=23Jan|frame=3431|row=3164,31,27477,3164,2,12,40,0.4439865052700043,0.3933027684688568,False,31,0.979896068572998,0.979896068572998,True,False,False
wifib|device=31|capture=23Jan|frame=3432|row=3165,31,27478,3165,2,12,31,0.5344306826591492,0.5344306826591492,True,31,0.9941108822822571,0.9941108822822571,True,True,False
wifib|device=31|capture=23Jan|frame=3433|row=3166,31,27479,3166,2,12,31,0.6677122712135315,0.6677122712135315,True,31,0.99272620677948,0.99272620677948,True,True,False
wifib|device=31|capture=23Jan|frame=3434|row=3167,31,27480,3167,2,12,31,0.6850462555885315,0.6850462555885315,True,31,0.9808937311172485,0.9808937311172485,True,True,False
wifib|device=31|capture=23Jan|frame=3435|row=3168,31,27481,3168,2,12,31,0.745859682559967,0.745859682559967,True,31,0.9930433034896851,0.9930433034896851,True,True,False
wifib|device=31|capture=23Jan|frame=3436|row=3169,31,27482,3169,2,12,31,0.6799635291099548,0.6799635291099548,True,31,0.9576417803764343,0.9576417803764343,True,True,False
wifib|device=31|capture=23Jan|frame=3439|row=3170,31,27483,3170,2,12,31,0.5663776397705078,0.5663776397705078,True,31,0.9863648414611816,0.9863648414611816,True,True,True
wifib|device=31|capture=23Jan|frame=3440|row=3171,31,27484,3171,2,12,31,0.5885885953903198,0.5885885953903198,True,31,0.993306577205658,0.993306577205658,True,True,False
wifib|device=31|capture=23Jan|frame=3441|row=3172,31,27485,3172,2,12,31,0.6717852354049683,0.6717852354049683,True,31,0.9853095412254333,0.9853095412254333,True,True,False
wifib|device=31|capture=23Jan|frame=3442|row=3173,31,27486,3173,2,12,31,0.6942094564437866,0.6942094564437866,True,31,0.9938556551933289,0.9938556551933289,True,True,False
wifib|device=31|capture=23Jan|frame=3443|row=3174,31,27487,3174,2,12,31,0.8081933259963989,0.8081933259963989,True,31,0.9900928139686584,0.9900928139686584,True,True,False
wifib|device=31|capture=23Jan|frame=3444|row=3175,31,27488,3175,2,12,31,0.7067727446556091,0.7067727446556091,True,31,0.9643572568893433,0.9643572568893433,True,True,False
wifib|device=31|capture=23Jan|frame=3445|row=3176,31,27489,3176,2,12,31,0.7487200498580933,0.7487200498580933,True,31,0.992783784866333,0.992783784866333,True,True,False
wifib|device=31|capture=23Jan|frame=3446|row=3177,31,27490,3177,2,12,31,0.7822896838188171,0.7822896838188171,True,31,0.9975292086601257,0.9975292086601257,True,True,False
wifib|device=31|capture=23Jan|frame=3449|row=3178,31,27491,3178,2,12,31,0.6219223737716675,0.6219223737716675,True,31,0.9895849823951721,0.9895849823951721,True,True,False
wifib|device=4|capture=23Jan|frame=2131|row=1927,4,29937,1927,0,1,4,0.9001820087432861,0.9001820087432861,True,4,0.9968494772911072,0.9968494772911072,True,True,False
wifib|device=4|capture=23Jan|frame=2134|row=1928,4,29938,1928,0,1,4,0.9376471042633057,0.9376471042633057,True,4,0.9984400868415833,0.9984400868415833,True,True,False
wifib|device=4|capture=23Jan|frame=2135|row=1929,4,29939,1929,0,1,4,0.6935041546821594,0.6935041546821594,True,4,0.9975188970565796,0.9975188970565796,True,True,True
wifib|device=4|capture=23Jan|frame=2136|row=1930,4,29940,1930,0,1,4,0.8441352844238281,0.8441352844238281,True,4,0.9945776462554932,0.9945776462554932,True,True,True
wifib|device=4|capture=23Jan|frame=2137|row=1931,4,29941,1931,0,1,4,0.9051167964935303,0.9051167964935303,True,4,0.9985091090202332,0.9985091090202332,True,True,False
wifib|device=4|capture=23Jan|frame=2138|row=1932,4,29942,1932,0,1,4,0.9405806660652161,0.9405806660652161,True,4,0.9932128190994263,0.9932128190994263,True,True,False
wifib|device=4|capture=23Jan|frame=2139|row=1933,4,29943,1933,0,1,4,0.8251923322677612,0.8251923322677612,True,4,0.9983737468719482,0.9983737468719482,True,True,True
wifib|device=4|capture=23Jan|frame=2140|row=1934,4,29944,1934,0,1,4,0.885518491268158,0.885518491268158,True,4,0.9976539015769958,0.9976539015769958,True,True,False
wifib|device=4|capture=23Jan|frame=2141|row=1935,4,29945,1935,0,1,4,0.8986191749572754,0.8986191749572754,True,4,0.9865368008613586,0.9865368008613586,True,True,False
wifib|device=4|capture=23Jan|frame=2142|row=1936,4,29946,1936,0,1,4,0.8817211985588074,0.8817211985588074,True,4,0.9987491369247437,0.9987491369247437,True,True,False
wifib|device=4|capture=23Jan|frame=2143|row=1937,4,29947,1937,0,1,4,0.862305760383606,0.862305760383606,True,4,0.9979981780052185,0.9979981780052185,True,True,True
wifib|device=4|capture=23Jan|frame=2144|row=1938,4,29948,1938,0,1,4,0.8782597780227661,0.8782597780227661,True,4,0.9966756105422974,0.9966756105422974,True,True,False
wifib|device=4|capture=23Jan|frame=2145|row=1939,4,29949,1939,0,1,4,0.8842931985855103,0.8842931985855103,True,4,0.957261860370636,0.957261860370636,True,True,False
wifib|device=4|capture=23Jan|frame=2146|row=1940,4,29950,1940,0,1,4,0.8320128321647644,0.8320128321647644,True,4,0.9948061108589172,0.9948061108589172,True,True,False
wifib|device=4|capture=23Jan|frame=2147|row=1941,4,29951,1941,0,1,4,0.8786677718162537,0.8786677718162537,True,4,0.9977311491966248,0.9977311491966248,True,True,False
wifib|device=4|capture=23Jan|frame=2148|row=1942,4,29952,1942,0,1,4,0.91329425573349,0.91329425573349,True,4,0.9979027509689331,0.9979027509689331,True,True,False
wifib|device=4|capture=23Jan|frame=2149|row=1943,4,29953,1943,0,1,4,0.8706516027450562,0.8706516027450562,True,4,0.9982931017875671,0.9982931017875671,True,True,True
wifib|device=4|capture=23Jan|frame=2150|row=1944,4,29954,1944,0,1,4,0.8310447335243225,0.8310447335243225,True,4,0.9977853298187256,0.9977853298187256,True,True,False
wifib|device=4|capture=23Jan|frame=2151|row=1945,4,29955,1945,0,1,4,0.8875643014907837,0.8875643014907837,True,4,0.9981328845024109,0.9981328845024109,True,True,False
wifib|device=4|capture=23Jan|frame=2152|row=1946,4,29956,1946,0,1,4,0.8905854821205139,0.8905854821205139,True,4,0.9978235960006714,0.9978235960006714,True,True,False
wifib|device=4|capture=23Jan|frame=2155|row=1947,4,29957,1947,0,1,4,0.8854597806930542,0.8854597806930542,True,4,0.9984560012817383,0.9984560012817383,True,True,False
wifib|device=4|capture=23Jan|frame=2156|row=1948,4,29958,1948,0,1,4,0.9182847142219543,0.9182847142219543,True,4,0.9968805313110352,0.9968805313110352,True,True,True
wifib|device=4|capture=23Jan|frame=2157|row=1949,4,29959,1949,0,1,4,0.9228461980819702,0.9228461980819702,True,4,0.9969227910041809,0.9969227910041809,True,True,False
wifib|device=4|capture=23Jan|frame=2158|row=1950,4,29960,1950,0,1,4,0.9081652760505676,0.9081652760505676,True,4,0.9984577894210815,0.9984577894210815,True,True,False
wifib|device=4|capture=23Jan|frame=2159|row=1951,4,29961,1951,0,1,4,0.8613520860671997,0.8613520860671997,True,4,0.9985081553459167,0.9985081553459167,True,True,False
wifib|device=4|capture=23Jan|frame=2160|row=1952,4,29962,1952,0,1,4,0.8971864581108093,0.8971864581108093,True,4,0.9975318908691406,0.9975318908691406,True,True,False
wifib|device=4|capture=23Jan|frame=2161|row=1953,4,29963,1953,0,1,4,0.8867332935333252,0.8867332935333252,True,4,0.9983909130096436,0.9983909130096436,True,True,False
wifib|device=4|capture=23Jan|frame=2162|row=1954,4,29964,1954,0,1,4,0.8369238972663879,0.8369238972663879,True,4,0.9977536797523499,0.9977536797523499,True,True,False
wifib|device=4|capture=23Jan|frame=2163|row=1955,4,29965,1955,0,1,4,0.8696495890617371,0.8696495890617371,True,4,0.9982397556304932,0.9982397556304932,True,True,False
wifib|device=4|capture=23Jan|frame=2164|row=1956,4,29966,1956,0,1,4,0.8464159965515137,0.8464159965515137,True,4,0.8373231291770935,0.8373231291770935,True,True,True
wifib|device=4|capture=23Jan|frame=2165|row=1957,4,29967,1957,0,1,4,0.805668830871582,0.805668830871582,True,4,0.9978498220443726,0.9978498220443726,True,True,False
wifib|device=4|capture=23Jan|frame=2166|row=1958,4,29968,1958,0,1,4,0.8933373093605042,0.8933373093605042,True,4,0.9952014684677124,0.9952014684677124,True,True,True
wifib|device=4|capture=23Jan|frame=2167|row=1959,4,29969,1959,0,1,4,0.6723553538322449,0.6723553538322449,True,4,0.9969080090522766,0.9969080090522766,True,True,False
wifib|device=4|capture=23Jan|frame=2168|row=1960,4,29970,1960,0,1,4,0.8408468961715698,0.8408468961715698,True,4,0.998284637928009,0.998284637928009,True,True,False
wifib|device=4|capture=23Jan|frame=2169|row=1961,4,29971,1961,0,1,4,0.8750306963920593,0.8750306963920593,True,4,0.9975212216377258,0.9975212216377258,True,True,False
wifib|device=4|capture=23Jan|frame=2170|row=1962,4,29972,1962,0,1,4,0.9061902761459351,0.9061902761459351,True,4,0.9979310035705566,0.9979310035705566,True,True,False
wifib|device=4|capture=23Jan|frame=2757|row=2509,4,30519,2509,1,1,4,0.7806569933891296,0.7806569933891296,True,4,0.9985178112983704,0.9985178112983704,True,True,False
wifib|device=4|capture=23Jan|frame=2758|row=2510,4,30520,2510,1,1,4,0.850619912147522,0.850619912147522,True,4,0.9790608286857605,0.9790608286857605,True,True,False
wifib|device=4|capture=23Jan|frame=2759|row=2511,4,30521,2511,1,1,4,0.8654680848121643,0.8654680848121643,True,4,0.9982202649116516,0.9982202649116516,True,True,False
wifib|device=4|capture=23Jan|frame=2760|row=2512,4,30522,2512,1,1,4,0.9048479199409485,0.9048479199409485,True,4,0.9968796968460083,0.9968796968460083,True,True,False
wifib|device=4|capture=23Jan|frame=2761|row=2513,4,30523,2513,1,1,4,0.9293791651725769,0.9293791651725769,True,4,0.9982383251190186,0.9982383251190186,True,True,False
wifib|device=4|capture=23Jan|frame=2762|row=2514,4,30524,2514,1,1,4,0.7856165170669556,0.7856165170669556,True,4,0.9985313415527344,0.9985313415527344,True,True,True
wifib|device=4|capture=23Jan|frame=2763|row=2515,4,30525,2515,1,1,4,0.8110048174858093,0.8110048174858093,True,4,0.9984681010246277,0.9984681010246277,True,True,False
wifib|device=4|capture=23Jan|frame=2764|row=2516,4,30526,2516,1,1,4,0.8785691261291504,0.8785691261291504,True,4,0.9980980753898621,0.9980980753898621,True,True,False
wifib|device=4|capture=23Jan|frame=2765|row=2517,4,30527,2517,1,1,4,0.7995268106460571,0.7995268106460571,True,4,0.9946653842926025,0.9946653842926025,True,True,True
wifib|device=4|capture=23Jan|frame=2768|row=2518,4,30528,2518,1,1,4,0.5222991108894348,0.5222991108894348,True,4,0.9969780445098877,0.9969780445098877,True,True,False
wifib|device=4|capture=23Jan|frame=2769|row=2519,4,30529,2519,1,1,4,0.9053865075111389,0.9053865075111389,True,4,0.9980022311210632,0.9980022311210632,True,True,False
wifib|device=4|capture=23Jan|frame=2770|row=2520,4,30530,2520,1,1,4,0.8659900426864624,0.8659900426864624,True,4,0.986556351184845,0.986556351184845,True,True,False
wifib|device=4|capture=23Jan|frame=2771|row=2521,4,30531,2521,1,1,4,0.7174062132835388,0.7174062132835388,True,4,0.9112492799758911,0.9112492799758911,True,True,False
wifib|device=4|capture=23Jan|frame=2772|row=2522,4,30532,2522,1,1,4,0.6208882927894592,0.6208882927894592,True,4,0.9969537258148193,0.9969537258148193,True,True,False
wifib|device=4|capture=23Jan|frame=2773|row=2523,4,30533,2523,1,1,4,0.7890475392341614,0.7890475392341614,True,4,0.9948101043701172,0.9948101043701172,True,True,True
wifib|device=4|capture=23Jan|frame=2774|row=2524,4,30534,2524,1,1,4,0.8025413155555725,0.8025413155555725,True,4,0.9965232610702515,0.9965232610702515,True,True,False
wifib|device=4|capture=23Jan|frame=2775|row=2525,4,30535,2525,1,1,4,0.7654122710227966,0.7654122710227966,True,4,0.9983571171760559,0.9983571171760559,True,True,True
wifib|device=4|capture=23Jan|frame=2776|row=2526,4,30536,2526,1,1,4,0.7181512117385864,0.7181512117385864,True,4,0.9968383312225342,0.9968383312225342,True,True,False
wifib|device=4|capture=23Jan|frame=2777|row=2527,4,30537,2527,1,1,4,0.7577958703041077,0.7577958703041077,True,4,0.9983069896697998,0.9983069896697998,True,True,False
wifib|device=4|capture=23Jan|frame=2778|row=2528,4,30538,2528,1,1,4,0.6824380159378052,0.6824380159378052,True,4,0.9983774423599243,0.9983774423599243,True,True,False
wifib|device=4|capture=23Jan|frame=2779|row=2529,4,30539,2529,1,1,4,0.7753986120223999,0.7753986120223999,True,4,0.9988705515861511,0.9988705515861511,True,True,False
wifib|device=4|capture=23Jan|frame=2780|row=2530,4,30540,2530,1,1,4,0.7762635350227356,0.7762635350227356,True,4,0.9986572265625,0.9986572265625,True,True,True
wifib|device=4|capture=23Jan|frame=2781|row=2531,4,30541,2531,1,1,4,0.8173004984855652,0.8173004984855652,True,4,0.9972119927406311,0.9972119927406311,True,True,False
wifib|device=4|capture=23Jan|frame=2784|row=2532,4,30542,2532,1,1,4,0.8058443069458008,0.8058443069458008,True,4,0.9620577692985535,0.9620577692985535,True,True,False
wifib|device=4|capture=23Jan|frame=2785|row=2533,4,30543,2533,1,1,4,0.6983463764190674,0.6983463764190674,True,4,0.9969610571861267,0.9969610571861267,True,True,False
wifib|device=4|capture=23Jan|frame=2786|row=2534,4,30544,2534,1,1,4,0.7212077975273132,0.7212077975273132,True,4,0.9951961636543274,0.9951961636543274,True,True,True
wifib|device=4|capture=23Jan|frame=2787|row=2535,4,30545,2535,1,1,4,0.8268026113510132,0.8268026113510132,True,4,0.9975870847702026,0.9975870847702026,True,True,False
wifib|device=4|capture=23Jan|frame=2788|row=2536,4,30546,2536,1,1,4,0.7195770740509033,0.7195770740509033,True,4,0.9963576197624207,0.9963576197624207,True,True,True
wifib|device=4|capture=23Jan|frame=2789|row=2537,4,30547,2537,1,1,4,0.8011958003044128,0.8011958003044128,True,4,0.9874451160430908,0.9874451160430908,True,True,False
wifib|device=4|capture=23Jan|frame=2790|row=2538,4,30548,2538,1,1,4,0.8124154806137085,0.8124154806137085,True,4,0.9982320666313171,0.9982320666313171,True,True,False
wifib|device=4|capture=23Jan|frame=2791|row=2539,4,30549,2539,1,1,4,0.6559078693389893,0.6559078693389893,True,4,0.9949888586997986,0.9949888586997986,True,True,False
wifib|device=4|capture=23Jan|frame=2792|row=2540,4,30550,2540,1,1,4,0.7081803679466248,0.7081803679466248,True,4,0.994062602519989,0.994062602519989,True,True,False
wifib|device=4|capture=23Jan|frame=2793|row=2541,4,30551,2541,1,1,4,0.8054215312004089,0.8054215312004089,True,4,0.9964148998260498,0.9964148998260498,True,True,True
wifib|device=4|capture=23Jan|frame=2794|row=2542,4,30552,2542,1,1,4,0.6010329127311707,0.6010329127311707,True,4,0.9946980476379395,0.9946980476379395,True,True,False
wifib|device=4|capture=23Jan|frame=2795|row=2543,4,30553,2543,1,1,4,0.854427695274353,0.854427695274353,True,4,0.9962636828422546,0.9962636828422546,True,True,True
wifib|device=4|capture=23Jan|frame=2796|row=2544,4,30554,2544,1,1,4,0.7867729067802429,0.7867729067802429,True,4,0.8972693681716919,0.8972693681716919,True,True,False
wifib|device=4|capture=23Jan|frame=3397|row=3091,4,31101,3091,2,1,4,0.9460594654083252,0.9460594654083252,True,4,0.9958533048629761,0.9958533048629761,True,True,False
wifib|device=4|capture=23Jan|frame=3398|row=3092,4,31102,3092,2,1,4,0.8791325688362122,0.8791325688362122,True,4,0.9980500936508179,0.9980500936508179,True,True,False
wifib|device=4|capture=23Jan|frame=3399|row=3093,4,31103,3093,2,1,4,0.9391602873802185,0.9391602873802185,True,4,0.9973783493041992,0.9973783493041992,True,True,False
wifib|device=4|capture=23Jan|frame=3400|row=3094,4,31104,3094,2,1,4,0.8933588862419128,0.8933588862419128,True,4,0.9906726479530334,0.9906726479530334,True,True,False
wifib|device=4|capture=23Jan|frame=3403|row=3095,4,31105,3095,2,1,4,0.9152359366416931,0.9152359366416931,True,4,0.9912804961204529,0.9912804961204529,True,True,True
wifib|device=4|capture=23Jan|frame=3404|row=3096,4,31106,3096,2,1,4,0.8349093198776245,0.8349093198776245,True,4,0.9953488707542419,0.9953488707542419,True,True,False
wifib|device=4|capture=23Jan|frame=3405|row=3097,4,31107,3097,2,1,4,0.8323217630386353,0.8323217630386353,True,4,0.9976502060890198,0.9976502060890198,True,True,False
wifib|device=4|capture=23Jan|frame=3406|row=3098,4,31108,3098,2,1,4,0.9073197245597839,0.9073197245597839,True,4,0.9719385504722595,0.9719385504722595,True,True,False
wifib|device=4|capture=23Jan|frame=3407|row=3099,4,31109,3099,2,1,4,0.9103001356124878,0.9103001356124878,True,4,0.9967678785324097,0.9967678785324097,True,True,False
wifib|device=4|capture=23Jan|frame=3408|row=3100,4,31110,3100,2,1,4,0.9409488439559937,0.9409488439559937,True,4,0.9977918863296509,0.9977918863296509,True,True,True
wifib|device=4|capture=23Jan|frame=3409|row=3101,4,31111,3101,2,1,4,0.9187171459197998,0.9187171459197998,True,4,0.998374342918396,0.998374342918396,True,True,False
wifib|device=4|capture=23Jan|frame=3412|row=3102,4,31112,3102,2,1,4,0.8005672693252563,0.8005672693252563,True,4,0.9867934584617615,0.9867934584617615,True,True,False
wifib|device=4|capture=23Jan|frame=3413|row=3103,4,31113,3103,2,1,4,0.8514360189437866,0.8514360189437866,True,4,0.9976847171783447,0.9976847171783447,True,True,False
wifib|device=4|capture=23Jan|frame=3414|row=3104,4,31114,3104,2,1,4,0.8404813408851624,0.8404813408851624,True,4,0.9847516417503357,0.9847516417503357,True,True,True
wifib|device=4|capture=23Jan|frame=3415|row=3105,4,31115,3105,2,1,4,0.8834948539733887,0.8834948539733887,True,4,0.9985929131507874,0.9985929131507874,True,True,True
wifib|device=4|capture=23Jan|frame=3416|row=3106,4,31116,3106,2,1,4,0.7376586198806763,0.7376586198806763,True,4,0.9967689514160156,0.9967689514160156,True,True,False
wifib|device=4|capture=23Jan|frame=3417|row=3107,4,31117,3107,2,1,4,0.8999745845794678,0.8999745845794678,True,4,0.9980408549308777,0.9980408549308777,True,True,False
wifib|device=4|capture=23Jan|frame=3418|row=3108,4,31118,3108,2,1,4,0.9013479948043823,0.9013479948043823,True,4,0.9982638955116272,0.9982638955116272,True,True,False
wifib|device=4|capture=23Jan|frame=3419|row=3109,4,31119,3109,2,1,4,0.8059900403022766,0.8059900403022766,True,4,0.9932506680488586,0.9932506680488586,True,True,False
wifib|device=4|capture=23Jan|frame=3420|row=3110,4,31120,3110,2,1,4,0.8799580931663513,0.8799580931663513,True,4,0.99782794713974,0.99782794713974,True,True,False
wifib|device=4|capture=23Jan|frame=3421|row=3111,4,31121,3111,2,1,4,0.6134281754493713,0.6134281754493713,True,4,0.9969876408576965,0.9969876408576965,True,True,False
wifib|device=4|capture=23Jan|frame=3422|row=3112,4,31122,3112,2,1,4,0.8828567266464233,0.8828567266464233,True,4,0.9982049465179443,0.9982049465179443,True,True,False
wifib|device=4|capture=23Jan|frame=3423|row=3113,4,31123,3113,2,1,4,0.8818281292915344,0.8818281292915344,True,4,0.9735038876533508,0.9735038876533508,True,True,False
wifib|device=4|capture=23Jan|frame=3424|row=3114,4,31124,3114,2,1,4,0.7957487106323242,0.7957487106323242,True,4,0.9948834776878357,0.9948834776878357,True,True,False
wifib|device=4|capture=23Jan|frame=3425|row=3115,4,31125,3115,2,1,4,0.8453072905540466,0.8453072905540466,True,4,0.996227502822876,0.996227502822876,True,True,True
wifib|device=4|capture=23Jan|frame=3426|row=3116,4,31126,3116,2,1,4,0.9069495797157288,0.9069495797157288,True,4,0.9931589961051941,0.9931589961051941,True,True,False
wifib|device=4|capture=23Jan|frame=3427|row=3117,4,31127,3117,2,1,4,0.8604190349578857,0.8604190349578857,True,4,0.9638598561286926,0.9638598561286926,True,True,False
wifib|device=4|capture=23Jan|frame=3428|row=3118,4,31128,3118,2,1,4,0.9367237091064453,0.9367237091064453,True,4,0.9983008503913879,0.9983008503913879,True,True,True
wifib|device=4|capture=23Jan|frame=3429|row=3119,4,31129,3119,2,1,4,0.8973342180252075,0.8973342180252075,True,4,0.9959128499031067,0.9959128499031067,True,True,False
wifib|device=4|capture=23Jan|frame=3432|row=3120,4,31130,3120,2,1,4,0.8966049551963806,0.8966049551963806,True,4,0.987274169921875,0.987274169921875,True,True,False
wifib|device=4|capture=23Jan|frame=3433|row=3121,4,31131,3121,2,1,4,0.8284311890602112,0.8284311890602112,True,4,0.9965740442276001,0.9965740442276001,True,True,False
wifib|device=4|capture=23Jan|frame=3434|row=3122,4,31132,3122,2,1,4,0.8447790741920471,0.8447790741920471,True,4,0.9982263445854187,0.9982263445854187,True,True,False
wifib|device=4|capture=23Jan|frame=3435|row=3123,4,31133,3123,2,1,4,0.8726039528846741,0.8726039528846741,True,4,0.9968764781951904,0.9968764781951904,True,True,False
wifib|device=4|capture=23Jan|frame=3436|row=3124,4,31134,3124,2,1,4,0.788284420967102,0.788284420967102,True,4,0.996371865272522,0.996371865272522,True,True,True
wifib|device=4|capture=23Jan|frame=3437|row=3125,4,31135,3125,2,1,4,0.9206815958023071,0.9206815958023071,True,4,0.9960156083106995,0.9960156083106995,True,True,False
wifib|device=4|capture=23Jan|frame=3438|row=3126,4,31136,3126,2,1,4,0.9429001212120056,0.9429001212120056,True,4,0.9970856308937073,0.9970856308937073,True,True,True
wifib|device=40|capture=23Jan|frame=2138|row=1901,40,33547,1901,0,13,40,0.8480544686317444,0.8480544686317444,True,40,0.9748705625534058,0.9748705625534058,True,True,False
wifib|device=40|capture=23Jan|frame=2139|row=1902,40,33548,1902,0,13,40,0.8673346042633057,0.8673346042633057,True,40,0.9829472899436951,0.9829472899436951,True,True,False
wifib|device=40|capture=23Jan|frame=2140|row=1903,40,33549,1903,0,13,40,0.6016154885292053,0.6016154885292053,True,40,0.9958617687225342,0.9958617687225342,True,True,False
wifib|device=40|capture=23Jan|frame=2141|row=1904,40,33550,1904,0,13,40,0.7633489966392517,0.7633489966392517,True,40,0.9955039620399475,0.9955039620399475,True,True,True
wifib|device=40|capture=23Jan|frame=2142|row=1905,40,33551,1905,0,13,40,0.7267756462097168,0.7267756462097168,True,40,0.9949068427085876,0.9949068427085876,True,True,False
wifib|device=40|capture=23Jan|frame=2143|row=1906,40,33552,1906,0,13,40,0.7982484102249146,0.7982484102249146,True,40,0.9894340634346008,0.9894340634346008,True,True,False
wifib|device=40|capture=23Jan|frame=2144|row=1907,40,33553,1907,0,13,40,0.679620087146759,0.679620087146759,True,40,0.9945993423461914,0.9945993423461914,True,True,False
wifib|device=40|capture=23Jan|frame=2145|row=1908,40,33554,1908,0,13,40,0.6860815286636353,0.6860815286636353,True,40,0.9972978234291077,0.9972978234291077,True,True,False
wifib|device=40|capture=23Jan|frame=2146|row=1909,40,33555,1909,0,13,40,0.6674216985702515,0.6674216985702515,True,40,0.9932164549827576,0.9932164549827576,True,True,False
wifib|device=40|capture=23Jan|frame=2147|row=1910,40,33556,1910,0,13,40,0.7240023016929626,0.7240023016929626,True,40,0.9915537238121033,0.9915537238121033,True,True,False
wifib|device=40|capture=23Jan|frame=2148|row=1911,40,33557,1911,0,13,40,0.8078343868255615,0.8078343868255615,True,40,0.9949274063110352,0.9949274063110352,True,True,False
wifib|device=40|capture=23Jan|frame=2149|row=1912,40,33558,1912,0,13,40,0.8593156337738037,0.8593156337738037,True,40,0.976464569568634,0.976464569568634,True,True,False
wifib|device=40|capture=23Jan|frame=2150|row=1913,40,33559,1913,0,13,40,0.747075080871582,0.747075080871582,True,40,0.9930837154388428,0.9930837154388428,True,True,False
wifib|device=40|capture=23Jan|frame=2151|row=1914,40,33560,1914,0,13,40,0.7277255654335022,0.7277255654335022,True,40,0.9974804520606995,0.9974804520606995,True,True,False
wifib|device=40|capture=23Jan|frame=2154|row=1915,40,33561,1915,0,13,40,0.7876243591308594,0.7876243591308594,True,40,0.9975872039794922,0.9975872039794922,True,True,True
wifib|device=40|capture=23Jan|frame=2155|row=1916,40,33562,1916,0,13,40,0.7106378674507141,0.7106378674507141,True,40,0.9981279969215393,0.9981279969215393,True,True,False
wifib|device=40|capture=23Jan|frame=2156|row=1917,40,33563,1917,0,13,40,0.7439127564430237,0.7439127564430237,True,40,0.993502676486969,0.993502676486969,True,True,True
wifib|device=40|capture=23Jan|frame=2157|row=1918,40,33564,1918,0,13,40,0.7656477689743042,0.7656477689743042,True,40,0.9969087243080139,0.9969087243080139,True,True,False
wifib|device=40|capture=23Jan|frame=2160|row=1919,40,33565,1919,0,13,40,0.8648120760917664,0.8648120760917664,True,40,0.9593274593353271,0.9593274593353271,True,True,False
wifib|device=40|capture=23Jan|frame=2161|row=1920,40,33566,1920,0,13,40,0.7319799065589905,0.7319799065589905,True,40,0.9952810406684875,0.9952810406684875,True,True,False
wifib|device=40|capture=23Jan|frame=2162|row=1921,40,33567,1921,0,13,40,0.9094609618186951,0.9094609618186951,True,40,0.9915018081665039,0.9915018081665039,True,True,False
wifib|device=40|capture=23Jan|frame=2163|row=1922,40,33568,1922,0,13,40,0.7319670915603638,0.7319670915603638,True,40,0.9939823746681213,0.9939823746681213,True,True,False
wifib|device=40|capture=23Jan|frame=2164|row=1923,40,33569,1923,0,13,40,0.6970469951629639,0.6970469951629639,True,40,0.9962904453277588,0.9962904453277588,True,True,False
wifib|device=40|capture=23Jan|frame=2165|row=1924,40,33570,1924,0,13,40,0.7373539805412292,0.7373539805412292,True,40,0.9964008331298828,0.9964008331298828,True,True,False
wifib|device=40|capture=23Jan|frame=2166|row=1925,40,33571,1925,0,13,40,0.8566905856132507,0.8566905856132507,True,40,0.996607780456543,0.996607780456543,True,True,False
wifib|device=40|capture=23Jan|frame=2167|row=1926,40,33572,1926,0,13,40,0.5960208177566528,0.5960208177566528,True,40,0.9928983449935913,0.9928983449935913,True,True,False
wifib|device=40|capture=23Jan|frame=2168|row=1927,40,33573,1927,0,13,40,0.818013072013855,0.818013072013855,True,40,0.9982249140739441,0.9982249140739441,True,True,False
wifib|device=40|capture=23Jan|frame=2169|row=1928,40,33574,1928,0,13,40,0.5732393860816956,0.5732393860816956,True,40,0.9950256943702698,0.9950256943702698,True,True,False
wifib|device=40|capture=23Jan|frame=2170|row=1929,40,33575,1929,0,13,40,0.630062997341156,0.630062997341156,True,40,0.9948523640632629,0.9948523640632629,True,True,True
wifib|device=40|capture=23Jan|frame=2171|row=1930,40,33576,1930,0,13,40,0.7480666041374207,0.7480666041374207,True,40,0.9953174591064453,0.9953174591064453,True,True,True
wifib|device=40|capture=23Jan|frame=2172|row=1931,40,33577,1931,0,13,40,0.7815551161766052,0.7815551161766052,True,40,0.995793342590332,0.995793342590332,True,True,False
wifib|device=40|capture=23Jan|frame=2173|row=1932,40,33578,1932,0,13,40,0.8955392241477966,0.8955392241477966,True,40,0.9972238540649414,0.9972238540649414,True,True,True
wifib|device=40|capture=23Jan|frame=2174|row=1933,40,33579,1933,0,13,40,0.8362710475921631,0.8362710475921631,True,40,0.9977676868438721,0.9977676868438721,True,True,False
wifib|device=40|capture=23Jan|frame=2175|row=1934,40,33580,1934,0,13,40,0.7821234464645386,0.7821234464645386,True,40,0.9433459639549255,0.9433459639549255,True,True,False
wifib|device=40|capture=23Jan|frame=2176|row=1935,40,33581,1935,0,13,40,0.7674488425254822,0.7674488425254822,True,40,0.9956653714179993,0.9956653714179993,True,True,True
wifib|device=40|capture=23Jan|frame=2177|row=1936,40,33582,1936,0,13,40,0.8379890322685242,0.8379890322685242,True,40,0.992918074131012,0.992918074131012,True,True,True
wifib|device=40|capture=23Jan|frame=2767|row=2475,40,34121,2475,1,13,40,0.5991401076316833,0.5991401076316833,True,40,0.9924989342689514,0.9924989342689514,True,True,True
wifib|device=40|capture=23Jan|frame=2768|row=2476,40,34122,2476,1,13,40,0.8115713596343994,0.8115713596343994,True,40,0.9959040284156799,0.9959040284156799,True,True,False
wifib|device=40|capture=23Jan|frame=2769|row=2477,40,34123,2477,1,13,40,0.7883599400520325,0.7883599400520325,True,40,0.9966322779655457,0.9966322779655457,True,True,False
wifib|device=40|capture=23Jan|frame=2770|row=2478,40,34124,2478,1,13,40,0.7518647313117981,0.7518647313117981,True,40,0.9979901313781738,0.9979901313781738,True,True,True
wifib|device=40|capture=23Jan|frame=2771|row=2479,40,34125,2479,1,13,40,0.7785518169403076,0.7785518169403076,True,40,0.9848114252090454,0.9848114252090454,True,True,False
wifib|device=40|capture=23Jan|frame=2772|row=2480,40,34126,2480,1,13,40,0.7482668161392212,0.7482668161392212,True,40,0.9917916059494019,0.9917916059494019,True,True,False
wifib|device=40|capture=23Jan|frame=2773|row=2481,40,34127,2481,1,13,40,0.6849496364593506,0.6849496364593506,True,40,0.9972695708274841,0.9972695708274841,True,True,False
wifib|device=40|capture=23Jan|frame=2774|row=2482,40,34128,2482,1,13,40,0.7669872045516968,0.7669872045516968,True,40,0.9976304769515991,0.9976304769515991,True,True,True
wifib|device=40|capture=23Jan|frame=2775|row=2483,40,34129,2483,1,13,40,0.8586024641990662,0.8586024641990662,True,40,0.9964428544044495,0.9964428544044495,True,True,False
wifib|device=40|capture=23Jan|frame=2776|row=2484,40,34130,2484,1,13,40,0.749343991279602,0.749343991279602,True,40,0.9971490502357483,0.9971490502357483,True,True,False
wifib|device=40|capture=23Jan|frame=2777|row=2485,40,34131,2485,1,13,40,0.6635965704917908,0.6635965704917908,True,40,0.9969424605369568,0.9969424605369568,True,True,True
wifib|device=40|capture=23Jan|frame=2778|row=2486,40,34132,2486,1,13,40,0.8055821061134338,0.8055821061134338,True,40,0.9948909282684326,0.9948909282684326,True,True,False
wifib|device=40|capture=23Jan|frame=2779|row=2487,40,34133,2487,1,13,40,0.678126335144043,0.678126335144043,True,40,0.9954816102981567,0.9954816102981567,True,True,False
wifib|device=40|capture=23Jan|frame=2780|row=2488,40,34134,2488,1,13,40,0.8473708033561707,0.8473708033561707,True,40,0.9984075427055359,0.9984075427055359,True,True,False
wifib|device=40|capture=23Jan|frame=2781|row=2489,40,34135,2489,1,13,40,0.8312628269195557,0.8312628269195557,True,40,0.9967292547225952,0.9967292547225952,True,True,False
wifib|device=40|capture=23Jan|frame=2782|row=2490,40,34136,2490,1,13,40,0.8243079781532288,0.8243079781532288,True,40,0.988664984703064,0.988664984703064,True,True,False
wifib|device=40|capture=23Jan|frame=2783|row=2491,40,34137,2491,1,13,40,0.851078450679779,0.851078450679779,True,40,0.9972442388534546,0.9972442388534546,True,True,False
wifib|device=40|capture=23Jan|frame=2784|row=2492,40,34138,2492,1,13,40,0.8083459734916687,0.8083459734916687,True,40,0.9922369122505188,0.9922369122505188,True,True,False
wifib|device=40|capture=23Jan|frame=2787|row=2493,40,34139,2493,1,13,40,0.7222499251365662,0.7222499251365662,True,40,0.9958337545394897,0.9958337545394897,True,True,False
wifib|device=40|capture=23Jan|frame=2788|row=2494,40,34140,2494,1,13,40,0.8490298986434937,0.8490298986434937,True,40,0.9822096824645996,0.9822096824645996,True,True,False
wifib|device=40|capture=23Jan|frame=2789|row=2495,40,34141,2495,1,13,40,0.7494907975196838,0.7494907975196838,True,40,0.9967411160469055,0.9967411160469055,True,True,False
wifib|device=40|capture=23Jan|frame=2792|row=2496,40,34142,2496,1,13,40,0.76793372631073,0.76793372631073,True,40,0.9965277314186096,0.9965277314186096,True,True,True
wifib|device=40|capture=23Jan|frame=2793|row=2497,40,34143,2497,1,13,30,0.31467002630233765,0.27619534730911255,False,40,0.9375371336936951,0.9375371336936951,True,False,False
wifib|device=40|capture=23Jan|frame=2794|row=2498,40,34144,2498,1,13,40,0.7173028588294983,0.7173028588294983,True,40,0.993067741394043,0.993067741394043,True,True,True
wifib|device=40|capture=23Jan|frame=2795|row=2499,40,34145,2499,1,13,40,0.7283645868301392,0.7283645868301392,True,40,0.9969682097434998,0.9969682097434998,True,True,False
wifib|device=40|capture=23Jan|frame=2796|row=2500,40,34146,2500,1,13,40,0.7012233138084412,0.7012233138084412,True,40,0.91996169090271,0.91996169090271,True,True,False
wifib|device=40|capture=23Jan|frame=2799|row=2501,40,34147,2501,1,13,40,0.6393216848373413,0.6393216848373413,True,40,0.9941983222961426,0.9941983222961426,True,True,False
wifib|device=40|capture=23Jan|frame=2800|row=2502,40,34148,2502,1,13,40,0.8486531376838684,0.8486531376838684,True,40,0.9741411209106445,0.9741411209106445,True,True,False
wifib|device=40|capture=23Jan|frame=2801|row=2503,40,34149,2503,1,13,40,0.7649401426315308,0.7649401426315308,True,40,0.9143162965774536,0.9143162965774536,True,True,True
wifib|device=40|capture=23Jan|frame=2802|row=2504,40,34150,2504,1,13,40,0.7516211867332458,0.7516211867332458,True,40,0.9985248446464539,0.9985248446464539,True,True,True
wifib|device=40|capture=23Jan|frame=2803|row=2505,40,34151,2505,1,13,40,0.8405882716178894,0.8405882716178894,True,40,0.9878863096237183,0.9878863096237183,True,True,True
wifib|device=40|capture=23Jan|frame=2804|row=2506,40,34152,2506,1,13,40,0.7708921432495117,0.7708921432495117,True,40,0.9896975159645081,0.9896975159645081,True,True,False
wifib|device=40|capture=23Jan|frame=2805|row=2507,40,34153,2507,1,13,40,0.8918353915214539,0.8918353915214539,True,40,0.9812695980072021,0.9812695980072021,True,True,False
wifib|device=40|capture=23Jan|frame=2806|row=2508,40,34154,2508,1,13,30,0.34278032183647156,0.3133935034275055,False,40,0.9461881518363953,0.9461881518363953,True,False,False
wifib|device=40|capture=23Jan|frame=2807|row=2509,40,34155,2509,1,13,40,0.8636804819107056,0.8636804819107056,True,40,0.9935680031776428,0.9935680031776428,True,True,False
wifib|device=40|capture=23Jan|frame=2808|row=2510,40,34156,2510,1,13,40,0.8080201148986816,0.8080201148986816,True,40,0.9977394342422485,0.9977394342422485,True,True,False
wifib|device=40|capture=23Jan|frame=3402|row=3049,40,34695,3049,2,13,40,0.7447222471237183,0.7447222471237183,True,40,0.9959047436714172,0.9959047436714172,True,True,True
wifib|device=40|capture=23Jan|frame=3403|row=3050,40,34696,3050,2,13,40,0.6934395432472229,0.6934395432472229,True,40,0.9947870969772339,0.9947870969772339,True,True,False
wifib|device=40|capture=23Jan|frame=3404|row=3051,40,34697,3051,2,13,40,0.6463172435760498,0.6463172435760498,True,40,0.9958999752998352,0.9958999752998352,True,True,False
wifib|device=40|capture=23Jan|frame=3405|row=3052,40,34698,3052,2,13,40,0.6611469984054565,0.6611469984054565,True,40,0.9956834316253662,0.9956834316253662,True,True,False
wifib|device=40|capture=23Jan|frame=3408|row=3053,40,34699,3053,2,13,40,0.32785680890083313,0.32785680890083313,True,40,0.9902079701423645,0.9902079701423645,True,True,False
wifib|device=40|capture=23Jan|frame=3409|row=3054,40,34700,3054,2,13,40,0.6961631178855896,0.6961631178855896,True,40,0.9823708534240723,0.9823708534240723,True,True,False
wifib|device=40|capture=23Jan|frame=3410|row=3055,40,34701,3055,2,13,40,0.5958712697029114,0.5958712697029114,True,40,0.9943506717681885,0.9943506717681885,True,True,False
wifib|device=40|capture=23Jan|frame=3411|row=3056,40,34702,3056,2,13,40,0.7792947292327881,0.7792947292327881,True,40,0.9959231615066528,0.9959231615066528,True,True,True
wifib|device=40|capture=23Jan|frame=3412|row=3057,40,34703,3057,2,13,40,0.8439255356788635,0.8439255356788635,True,40,0.9944204688072205,0.9944204688072205,True,True,True
wifib|device=40|capture=23Jan|frame=3413|row=3058,40,34704,3058,2,13,40,0.8458387851715088,0.8458387851715088,True,40,0.9786102771759033,0.9786102771759033,True,True,False
wifib|device=40|capture=23Jan|frame=3414|row=3059,40,34705,3059,2,13,40,0.7338404655456543,0.7338404655456543,True,40,0.9971842169761658,0.9971842169761658,True,True,False
wifib|device=40|capture=23Jan|frame=3415|row=3060,40,34706,3060,2,13,40,0.5175043940544128,0.5175043940544128,True,40,0.9885369539260864,0.9885369539260864,True,True,False
wifib|device=40|capture=23Jan|frame=3416|row=3061,40,34707,3061,2,13,40,0.819989800453186,0.819989800453186,True,40,0.9947916269302368,0.9947916269302368,True,True,False
wifib|device=40|capture=23Jan|frame=3417|row=3062,40,34708,3062,2,13,30,0.3489193022251129,0.33833804726600647,False,40,0.9890897870063782,0.9890897870063782,True,False,False
wifib|device=40|capture=23Jan|frame=3418|row=3063,40,34709,3063,2,13,40,0.4819680154323578,0.4819680154323578,True,40,0.9968574047088623,0.9968574047088623,True,True,True
wifib|device=40|capture=23Jan|frame=3419|row=3064,40,34710,3064,2,13,40,0.7436871528625488,0.7436871528625488,True,40,0.9917019009590149,0.9917019009590149,True,True,False
wifib|device=40|capture=23Jan|frame=3422|row=3065,40,34711,3065,2,13,40,0.7341406941413879,0.7341406941413879,True,40,0.9932097792625427,0.9932097792625427,True,True,True
wifib|device=40|capture=23Jan|frame=3423|row=3066,40,34712,3066,2,13,40,0.8536341190338135,0.8536341190338135,True,40,0.9793176651000977,0.9793176651000977,True,True,False
wifib|device=40|capture=23Jan|frame=3426|row=3067,40,34713,3067,2,13,40,0.7582864761352539,0.7582864761352539,True,40,0.9880615472793579,0.9880615472793579,True,True,False
wifib|device=40|capture=23Jan|frame=3427|row=3068,40,34714,3068,2,13,40,0.7135237455368042,0.7135237455368042,True,40,0.9964898228645325,0.9964898228645325,True,True,False
wifib|device=40|capture=23Jan|frame=3428|row=3069,40,34715,3069,2,13,40,0.6217819452285767,0.6217819452285767,True,40,0.9939512014389038,0.9939512014389038,True,True,False
wifib|device=40|capture=23Jan|frame=3429|row=3070,40,34716,3070,2,13,40,0.6967284083366394,0.6967284083366394,True,40,0.9945352077484131,0.9945352077484131,True,True,False
wifib|device=40|capture=23Jan|frame=3430|row=3071,40,34717,3071,2,13,40,0.7817748785018921,0.7817748785018921,True,40,0.9959918856620789,0.9959918856620789,True,True,False
wifib|device=40|capture=23Jan|frame=3431|row=3072,40,34718,3072,2,13,40,0.5996801853179932,0.5996801853179932,True,40,0.9972355961799622,0.9972355961799622,True,True,False
wifib|device=40|capture=23Jan|frame=3432|row=3073,40,34719,3073,2,13,40,0.6859043836593628,0.6859043836593628,True,40,0.9979621171951294,0.9979621171951294,True,True,False
wifib|device=40|capture=23Jan|frame=3433|row=3074,40,34720,3074,2,13,40,0.7592759728431702,0.7592759728431702,True,40,0.9960218071937561,0.9960218071937561,True,True,False
wifib|device=40|capture=23Jan|frame=3434|row=3075,40,34721,3075,2,13,40,0.8364063501358032,0.8364063501358032,True,40,0.9879022836685181,0.9879022836685181,True,True,True
wifib|device=40|capture=23Jan|frame=3435|row=3076,40,34722,3076,2,13,40,0.7094613909721375,0.7094613909721375,True,40,0.99598228931427,0.99598228931427,True,True,False
wifib|device=40|capture=23Jan|frame=3436|row=3077,40,34723,3077,2,13,40,0.7688144445419312,0.7688144445419312,True,40,0.9969848990440369,0.9969848990440369,True,True,False
wifib|device=40|capture=23Jan|frame=3437|row=3078,40,34724,3078,2,13,40,0.7720598578453064,0.7720598578453064,True,40,0.9974899291992188,0.9974899291992188,True,True,False
wifib|device=40|capture=23Jan|frame=3438|row=3079,40,34725,3079,2,13,40,0.7456391453742981,0.7456391453742981,True,40,0.9951592087745667,0.9951592087745667,True,True,False
wifib|device=40|capture=23Jan|frame=3439|row=3080,40,34726,3080,2,13,40,0.714469313621521,0.714469313621521,True,40,0.9941726326942444,0.9941726326942444,True,True,True
wifib|device=40|capture=23Jan|frame=3440|row=3081,40,34727,3081,2,13,40,0.5847934484481812,0.5847934484481812,True,40,0.996525228023529,0.996525228023529,True,True,False
wifib|device=40|capture=23Jan|frame=3441|row=3082,40,34728,3082,2,13,40,0.5728930830955505,0.5728930830955505,True,40,0.9922048449516296,0.9922048449516296,True,True,False
wifib|device=40|capture=23Jan|frame=3442|row=3083,40,34729,3083,2,13,40,0.8485788106918335,0.8485788106918335,True,40,0.9907696843147278,0.9907696843147278,True,True,True
wifib|device=40|capture=23Jan|frame=3443|row=3084,40,34730,3084,2,13,40,0.7195217609405518,0.7195217609405518,True,40,0.995103120803833,0.995103120803833,True,True,False
wifib|device=41|capture=23Jan|frame=2142|row=1963,41,37196,1963,0,14,41,0.6947811841964722,0.6947811841964722,True,41,0.9784610867500305,0.9784610867500305,True,True,False
wifib|device=41|capture=23Jan|frame=2143|row=1964,41,37197,1964,0,14,41,0.7555693984031677,0.7555693984031677,True,41,0.8834385871887207,0.8834385871887207,True,True,True
wifib|device=41|capture=23Jan|frame=2144|row=1965,41,37198,1965,0,14,41,0.6381564140319824,0.6381564140319824,True,41,0.9725593328475952,0.9725593328475952,True,True,True
wifib|device=41|capture=23Jan|frame=2145|row=1966,41,37199,1966,0,14,41,0.8251127600669861,0.8251127600669861,True,41,0.8911517262458801,0.8911517262458801,True,True,True
wifib|device=41|capture=23Jan|frame=2146|row=1967,41,37200,1967,0,14,41,0.7874330282211304,0.7874330282211304,True,41,0.783585786819458,0.783585786819458,True,True,False
wifib|device=41|capture=23Jan|frame=2147|row=1968,41,37201,1968,0,14,41,0.6046727895736694,0.6046727895736694,True,41,0.8419635891914368,0.8419635891914368,True,True,False
wifib|device=41|capture=23Jan|frame=2148|row=1969,41,37202,1969,0,14,41,0.7936785221099854,0.7936785221099854,True,41,0.9451489448547363,0.9451489448547363,True,True,False
wifib|device=41|capture=23Jan|frame=2149|row=1970,41,37203,1970,0,14,41,0.6176978349685669,0.6176978349685669,True,41,0.9788525700569153,0.9788525700569153,True,True,True
wifib|device=41|capture=23Jan|frame=2150|row=1971,41,37204,1971,0,14,41,0.7054964900016785,0.7054964900016785,True,41,0.8770664930343628,0.8770664930343628,True,True,False
wifib|device=41|capture=23Jan|frame=2151|row=1972,41,37205,1972,0,14,41,0.5150829553604126,0.5150829553604126,True,41,0.9614933133125305,0.9614933133125305,True,True,False
wifib|device=41|capture=23Jan|frame=2152|row=1973,41,37206,1973,0,14,41,0.7974770665168762,0.7974770665168762,True,41,0.9822888374328613,0.9822888374328613,True,True,False
wifib|device=41|capture=23Jan|frame=2153|row=1974,41,37207,1974,0,14,41,0.6137692928314209,0.6137692928314209,True,41,0.9603217244148254,0.9603217244148254,True,True,False
wifib|device=41|capture=23Jan|frame=2154|row=1975,41,37208,1975,0,14,41,0.5674376487731934,0.5674376487731934,True,41,0.8855480551719666,0.8855480551719666,True,True,False
wifib|device=41|capture=23Jan|frame=2155|row=1976,41,37209,1976,0,14,41,0.45042669773101807,0.45042669773101807,True,41,0.952026903629303,0.952026903629303,True,True,False
wifib|device=41|capture=23Jan|frame=2156|row=1977,41,37210,1977,0,14,41,0.8056783080101013,0.8056783080101013,True,41,0.9404116272926331,0.9404116272926331,True,True,False
wifib|device=41|capture=23Jan|frame=2157|row=1978,41,37211,1978,0,14,41,0.8517349362373352,0.8517349362373352,True,41,0.9225121736526489,0.9225121736526489,True,True,False
wifib|device=41|capture=23Jan|frame=2158|row=1979,41,37212,1979,0,14,40,0.624990701675415,0.23654356598854065,False,41,0.8581584692001343,0.8581584692001343,True,False,False
wifib|device=41|capture=23Jan|frame=2159|row=1980,41,37213,1980,0,14,41,0.725004255771637,0.725004255771637,True,41,0.8411967158317566,0.8411967158317566,True,True,False
wifib|device=41|capture=23Jan|frame=2160|row=1981,41,37214,1981,0,14,41,0.6126055121421814,0.6126055121421814,True,41,0.9727717638015747,0.9727717638015747,True,True,False
wifib|device=41|capture=23Jan|frame=2161|row=1982,41,37215,1982,0,14,41,0.6394187211990356,0.6394187211990356,True,41,0.9027801752090454,0.9027801752090454,True,True,False
wifib|device=41|capture=23Jan|frame=2162|row=1983,41,37216,1983,0,14,41,0.702628493309021,0.702628493309021,True,41,0.9680508375167847,0.9680508375167847,True,True,True
wifib|device=41|capture=23Jan|frame=2163|row=1984,41,37217,1984,0,14,41,0.818656861782074,0.818656861782074,True,41,0.9285212159156799,0.9285212159156799,True,True,True
wifib|device=41|capture=23Jan|frame=2164|row=1985,41,37218,1985,0,14,41,0.6988926529884338,0.6988926529884338,True,41,0.8817305564880371,0.8817305564880371,True,True,False
wifib|device=41|capture=23Jan|frame=2165|row=1986,41,37219,1986,0,14,41,0.8202135562896729,0.8202135562896729,True,41,0.873997688293457,0.873997688293457,True,True,False
wifib|device=41|capture=23Jan|frame=2166|row=1987,41,37220,1987,0,14,41,0.8668119311332703,0.8668119311332703,True,41,0.9746143221855164,0.9746143221855164,True,True,False
wifib|device=41|capture=23Jan|frame=2167|row=1988,41,37221,1988,0,14,41,0.611487090587616,0.611487090587616,True,41,0.7369699478149414,0.7369699478149414,True,True,False
wifib|device=41|capture=23Jan|frame=2168|row=1989,41,37222,1989,0,14,41,0.8159517049789429,0.8159517049789429,True,41,0.9521681666374207,0.9521681666374207,True,True,True
wifib|device=41|capture=23Jan|frame=2169|row=1990,41,37223,1990,0,14,41,0.8460277318954468,0.8460277318954468,True,41,0.9238722920417786,0.9238722920417786,True,True,False
wifib|device=41|capture=23Jan|frame=2170|row=1991,41,37224,1991,0,14,41,0.6755517721176147,0.6755517721176147,True,41,0.9164202809333801,0.9164202809333801,True,True,False
wifib|device=41|capture=23Jan|frame=2171|row=1992,41,37225,1992,0,14,40,0.4232219159603119,0.33486464619636536,False,41,0.9056990146636963,0.9056990146636963,True,False,False
wifib|device=41|capture=23Jan|frame=2172|row=1993,41,37226,1993,0,14,41,0.6091734766960144,0.6091734766960144,True,41,0.8240954875946045,0.8240954875946045,True,True,False
wifib|device=41|capture=23Jan|frame=2173|row=1994,41,37227,1994,0,14,41,0.7646737098693848,0.7646737098693848,True,41,0.9754905700683594,0.9754905700683594,True,True,True
wifib|device=41|capture=23Jan|frame=2174|row=1995,41,37228,1995,0,14,41,0.7004218101501465,0.7004218101501465,True,41,0.9260091781616211,0.9260091781616211,True,True,False
wifib|device=41|capture=23Jan|frame=2175|row=1996,41,37229,1996,0,14,41,0.8344225287437439,0.8344225287437439,True,41,0.8403668403625488,0.8403668403625488,True,True,False
wifib|device=41|capture=23Jan|frame=2176|row=1997,41,37230,1997,0,14,41,0.7531181573867798,0.7531181573867798,True,41,0.912595808506012,0.912595808506012,True,True,False
wifib|device=41|capture=23Jan|frame=2177|row=1998,41,37231,1998,0,14,41,0.622854471206665,0.622854471206665,True,41,0.9692530632019043,0.9692530632019043,True,True,False
wifib|device=41|capture=23Jan|frame=2178|row=1999,41,37232,1999,0,14,41,0.720514178276062,0.720514178276062,True,41,0.8559238314628601,0.8559238314628601,True,True,False
wifib|device=41|capture=23Jan|frame=2772|row=2555,41,37788,2555,1,14,41,0.7002561092376709,0.7002561092376709,True,41,0.9495351910591125,0.9495351910591125,True,True,False
wifib|device=41|capture=23Jan|frame=2773|row=2556,41,37789,2556,1,14,41,0.5250008702278137,0.5250008702278137,True,41,0.8109481334686279,0.8109481334686279,True,True,False
wifib|device=41|capture=23Jan|frame=2774|row=2557,41,37790,2557,1,14,41,0.6943457126617432,0.6943457126617432,True,41,0.9363991022109985,0.9363991022109985,True,True,False
wifib|device=41|capture=23Jan|frame=2775|row=2558,41,37791,2558,1,14,40,0.4454892575740814,0.41915687918663025,False,41,0.963542640209198,0.963542640209198,True,False,False
wifib|device=41|capture=23Jan|frame=2776|row=2559,41,37792,2559,1,14,41,0.8563997149467468,0.8563997149467468,True,41,0.8882560729980469,0.8882560729980469,True,True,False
wifib|device=41|capture=23Jan|frame=2777|row=2560,41,37793,2560,1,14,41,0.7063650488853455,0.7063650488853455,True,41,0.9138860106468201,0.9138860106468201,True,True,False
wifib|device=41|capture=23Jan|frame=2778|row=2561,41,37794,2561,1,14,41,0.5444991588592529,0.5444991588592529,True,41,0.8764873743057251,0.8764873743057251,True,True,True
wifib|device=41|capture=23Jan|frame=2779|row=2562,41,37795,2562,1,14,40,0.6765913963317871,0.178656205534935,False,41,0.6249837279319763,0.6249837279319763,True,False,False
wifib|device=41|capture=23Jan|frame=2780|row=2563,41,37796,2563,1,14,41,0.8104516863822937,0.8104516863822937,True,41,0.9255065321922302,0.9255065321922302,True,True,False
wifib|device=41|capture=23Jan|frame=2781|row=2564,41,37797,2564,1,14,41,0.7673200964927673,0.7673200964927673,True,41,0.9680957794189453,0.9680957794189453,True,True,True
wifib|device=41|capture=23Jan|frame=2782|row=2565,41,37798,2565,1,14,41,0.7633790969848633,0.7633790969848633,True,41,0.9281651377677917,0.9281651377677917,True,True,False
wifib|device=41|capture=23Jan|frame=2783|row=2566,41,37799,2566,1,14,41,0.7318193316459656,0.7318193316459656,True,41,0.982956051826477,0.982956051826477,True,True,True
wifib|device=41|capture=23Jan|frame=2784|row=2567,41,37800,2567,1,14,41,0.6733040809631348,0.6733040809631348,True,41,0.9787281155586243,0.9787281155586243,True,True,False
wifib|device=41|capture=23Jan|frame=2787|row=2568,41,37801,2568,1,14,41,0.7764379978179932,0.7764379978179932,True,41,0.9061824679374695,0.9061824679374695,True,True,False
wifib|device=41|capture=23Jan|frame=2788|row=2569,41,37802,2569,1,14,41,0.4307803511619568,0.4307803511619568,True,41,0.8684563040733337,0.8684563040733337,True,True,False
wifib|device=41|capture=23Jan|frame=2789|row=2570,41,37803,2570,1,14,41,0.6476185917854309,0.6476185917854309,True,41,0.7266449928283691,0.7266449928283691,True,True,False
wifib|device=41|capture=23Jan|frame=2790|row=2571,41,37804,2571,1,14,41,0.7818862199783325,0.7818862199783325,True,41,0.7841383218765259,0.7841383218765259,True,True,False
wifib|device=41|capture=23Jan|frame=2791|row=2572,41,37805,2572,1,14,41,0.8878816366195679,0.8878816366195679,True,41,0.9902603030204773,0.9902603030204773,True,True,True
wifib|device=41|capture=23Jan|frame=2792|row=2573,41,37806,2573,1,14,41,0.8622491359710693,0.8622491359710693,True,41,0.9665510654449463,0.9665510654449463,True,True,False
wifib|device=41|capture=23Jan|frame=2793|row=2574,41,37807,2574,1,14,41,0.8535939455032349,0.8535939455032349,True,41,0.9725112915039062,0.9725112915039062,True,True,False
wifib|device=41|capture=23Jan|frame=2794|row=2575,41,37808,2575,1,14,41,0.7357076406478882,0.7357076406478882,True,41,0.9651597738265991,0.9651597738265991,True,True,False
wifib|device=41|capture=23Jan|frame=2795|row=2576,41,37809,2576,1,14,41,0.5925792455673218,0.5925792455673218,True,41,0.903984010219574,0.903984010219574,True,True,True
wifib|device=41|capture=23Jan|frame=2796|row=2577,41,37810,2577,1,14,40,0.5859576463699341,0.3056679368019104,False,41,0.8914715051651001,0.8914715051651001,True,False,False
wifib|device=41|capture=23Jan|frame=2797|row=2578,41,37811,2578,1,14,41,0.7402333617210388,0.7402333617210388,True,41,0.9648026823997498,0.9648026823997498,True,True,False
wifib|device=41|capture=23Jan|frame=2798|row=2579,41,37812,2579,1,14,41,0.7841225862503052,0.7841225862503052,True,41,0.8314139246940613,0.8314139246940613,True,True,False
wifib|device=41|capture=23Jan|frame=2799|row=2580,41,37813,2580,1,14,41,0.8047617673873901,0.8047617673873901,True,41,0.9476874470710754,0.9476874470710754,True,True,False
wifib|device=41|capture=23Jan|frame=2800|row=2581,41,37814,2581,1,14,41,0.6710769534111023,0.6710769534111023,True,41,0.969005286693573,0.969005286693573,True,True,False
wifib|device=41|capture=23Jan|frame=2801|row=2582,41,37815,2582,1,14,41,0.8239354491233826,0.8239354491233826,True,41,0.8823840618133545,0.8823840618133545,True,True,False
wifib|device=41|capture=23Jan|frame=2802|row=2583,41,37816,2583,1,14,41,0.8008861541748047,0.8008861541748047,True,41,0.8681581616401672,0.8681581616401672,True,True,True
wifib|device=41|capture=23Jan|frame=2803|row=2584,41,37817,2584,1,14,41,0.4825717806816101,0.4825717806816101,True,41,0.9269529581069946,0.9269529581069946,True,True,True
wifib|device=41|capture=23Jan|frame=2804|row=2585,41,37818,2585,1,14,41,0.7609493732452393,0.7609493732452393,True,41,0.843167781829834,0.843167781829834,True,True,False
wifib|device=41|capture=23Jan|frame=2805|row=2586,41,37819,2586,1,14,41,0.7546680569648743,0.7546680569648743,True,41,0.962208092212677,0.962208092212677,True,True,False
wifib|device=41|capture=23Jan|frame=2806|row=2587,41,37820,2587,1,14,41,0.8369394540786743,0.8369394540786743,True,41,0.8452759981155396,0.8452759981155396,True,True,True
wifib|device=41|capture=23Jan|frame=2807|row=2588,41,37821,2588,1,14,41,0.6551172137260437,0.6551172137260437,True,41,0.8684267401695251,0.8684267401695251,True,True,True
wifib|device=41|capture=23Jan|frame=2808|row=2589,41,37822,2589,1,14,40,0.6765331029891968,0.21576663851737976,False,41,0.7846874594688416,0.7846874594688416,True,False,False
wifib|device=41|capture=23Jan|frame=2809|row=2590,41,37823,2590,1,14,41,0.7138665318489075,0.7138665318489075,True,41,0.8733047246932983,0.8733047246932983,True,True,False
wifib|device=41|capture=23Jan|frame=2810|row=2591,41,37824,2591,1,14,41,0.6151199340820312,0.6151199340820312,True,41,0.963744580745697,0.963744580745697,True,True,False
wifib|device=41|capture=23Jan|frame=3405|row=3148,41,38381,3148,2,14,41,0.9006519913673401,0.9006519913673401,True,41,0.9876493811607361,0.9876493811607361,True,True,False
wifib|device=41|capture=23Jan|frame=3406|row=3149,41,38382,3149,2,14,41,0.7850955724716187,0.7850955724716187,True,41,0.9612290859222412,0.9612290859222412,True,True,False
wifib|device=41|capture=23Jan|frame=3407|row=3150,41,38383,3150,2,14,41,0.6338614225387573,0.6338614225387573,True,41,0.9728527665138245,0.9728527665138245,True,True,False
wifib|device=41|capture=23Jan|frame=3408|row=3151,41,38384,3151,2,14,41,0.6678339838981628,0.6678339838981628,True,41,0.8579214811325073,0.8579214811325073,True,True,True
wifib|device=41|capture=23Jan|frame=3409|row=3152,41,38385,3152,2,14,41,0.8699139356613159,0.8699139356613159,True,41,0.9818733930587769,0.9818733930587769,True,True,False
wifib|device=41|capture=23Jan|frame=3410|row=3153,41,38386,3153,2,14,41,0.49096164107322693,0.49096164107322693,True,41,0.7423521280288696,0.7423521280288696,True,True,False
wifib|device=41|capture=23Jan|frame=3411|row=3154,41,38387,3154,2,14,30,0.5275022983551025,0.39626410603523254,False,41,0.873110830783844,0.873110830783844,True,False,False
wifib|device=41|capture=23Jan|frame=3412|row=3155,41,38388,3155,2,14,41,0.6562364101409912,0.6562364101409912,True,41,0.9742240905761719,0.9742240905761719,True,True,False
wifib|device=41|capture=23Jan|frame=3413|row=3156,41,38389,3156,2,14,41,0.6672183871269226,0.6672183871269226,True,41,0.7691269516944885,0.7691269516944885,True,True,False
wifib|device=41|capture=23Jan|frame=3414|row=3157,41,38390,3157,2,14,41,0.5043357014656067,0.5043357014656067,True,41,0.9275960326194763,0.9275960326194763,True,True,False
wifib|device=41|capture=23Jan|frame=3415|row=3158,41,38391,3158,2,14,41,0.8446506857872009,0.8446506857872009,True,41,0.8912741541862488,0.8912741541862488,True,True,False
wifib|device=41|capture=23Jan|frame=3416|row=3159,41,38392,3159,2,14,41,0.8057001233100891,0.8057001233100891,True,41,0.8948774337768555,0.8948774337768555,True,True,False
wifib|device=41|capture=23Jan|frame=3417|row=3160,41,38393,3160,2,14,41,0.5856466889381409,0.5856466889381409,True,41,0.9106946587562561,0.9106946587562561,True,True,True
wifib|device=41|capture=23Jan|frame=3418|row=3161,41,38394,3161,2,14,41,0.7161138653755188,0.7161138653755188,True,41,0.9122743606567383,0.9122743606567383,True,True,True
wifib|device=41|capture=23Jan|frame=3419|row=3162,41,38395,3162,2,14,41,0.6966642141342163,0.6966642141342163,True,41,0.9822006225585938,0.9822006225585938,True,True,True
wifib|device=41|capture=23Jan|frame=3420|row=3163,41,38396,3163,2,14,41,0.7415403127670288,0.7415403127670288,True,41,0.8486508131027222,0.8486508131027222,True,True,False
wifib|device=41|capture=23Jan|frame=3421|row=3164,41,38397,3164,2,14,41,0.5580177903175354,0.5580177903175354,True,41,0.8379873633384705,0.8379873633384705,True,True,True
wifib|device=41|capture=23Jan|frame=3422|row=3165,41,38398,3165,2,14,30,0.5999833345413208,0.2653855085372925,False,41,0.6464822292327881,0.6464822292327881,True,False,False
wifib|device=41|capture=23Jan|frame=3423|row=3166,41,38399,3166,2,14,41,0.6410197019577026,0.6410197019577026,True,41,0.8444528579711914,0.8444528579711914,True,True,True
wifib|device=41|capture=23Jan|frame=3426|row=3167,41,38400,3167,2,14,40,0.44319167733192444,0.30387261509895325,False,41,0.7686083912849426,0.7686083912849426,True,False,False
wifib|device=41|capture=23Jan|frame=3427|row=3168,41,38401,3168,2,14,41,0.7447357773780823,0.7447357773780823,True,41,0.934316873550415,0.934316873550415,True,True,False
wifib|device=41|capture=23Jan|frame=3428|row=3169,41,38402,3169,2,14,41,0.6965591907501221,0.6965591907501221,True,41,0.9783798456192017,0.9783798456192017,True,True,False
wifib|device=41|capture=23Jan|frame=3429|row=3170,41,38403,3170,2,14,41,0.7561861872673035,0.7561861872673035,True,41,0.7678281664848328,0.7678281664848328,True,True,False
wifib|device=41|capture=23Jan|frame=3430|row=3171,41,38404,3171,2,14,41,0.5284363031387329,0.5284363031387329,True,41,0.9443421959877014,0.9443421959877014,True,True,False
wifib|device=41|capture=23Jan|frame=3431|row=3172,41,38405,3172,2,14,41,0.5301360487937927,0.5301360487937927,True,41,0.9505583643913269,0.9505583643913269,True,True,True
wifib|device=41|capture=23Jan|frame=3432|row=3173,41,38406,3173,2,14,41,0.8344448208808899,0.8344448208808899,True,41,0.8712496757507324,0.8712496757507324,True,True,False
wifib|device=41|capture=23Jan|frame=3435|row=3174,41,38407,3174,2,14,40,0.6012538075447083,0.23064568638801575,False,41,0.7413035035133362,0.7413035035133362,True,False,False
wifib|device=41|capture=23Jan|frame=3436|row=3175,41,38408,3175,2,14,41,0.8516492247581482,0.8516492247581482,True,41,0.8530369997024536,0.8530369997024536,True,True,False
wifib|device=41|capture=23Jan|frame=3437|row=3176,41,38409,3176,2,14,41,0.6806588768959045,0.6806588768959045,True,41,0.9078550338745117,0.9078550338745117,True,True,False
wifib|device=41|capture=23Jan|frame=3438|row=3177,41,38410,3177,2,14,41,0.7907012701034546,0.7907012701034546,True,41,0.9693002104759216,0.9693002104759216,True,True,False
wifib|device=41|capture=23Jan|frame=3439|row=3178,41,38411,3178,2,14,30,0.5280708074569702,0.32855474948883057,False,41,0.7762024998664856,0.7762024998664856,True,False,False
wifib|device=41|capture=23Jan|frame=3440|row=3179,41,38412,3179,2,14,41,0.5412507653236389,0.5412507653236389,True,41,0.7842886447906494,0.7842886447906494,True,True,True
wifib|device=41|capture=23Jan|frame=3441|row=3180,41,38413,3180,2,14,41,0.6546939015388489,0.6546939015388489,True,41,0.7646844983100891,0.7646844983100891,True,True,False
wifib|device=41|capture=23Jan|frame=3442|row=3181,41,38414,3181,2,14,41,0.8346395492553711,0.8346395492553711,True,41,0.9750460982322693,0.9750460982322693,True,True,False
wifib|device=41|capture=23Jan|frame=3443|row=3182,41,38415,3182,2,14,41,0.7079512476921082,0.7079512476921082,True,41,0.965787947177887,0.965787947177887,True,True,False
wifib|device=41|capture=23Jan|frame=3444|row=3183,41,38416,3183,2,14,41,0.7484461069107056,0.7484461069107056,True,41,0.9309669733047485,0.9309669733047485,True,True,False
wifib|device=41|capture=23Jan|frame=3445|row=3184,41,38417,3184,2,14,41,0.7329632043838501,0.7329632043838501,True,41,0.9739887714385986,0.9739887714385986,True,True,False
wifib|device=43|capture=23Jan|frame=2148|row=1946,43,40882,1946,0,15,43,0.9357218742370605,0.9357218742370605,True,43,0.9966877102851868,0.9966877102851868,True,True,False
wifib|device=43|capture=23Jan|frame=2149|row=1947,43,40883,1947,0,15,43,0.9341973066329956,0.9341973066329956,True,43,0.9987497329711914,0.9987497329711914,True,True,False
wifib|device=43|capture=23Jan|frame=2150|row=1948,43,40884,1948,0,15,43,0.9437368512153625,0.9437368512153625,True,43,0.9969747066497803,0.9969747066497803,True,True,False
wifib|device=43|capture=23Jan|frame=2151|row=1949,43,40885,1949,0,15,43,0.9491857886314392,0.9491857886314392,True,43,0.9990886449813843,0.9990886449813843,True,True,False
wifib|device=43|capture=23Jan|frame=2154|row=1950,43,40886,1950,0,15,43,0.9527132511138916,0.9527132511138916,True,43,0.9984124898910522,0.9984124898910522,True,True,True
wifib|device=43|capture=23Jan|frame=2155|row=1951,43,40887,1951,0,15,43,0.9495909810066223,0.9495909810066223,True,43,0.9974451065063477,0.9974451065063477,True,True,False
wifib|device=43|capture=23Jan|frame=2156|row=1952,43,40888,1952,0,15,43,0.9604302048683167,0.9604302048683167,True,43,0.9989043474197388,0.9989043474197388,True,True,False
wifib|device=43|capture=23Jan|frame=2157|row=1953,43,40889,1953,0,15,43,0.9453238248825073,0.9453238248825073,True,43,0.9985514283180237,0.9985514283180237,True,True,False
wifib|device=43|capture=23Jan|frame=2158|row=1954,43,40890,1954,0,15,43,0.9571561217308044,0.9571561217308044,True,43,0.9980158805847168,0.9980158805847168,True,True,True
wifib|device=43|capture=23Jan|frame=2159|row=1955,43,40891,1955,0,15,43,0.9603540301322937,0.9603540301322937,True,43,0.9984203577041626,0.9984203577041626,True,True,False
wifib|device=43|capture=23Jan|frame=2160|row=1956,43,40892,1956,0,15,43,0.9376087188720703,0.9376087188720703,True,43,0.9990659356117249,0.9990659356117249,True,True,False
wifib|device=43|capture=23Jan|frame=2161|row=1957,43,40893,1957,0,15,43,0.9505137801170349,0.9505137801170349,True,43,0.9981212019920349,0.9981212019920349,True,True,False
wifib|device=43|capture=23Jan|frame=2162|row=1958,43,40894,1958,0,15,43,0.9780406951904297,0.9780406951904297,True,43,0.9984558820724487,0.9984558820724487,True,True,False
wifib|device=43|capture=23Jan|frame=2163|row=1959,43,40895,1959,0,15,43,0.9581316113471985,0.9581316113471985,True,43,0.9986910223960876,0.9986910223960876,True,True,True
wifib|device=43|capture=23Jan|frame=2164|row=1960,43,40896,1960,0,15,43,0.9545037150382996,0.9545037150382996,True,43,0.9978308081626892,0.9978308081626892,True,True,False
wifib|device=43|capture=23Jan|frame=2165|row=1961,43,40897,1961,0,15,43,0.9414502382278442,0.9414502382278442,True,43,0.9984386563301086,0.9984386563301086,True,True,False
wifib|device=43|capture=23Jan|frame=2166|row=1962,43,40898,1962,0,15,43,0.9263421297073364,0.9263421297073364,True,43,0.9983853101730347,0.9983853101730347,True,True,False
wifib|device=43|capture=23Jan|frame=2167|row=1963,43,40899,1963,0,15,43,0.9757000207901001,0.9757000207901001,True,43,0.9977396726608276,0.9977396726608276,True,True,False
wifib|device=43|capture=23Jan|frame=2168|row=1964,43,40900,1964,0,15,43,0.9433700442314148,0.9433700442314148,True,43,0.9985945820808411,0.9985945820808411,True,True,True
wifib|device=43|capture=23Jan|frame=2169|row=1965,43,40901,1965,0,15,43,0.9671279788017273,0.9671279788017273,True,43,0.9989377856254578,0.9989377856254578,True,True,False
wifib|device=43|capture=23Jan|frame=2170|row=1966,43,40902,1966,0,15,43,0.974297046661377,0.974297046661377,True,43,0.9986461997032166,0.9986461997032166,True,True,False
wifib|device=43|capture=23Jan|frame=2171|row=1967,43,40903,1967,0,15,43,0.9535360932350159,0.9535360932350159,True,43,0.9984762072563171,0.9984762072563171,True,True,False
wifib|device=43|capture=23Jan|frame=2172|row=1968,43,40904,1968,0,15,43,0.9412246346473694,0.9412246346473694,True,43,0.9971428513526917,0.9971428513526917,True,True,True
wifib|device=43|capture=23Jan|frame=2173|row=1969,43,40905,1969,0,15,43,0.9560186862945557,0.9560186862945557,True,43,0.998151957988739,0.998151957988739,True,True,False
wifib|device=43|capture=23Jan|frame=2174|row=1970,43,40906,1970,0,15,43,0.93952476978302,0.93952476978302,True,43,0.9991294741630554,0.9991294741630554,True,True,False
wifib|device=43|capture=23Jan|frame=2175|row=1971,43,40907,1971,0,15,43,0.9546890258789062,0.9546890258789062,True,43,0.9988604784011841,0.9988604784011841,True,True,False
wifib|device=43|capture=23Jan|frame=2176|row=1972,43,40908,1972,0,15,43,0.9801301956176758,0.9801301956176758,True,43,0.9977009892463684,0.9977009892463684,True,True,True
wifib|device=43|capture=23Jan|frame=2177|row=1973,43,40909,1973,0,15,43,0.9587872624397278,0.9587872624397278,True,43,0.9988112449645996,0.9988112449645996,True,True,False
wifib|device=43|capture=23Jan|frame=2178|row=1974,43,40910,1974,0,15,43,0.9539493322372437,0.9539493322372437,True,43,0.9986885190010071,0.9986885190010071,True,True,True
wifib|device=43|capture=23Jan|frame=2179|row=1975,43,40911,1975,0,15,43,0.9500195384025574,0.9500195384025574,True,43,0.9980159997940063,0.9980159997940063,True,True,False
wifib|device=43|capture=23Jan|frame=2180|row=1976,43,40912,1976,0,15,43,0.9564653038978577,0.9564653038978577,True,43,0.9984965324401855,0.9984965324401855,True,True,False
wifib|device=43|capture=23Jan|frame=2181|row=1977,43,40913,1977,0,15,43,0.9710076451301575,0.9710076451301575,True,43,0.9985176920890808,0.9985176920890808,True,True,False
wifib|device=43|capture=23Jan|frame=2182|row=1978,43,40914,1978,0,15,43,0.9783481955528259,0.9783481955528259,True,43,0.998469889163971,0.998469889163971,True,True,False
wifib|device=43|capture=23Jan|frame=2183|row=1979,43,40915,1979,0,15,43,0.9576942920684814,0.9576942920684814,True,43,0.9983869791030884,0.9983869791030884,True,True,True
wifib|device=43|capture=23Jan|frame=2184|row=1980,43,40916,1980,0,15,43,0.9567421674728394,0.9567421674728394,True,43,0.9988943934440613,0.9988943934440613,True,True,False
wifib|device=43|capture=23Jan|frame=2185|row=1981,43,40917,1981,0,15,43,0.9418685436248779,0.9418685436248779,True,43,0.9968289732933044,0.9968289732933044,True,True,False
wifib|device=43|capture=23Jan|frame=2780|row=2533,43,41469,2533,1,15,43,0.943170964717865,0.943170964717865,True,43,0.9990195035934448,0.9990195035934448,True,True,False
wifib|device=43|capture=23Jan|frame=2781|row=2534,43,41470,2534,1,15,43,0.9820922613143921,0.9820922613143921,True,43,0.9986677169799805,0.9986677169799805,True,True,True
wifib|device=43|capture=23Jan|frame=2782|row=2535,43,41471,2535,1,15,43,0.94764643907547,0.94764643907547,True,43,0.9984477758407593,0.9984477758407593,True,True,False
wifib|device=43|capture=23Jan|frame=2783|row=2536,43,41472,2536,1,15,43,0.9635434150695801,0.9635434150695801,True,43,0.9990083575248718,0.9990083575248718,True,True,False
wifib|device=43|capture=23Jan|frame=2786|row=2537,43,41473,2537,1,15,43,0.9210673570632935,0.9210673570632935,True,43,0.9985373020172119,0.9985373020172119,True,True,False
wifib|device=43|capture=23Jan|frame=2787|row=2538,43,41474,2538,1,15,43,0.9645437598228455,0.9645437598228455,True,43,0.9981936812400818,0.9981936812400818,True,True,False
wifib|device=43|capture=23Jan|frame=2788|row=2539,43,41475,2539,1,15,43,0.9215629696846008,0.9215629696846008,True,43,0.9984595775604248,0.9984595775604248,True,True,False
wifib|device=43|capture=23Jan|frame=2789|row=2540,43,41476,2540,1,15,43,0.9630472660064697,0.9630472660064697,True,43,0.9988314509391785,0.9988314509391785,True,True,False
wifib|device=43|capture=23Jan|frame=2790|row=2541,43,41477,2541,1,15,43,0.9623201489448547,0.9623201489448547,True,43,0.9985284805297852,0.9985284805297852,True,True,False
wifib|device=43|capture=23Jan|frame=2791|row=2542,43,41478,2542,1,15,43,0.9486594200134277,0.9486594200134277,True,43,0.9979669451713562,0.9979669451713562,True,True,False
wifib|device=43|capture=23Jan|frame=2792|row=2543,43,41479,2543,1,15,43,0.9591156840324402,0.9591156840324402,True,43,0.9987310767173767,0.9987310767173767,True,True,False
wifib|device=43|capture=23Jan|frame=2793|row=2544,43,41480,2544,1,15,43,0.9509081244468689,0.9509081244468689,True,43,0.9989768266677856,0.9989768266677856,True,True,False
wifib|device=43|capture=23Jan|frame=2794|row=2545,43,41481,2545,1,15,43,0.9698861241340637,0.9698861241340637,True,43,0.9986452460289001,0.9986452460289001,True,True,False
wifib|device=43|capture=23Jan|frame=2795|row=2546,43,41482,2546,1,15,43,0.9748561382293701,0.9748561382293701,True,43,0.9987413287162781,0.9987413287162781,True,True,False
wifib|device=43|capture=23Jan|frame=2796|row=2547,43,41483,2547,1,15,43,0.8801886439323425,0.8801886439323425,True,43,0.9968286156654358,0.9968286156654358,True,True,True
wifib|device=43|capture=23Jan|frame=2797|row=2548,43,41484,2548,1,15,43,0.9714055061340332,0.9714055061340332,True,43,0.9986943602561951,0.9986943602561951,True,True,True
wifib|device=43|capture=23Jan|frame=2798|row=2549,43,41485,2549,1,15,43,0.9485703706741333,0.9485703706741333,True,43,0.9979220032691956,0.9979220032691956,True,True,False
wifib|device=43|capture=23Jan|frame=2799|row=2550,43,41486,2550,1,15,43,0.9743955135345459,0.9743955135345459,True,43,0.9986472725868225,0.9986472725868225,True,True,False
wifib|device=43|capture=23Jan|frame=2800|row=2551,43,41487,2551,1,15,43,0.9605346918106079,0.9605346918106079,True,43,0.9982604384422302,0.9982604384422302,True,True,False
wifib|device=43|capture=23Jan|frame=2801|row=2552,43,41488,2552,1,15,43,0.9555947184562683,0.9555947184562683,True,43,0.9987334609031677,0.9987334609031677,True,True,True
wifib|device=43|capture=23Jan|frame=2802|row=2553,43,41489,2553,1,15,43,0.9647123217582703,0.9647123217582703,True,43,0.9986329674720764,0.9986329674720764,True,True,True
wifib|device=43|capture=23Jan|frame=2803|row=2554,43,41490,2554,1,15,43,0.9475915431976318,0.9475915431976318,True,43,0.9990804195404053,0.9990804195404053,True,True,False
wifib|device=43|capture=23Jan|frame=2804|row=2555,43,41491,2555,1,15,43,0.9292510747909546,0.9292510747909546,True,43,0.9985718727111816,0.9985718727111816,True,True,False
wifib|device=43|capture=23Jan|frame=2805|row=2556,43,41492,2556,1,15,43,0.9627032279968262,0.9627032279968262,True,43,0.999062716960907,0.999062716960907,True,True,True
wifib|device=43|capture=23Jan|frame=2806|row=2557,43,41493,2557,1,15,43,0.8993107676506042,0.8993107676506042,True,43,0.9975119829177856,0.9975119829177856,True,True,False
wifib|device=43|capture=23Jan|frame=2807|row=2558,43,41494,2558,1,15,43,0.9727354645729065,0.9727354645729065,True,43,0.9980360865592957,0.9980360865592957,True,True,False
wifib|device=43|capture=23Jan|frame=2808|row=2559,43,41495,2559,1,15,43,0.9429264068603516,0.9429264068603516,True,43,0.9985957741737366,0.9985957741737366,True,True,False
wifib|device=43|capture=23Jan|frame=2809|row=2560,43,41496,2560,1,15,43,0.9518605470657349,0.9518605470657349,True,43,0.9983939528465271,0.9983939528465271,True,True,False
wifib|device=43|capture=23Jan|frame=2810|row=2561,43,41497,2561,1,15,43,0.9634740352630615,0.9634740352630615,True,43,0.9984070658683777,0.9984070658683777,True,True,False
wifib|device=43|capture=23Jan|frame=2813|row=2562,43,41498,2562,1,15,43,0.8997984528541565,0.8997984528541565,True,43,0.9977307915687561,0.9977307915687561,True,True,True
wifib|device=43|capture=23Jan|frame=2814|row=2563,43,41499,2563,1,15,43,0.9578073620796204,0.9578073620796204,True,43,0.9984638690948486,0.9984638690948486,True,True,False
wifib|device=43|capture=23Jan|frame=2815|row=2564,43,41500,2564,1,15,43,0.9699056148529053,0.9699056148529053,True,43,0.9971615076065063,0.9971615076065063,True,True,True
wifib|device=43|capture=23Jan|frame=2816|row=2565,43,41501,2565,1,15,43,0.9274995923042297,0.9274995923042297,True,43,0.998656153678894,0.998656153678894,True,True,False
wifib|device=43|capture=23Jan|frame=2817|row=2566,43,41502,2566,1,15,43,0.9582522511482239,0.9582522511482239,True,43,0.9983024597167969,0.9983024597167969,True,True,True
wifib|device=43|capture=23Jan|frame=2818|row=2567,43,41503,2567,1,15,43,0.9391129612922668,0.9391129612922668,True,43,0.9978145360946655,0.9978145360946655,True,True,False
wifib|device=43|capture=23Jan|frame=2819|row=2568,43,41504,2568,1,15,43,0.9725809693336487,0.9725809693336487,True,43,0.997816801071167,0.997816801071167,True,True,False
wifib|device=43|capture=23Jan|frame=2820|row=2569,43,41505,2569,1,15,43,0.9708648324012756,0.9708648324012756,True,43,0.9988566637039185,0.9988566637039185,True,True,False
wifib|device=43|capture=23Jan|frame=3405|row=3120,43,42056,3120,2,15,43,0.9465566873550415,0.9465566873550415,True,43,0.9983770847320557,0.9983770847320557,True,True,False
wifib|device=43|capture=23Jan|frame=3406|row=3121,43,42057,3121,2,15,43,0.9657909274101257,0.9657909274101257,True,43,0.9986323714256287,0.9986323714256287,True,True,True
wifib|device=43|capture=23Jan|frame=3409|row=3122,43,42058,3122,2,15,43,0.9719759225845337,0.9719759225845337,True,43,0.9988986253738403,0.9988986253738403,True,True,False
wifib|device=43|capture=23Jan|frame=3410|row=3123,43,42059,3123,2,15,43,0.9180896282196045,0.9180896282196045,True,43,0.9980884194374084,0.9980884194374084,True,True,False
wifib|device=43|capture=23Jan|frame=3411|row=3124,43,42060,3124,2,15,43,0.9430294632911682,0.9430294632911682,True,43,0.998052716255188,0.998052716255188,True,True,True
wifib|device=43|capture=23Jan|frame=3412|row=3125,43,42061,3125,2,15,43,0.9603252410888672,0.9603252410888672,True,43,0.9988077878952026,0.9988077878952026,True,True,False
wifib|device=43|capture=23Jan|frame=3413|row=3126,43,42062,3126,2,15,43,0.9267255067825317,0.9267255067825317,True,43,0.9973823428153992,0.9973823428153992,True,True,False
wifib|device=43|capture=23Jan|frame=3414|row=3127,43,42063,3127,2,15,43,0.9235603213310242,0.9235603213310242,True,43,0.9979004859924316,0.9979004859924316,True,True,True
wifib|device=43|capture=23Jan|frame=3415|row=3128,43,42064,3128,2,15,43,0.9774389863014221,0.9774389863014221,True,43,0.9987742304801941,0.9987742304801941,True,True,False
wifib|device=43|capture=23Jan|frame=3416|row=3129,43,42065,3129,2,15,43,0.9512553215026855,0.9512553215026855,True,43,0.9987138509750366,0.9987138509750366,True,True,False
wifib|device=43|capture=23Jan|frame=3417|row=3130,43,42066,3130,2,15,43,0.979982852935791,0.979982852935791,True,43,0.9987115859985352,0.9987115859985352,True,True,False
wifib|device=43|capture=23Jan|frame=3418|row=3131,43,42067,3131,2,15,43,0.9507775902748108,0.9507775902748108,True,43,0.9982109069824219,0.9982109069824219,True,True,False
wifib|device=43|capture=23Jan|frame=3419|row=3132,43,42068,3132,2,15,43,0.9406407475471497,0.9406407475471497,True,43,0.9985036849975586,0.9985036849975586,True,True,True
wifib|device=43|capture=23Jan|frame=3420|row=3133,43,42069,3133,2,15,43,0.6843338012695312,0.6843338012695312,True,43,0.9984723925590515,0.9984723925590515,True,True,False
wifib|device=43|capture=23Jan|frame=3421|row=3134,43,42070,3134,2,15,43,0.9390019774436951,0.9390019774436951,True,43,0.9991577863693237,0.9991577863693237,True,True,False
wifib|device=43|capture=23Jan|frame=3422|row=3135,43,42071,3135,2,15,43,0.9527829885482788,0.9527829885482788,True,43,0.9986188411712646,0.9986188411712646,True,True,False
wifib|device=43|capture=23Jan|frame=3423|row=3136,43,42072,3136,2,15,43,0.9616224765777588,0.9616224765777588,True,43,0.9989010095596313,0.9989010095596313,True,True,False
wifib|device=43|capture=23Jan|frame=3424|row=3137,43,42073,3137,2,15,43,0.9798664450645447,0.9798664450645447,True,43,0.9986728429794312,0.9986728429794312,True,True,True
wifib|device=43|capture=23Jan|frame=3425|row=3138,43,42074,3138,2,15,43,0.923797607421875,0.923797607421875,True,43,0.9951738715171814,0.9951738715171814,True,True,False
wifib|device=43|capture=23Jan|frame=3426|row=3139,43,42075,3139,2,15,43,0.9701369404792786,0.9701369404792786,True,43,0.9987701773643494,0.9987701773643494,True,True,False
wifib|device=43|capture=23Jan|frame=3427|row=3140,43,42076,3140,2,15,43,0.9501424431800842,0.9501424431800842,True,43,0.9979156851768494,0.9979156851768494,True,True,False
wifib|device=43|capture=23Jan|frame=3428|row=3141,43,42077,3141,2,15,43,0.9346866607666016,0.9346866607666016,True,43,0.9975192546844482,0.9975192546844482,True,True,True
wifib|device=43|capture=23Jan|frame=3429|row=3142,43,42078,3142,2,15,43,0.8998267650604248,0.8998267650604248,True,43,0.9980487823486328,0.9980487823486328,True,True,True
wifib|device=43|capture=23Jan|frame=3430|row=3143,43,42079,3143,2,15,43,0.9665124416351318,0.9665124416351318,True,43,0.9986914992332458,0.9986914992332458,True,True,False
wifib|device=43|capture=23Jan|frame=3431|row=3144,43,42080,3144,2,15,43,0.9559611678123474,0.9559611678123474,True,43,0.9982185959815979,0.9982185959815979,True,True,False
wifib|device=43|capture=23Jan|frame=3432|row=3145,43,42081,3145,2,15,43,0.8766166567802429,0.8766166567802429,True,43,0.9980401396751404,0.9980401396751404,True,True,False
wifib|device=43|capture=23Jan|frame=3433|row=3146,43,42082,3146,2,15,43,0.9702688455581665,0.9702688455581665,True,43,0.9988553524017334,0.9988553524017334,True,True,False
wifib|device=43|capture=23Jan|frame=3434|row=3147,43,42083,3147,2,15,43,0.9021657705307007,0.9021657705307007,True,43,0.9965131878852844,0.9965131878852844,True,True,False
wifib|device=43|capture=23Jan|frame=3435|row=3148,43,42084,3148,2,15,43,0.9540314674377441,0.9540314674377441,True,43,0.9983853101730347,0.9983853101730347,True,True,False
wifib|device=43|capture=23Jan|frame=3436|row=3149,43,42085,3149,2,15,43,0.9196940064430237,0.9196940064430237,True,43,0.9988898634910583,0.9988898634910583,True,True,True
wifib|device=43|capture=23Jan|frame=3437|row=3150,43,42086,3150,2,15,43,0.9618735313415527,0.9618735313415527,True,43,0.9988961219787598,0.9988961219787598,True,True,False
wifib|device=43|capture=23Jan|frame=3438|row=3151,43,42087,3151,2,15,43,0.9215932488441467,0.9215932488441467,True,43,0.9983987212181091,0.9983987212181091,True,True,False
wifib|device=43|capture=23Jan|frame=3439|row=3152,43,42088,3152,2,15,43,0.8924824595451355,0.8924824595451355,True,43,0.9985392093658447,0.9985392093658447,True,True,False
wifib|device=43|capture=23Jan|frame=3440|row=3153,43,42089,3153,2,15,43,0.9601115584373474,0.9601115584373474,True,43,0.9983440637588501,0.9983440637588501,True,True,False
wifib|device=43|capture=23Jan|frame=3441|row=3154,43,42090,3154,2,15,43,0.9199435114860535,0.9199435114860535,True,43,0.9965789914131165,0.9965789914131165,True,True,False
wifib|device=43|capture=23Jan|frame=3442|row=3155,43,42091,3155,2,15,43,0.8933711051940918,0.8933711051940918,True,43,0.9982157945632935,0.9982157945632935,True,True,False
wifib|device=43|capture=23Jan|frame=3443|row=3156,43,42092,3156,2,15,43,0.9562719464302063,0.9562719464302063,True,43,0.9988357424736023,0.9988357424736023,True,True,False
wifib|device=46|capture=23Jan|frame=2145|row=1934,46,44541,1934,0,16,46,0.9217852354049683,0.9217852354049683,True,46,0.9900267124176025,0.9900267124176025,True,True,False
wifib|device=46|capture=23Jan|frame=2146|row=1935,46,44542,1935,0,16,46,0.7814215421676636,0.7814215421676636,True,46,0.9918791055679321,0.9918791055679321,True,True,False
wifib|device=46|capture=23Jan|frame=2147|row=1936,46,44543,1936,0,16,46,0.8478614687919617,0.8478614687919617,True,46,0.9649349451065063,0.9649349451065063,True,True,False
wifib|device=46|capture=23Jan|frame=2148|row=1937,46,44544,1937,0,16,46,0.8850306272506714,0.8850306272506714,True,46,0.9959955215454102,0.9959955215454102,True,True,False
wifib|device=46|capture=23Jan|frame=2149|row=1938,46,44545,1938,0,16,46,0.8417006134986877,0.8417006134986877,True,46,0.9607443809509277,0.9607443809509277,True,True,False
wifib|device=46|capture=23Jan|frame=2150|row=1939,46,44546,1939,0,16,46,0.8331640362739563,0.8331640362739563,True,46,0.9871676564216614,0.9871676564216614,True,True,False
wifib|device=46|capture=23Jan|frame=2151|row=1940,46,44547,1940,0,16,46,0.8948915600776672,0.8948915600776672,True,46,0.9821487665176392,0.9821487665176392,True,True,False
wifib|device=46|capture=23Jan|frame=2152|row=1941,46,44548,1941,0,16,46,0.8956672549247742,0.8956672549247742,True,46,0.9863091707229614,0.9863091707229614,True,True,False
wifib|device=46|capture=23Jan|frame=2153|row=1942,46,44549,1942,0,16,46,0.8871752023696899,0.8871752023696899,True,46,0.9349598288536072,0.9349598288536072,True,True,False
wifib|device=46|capture=23Jan|frame=2154|row=1943,46,44550,1943,0,16,46,0.8509090542793274,0.8509090542793274,True,46,0.9829166531562805,0.9829166531562805,True,True,True
wifib|device=46|capture=23Jan|frame=2155|row=1944,46,44551,1944,0,16,46,0.8283077478408813,0.8283077478408813,True,46,0.9761477708816528,0.9761477708816528,True,True,False
wifib|device=46|capture=23Jan|frame=2156|row=1945,46,44552,1945,0,16,46,0.856715977191925,0.856715977191925,True,46,0.9876292943954468,0.9876292943954468,True,True,False
wifib|device=46|capture=23Jan|frame=2157|row=1946,46,44553,1946,0,16,46,0.8749997019767761,0.8749997019767761,True,46,0.9915409684181213,0.9915409684181213,True,True,False
wifib|device=46|capture=23Jan|frame=2158|row=1947,46,44554,1947,0,16,46,0.9230231642723083,0.9230231642723083,True,46,0.9414488077163696,0.9414488077163696,True,True,False
wifib|device=46|capture=23Jan|frame=2159|row=1948,46,44555,1948,0,16,46,0.75614333152771,0.75614333152771,True,46,0.9077843427658081,0.9077843427658081,True,True,False
wifib|device=46|capture=23Jan|frame=2160|row=1949,46,44556,1949,0,16,46,0.8759724497795105,0.8759724497795105,True,46,0.989213764667511,0.989213764667511,True,True,True
wifib|device=46|capture=23Jan|frame=2161|row=1950,46,44557,1950,0,16,46,0.7591427564620972,0.7591427564620972,True,46,0.9844759106636047,0.9844759106636047,True,True,False
wifib|device=46|capture=23Jan|frame=2162|row=1951,46,44558,1951,0,16,46,0.9084984064102173,0.9084984064102173,True,46,0.9867455363273621,0.9867455363273621,True,True,False
wifib|device=46|capture=23Jan|frame=2163|row=1952,46,44559,1952,0,16,46,0.847967267036438,0.847967267036438,True,46,0.9848452806472778,0.9848452806472778,True,True,False
wifib|device=46|capture=23Jan|frame=2164|row=1953,46,44560,1953,0,16,46,0.891918420791626,0.891918420791626,True,46,0.9252623319625854,0.9252623319625854,True,True,False
wifib|device=46|capture=23Jan|frame=2165|row=1954,46,44561,1954,0,16,46,0.9011861085891724,0.9011861085891724,True,46,0.9911894798278809,0.9911894798278809,True,True,True
wifib|device=46|capture=23Jan|frame=2166|row=1955,46,44562,1955,0,16,46,0.8757753372192383,0.8757753372192383,True,46,0.9951387643814087,0.9951387643814087,True,True,False
wifib|device=46|capture=23Jan|frame=2167|row=1956,46,44563,1956,0,16,46,0.9049073457717896,0.9049073457717896,True,46,0.9930933713912964,0.9930933713912964,True,True,True
wifib|device=46|capture=23Jan|frame=2168|row=1957,46,44564,1957,0,16,46,0.9412276744842529,0.9412276744842529,True,46,0.8794947862625122,0.8794947862625122,True,True,False
wifib|device=46|capture=23Jan|frame=2169|row=1958,46,44565,1958,0,16,46,0.8792305588722229,0.8792305588722229,True,46,0.9631894826889038,0.9631894826889038,True,True,False
wifib|device=46|capture=23Jan|frame=2170|row=1959,46,44566,1959,0,16,46,0.9049915075302124,0.9049915075302124,True,46,0.9936413168907166,0.9936413168907166,True,True,True
wifib|device=46|capture=23Jan|frame=2171|row=1960,46,44567,1960,0,16,46,0.8505579233169556,0.8505579233169556,True,46,0.9465823173522949,0.9465823173522949,True,True,False
wifib|device=46|capture=23Jan|frame=2172|row=1961,46,44568,1961,0,16,46,0.8474481701850891,0.8474481701850891,True,46,0.9059655666351318,0.9059655666351318,True,True,False
wifib|device=46|capture=23Jan|frame=2173|row=1962,46,44569,1962,0,16,46,0.818299412727356,0.818299412727356,True,46,0.9355139136314392,0.9355139136314392,True,True,False
wifib|device=46|capture=23Jan|frame=2174|row=1963,46,44570,1963,0,16,46,0.8816506862640381,0.8816506862640381,True,46,0.9632543325424194,0.9632543325424194,True,True,False
wifib|device=46|capture=23Jan|frame=2175|row=1964,46,44571,1964,0,16,46,0.8994973301887512,0.8994973301887512,True,46,0.993834376335144,0.993834376335144,True,True,True
wifib|device=46|capture=23Jan|frame=2176|row=1965,46,44572,1965,0,16,46,0.8855503797531128,0.8855503797531128,True,46,0.9931722283363342,0.9931722283363342,True,True,True
wifib|device=46|capture=23Jan|frame=2177|row=1966,46,44573,1966,0,16,46,0.8180261850357056,0.8180261850357056,True,46,0.9849098324775696,0.9849098324775696,True,True,False
wifib|device=46|capture=23Jan|frame=2180|row=1967,46,44574,1967,0,16,46,0.8005509972572327,0.8005509972572327,True,46,0.9354259371757507,0.9354259371757507,True,True,True
wifib|device=46|capture=23Jan|frame=2181|row=1968,46,44575,1968,0,16,46,0.8893018364906311,0.8893018364906311,True,46,0.9918439984321594,0.9918439984321594,True,True,False
wifib|device=46|capture=23Jan|frame=2182|row=1969,46,44576,1969,0,16,46,0.8399944305419922,0.8399944305419922,True,46,0.9930904507637024,0.9930904507637024,True,True,False
wifib|device=46|capture=23Jan|frame=2783|row=2518,46,45125,2518,1,16,46,0.8556654453277588,0.8556654453277588,True,46,0.9535436630249023,0.9535436630249023,True,True,False
wifib|device=46|capture=23Jan|frame=2784|row=2519,46,45126,2519,1,16,46,0.9055728912353516,0.9055728912353516,True,46,0.9907059073448181,0.9907059073448181,True,True,False
wifib|device=46|capture=23Jan|frame=2785|row=2520,46,45127,2520,1,16,46,0.8834876418113708,0.8834876418113708,True,46,0.9898402690887451,0.9898402690887451,True,True,False
wifib|device=46|capture=23Jan|frame=2786|row=2521,46,45128,2521,1,16,46,0.8658594489097595,0.8658594489097595,True,46,0.9867241978645325,0.9867241978645325,True,True,False
wifib|device=46|capture=23Jan|frame=2789|row=2522,46,45129,2522,1,16,46,0.9145851731300354,0.9145851731300354,True,46,0.9840167760848999,0.9840167760848999,True,True,False
wifib|device=46|capture=23Jan|frame=2790|row=2523,46,45130,2523,1,16,46,0.8315359950065613,0.8315359950065613,True,46,0.9890050292015076,0.9890050292015076,True,True,False
wifib|device=46|capture=23Jan|frame=2791|row=2524,46,45131,2524,1,16,46,0.8951576352119446,0.8951576352119446,True,46,0.9941919445991516,0.9941919445991516,True,True,True
wifib|device=46|capture=23Jan|frame=2792|row=2525,46,45132,2525,1,16,46,0.9294606447219849,0.9294606447219849,True,46,0.9654534459114075,0.9654534459114075,True,True,False
wifib|device=46|capture=23Jan|frame=2793|row=2526,46,45133,2526,1,16,46,0.9452022910118103,0.9452022910118103,True,46,0.9548736810684204,0.9548736810684204,True,True,False
wifib|device=46|capture=23Jan|frame=2794|row=2527,46,45134,2527,1,16,46,0.8748126029968262,0.8748126029968262,True,46,0.9892600774765015,0.9892600774765015,True,True,True
wifib|device=46|capture=23Jan|frame=2795|row=2528,46,45135,2528,1,16,46,0.900830864906311,0.900830864906311,True,46,0.9885334372520447,0.9885334372520447,True,True,False
wifib|device=46|capture=23Jan|frame=2796|row=2529,46,45136,2529,1,16,46,0.9388257265090942,0.9388257265090942,True,46,0.9955812096595764,0.9955812096595764,True,True,False
wifib|device=46|capture=23Jan|frame=2797|row=2530,46,45137,2530,1,16,46,0.9044874310493469,0.9044874310493469,True,46,0.9922532439231873,0.9922532439231873,True,True,False
wifib|device=46|capture=23Jan|frame=2798|row=2531,46,45138,2531,1,16,46,0.8097369074821472,0.8097369074821472,True,46,0.8747912049293518,0.8747912049293518,True,True,False
wifib|device=46|capture=23Jan|frame=2799|row=2532,46,45139,2532,1,16,46,0.8524124622344971,0.8524124622344971,True,46,0.9302062392234802,0.9302062392234802,True,True,True
wifib|device=46|capture=23Jan|frame=2800|row=2533,46,45140,2533,1,16,46,0.8801696300506592,0.8801696300506592,True,46,0.9867492318153381,0.9867492318153381,True,True,False
wifib|device=46|capture=23Jan|frame=2801|row=2534,46,45141,2534,1,16,46,0.8893930912017822,0.8893930912017822,True,46,0.991215705871582,0.991215705871582,True,True,False
wifib|device=46|capture=23Jan|frame=2802|row=2535,46,45142,2535,1,16,46,0.8516602516174316,0.8516602516174316,True,46,0.9912603497505188,0.9912603497505188,True,True,False
wifib|device=46|capture=23Jan|frame=2803|row=2536,46,45143,2536,1,16,46,0.8171188235282898,0.8171188235282898,True,46,0.990643322467804,0.990643322467804,True,True,True
wifib|device=46|capture=23Jan|frame=2804|row=2537,46,45144,2537,1,16,46,0.924117386341095,0.924117386341095,True,46,0.7429616451263428,0.7429616451263428,True,True,True
wifib|device=46|capture=23Jan|frame=2805|row=2538,46,45145,2538,1,16,46,0.899336040019989,0.899336040019989,True,46,0.9673765897750854,0.9673765897750854,True,True,False
wifib|device=46|capture=23Jan|frame=2806|row=2539,46,45146,2539,1,16,46,0.8554045557975769,0.8554045557975769,True,46,0.9888285994529724,0.9888285994529724,True,True,False
wifib|device=46|capture=23Jan|frame=2807|row=2540,46,45147,2540,1,16,46,0.8644694089889526,0.8644694089889526,True,46,0.9709696769714355,0.9709696769714355,True,True,False
wifib|device=46|capture=23Jan|frame=2808|row=2541,46,45148,2541,1,16,46,0.867107629776001,0.867107629776001,True,46,0.9791648387908936,0.9791648387908936,True,True,False
wifib|device=46|capture=23Jan|frame=2809|row=2542,46,45149,2542,1,16,46,0.8478304147720337,0.8478304147720337,True,46,0.9595239162445068,0.9595239162445068,True,True,False
wifib|device=46|capture=23Jan|frame=2810|row=2543,46,45150,2543,1,16,46,0.7695341110229492,0.7695341110229492,True,46,0.7932325601577759,0.7932325601577759,True,True,False
wifib|device=46|capture=23Jan|frame=2813|row=2544,46,45151,2544,1,16,46,0.8866813778877258,0.8866813778877258,True,46,0.5912845134735107,0.5912845134735107,True,True,False
wifib|device=46|capture=23Jan|frame=2814|row=2545,46,45152,2545,1,16,46,0.8969677090644836,0.8969677090644836,True,46,0.993830144405365,0.993830144405365,True,True,True
wifib|device=46|capture=23Jan|frame=2815|row=2546,46,45153,2546,1,16,46,0.8877162933349609,0.8877162933349609,True,46,0.9530937671661377,0.9530937671661377,True,True,False
wifib|device=46|capture=23Jan|frame=2816|row=2547,46,45154,2547,1,16,46,0.8718507885932922,0.8718507885932922,True,46,0.9425226449966431,0.9425226449966431,True,True,True
wifib|device=46|capture=23Jan|frame=2817|row=2548,46,45155,2548,1,16,46,0.8653217554092407,0.8653217554092407,True,46,0.9923404455184937,0.9923404455184937,True,True,False
wifib|device=46|capture=23Jan|frame=2818|row=2549,46,45156,2549,1,16,46,0.9195331931114197,0.9195331931114197,True,46,0.8520818948745728,0.8520818948745728,True,True,False
wifib|device=46|capture=23Jan|frame=2819|row=2550,46,45157,2550,1,16,46,0.9025548100471497,0.9025548100471497,True,46,0.9496911764144897,0.9496911764144897,True,True,False
wifib|device=46|capture=23Jan|frame=2820|row=2551,46,45158,2551,1,16,46,0.9056628346443176,0.9056628346443176,True,46,0.9738311767578125,0.9738311767578125,True,True,True
wifib|device=46|capture=23Jan|frame=2821|row=2552,46,45159,2552,1,16,46,0.849090576171875,0.849090576171875,True,46,0.9522685408592224,0.9522685408592224,True,True,True
wifib|device=46|capture=23Jan|frame=2822|row=2553,46,45160,2553,1,16,46,0.8472986817359924,0.8472986817359924,True,46,0.9243850708007812,0.9243850708007812,True,True,False
wifib|device=46|capture=23Jan|frame=3411|row=3102,46,45709,3102,2,16,46,0.8893870711326599,0.8893870711326599,True,46,0.9846051931381226,0.9846051931381226,True,True,False
wifib|device=46|capture=23Jan|frame=3412|row=3103,46,45710,3103,2,16,46,0.865145742893219,0.865145742893219,True,46,0.9829119443893433,0.9829119443893433,True,True,False
wifib|device=46|capture=23Jan|frame=3413|row=3104,46,45711,3104,2,16,46,0.9102055430412292,0.9102055430412292,True,46,0.8970228433609009,0.8970228433609009,True,True,False
wifib|device=46|capture=23Jan|frame=3416|row=3105,46,45712,3105,2,16,46,0.9181394577026367,0.9181394577026367,True,46,0.8592080473899841,0.8592080473899841,True,True,True
wifib|device=46|capture=23Jan|frame=3417|row=3106,46,45713,3106,2,16,46,0.8808475136756897,0.8808475136756897,True,46,0.9904600381851196,0.9904600381851196,True,True,False
wifib|device=46|capture=23Jan|frame=3418|row=3107,46,45714,3107,2,16,46,0.8398279547691345,0.8398279547691345,True,46,0.98896723985672,0.98896723985672,True,True,False
wifib|device=46|capture=23Jan|frame=3419|row=3108,46,45715,3108,2,16,46,0.8221855759620667,0.8221855759620667,True,46,0.9902899861335754,0.9902899861335754,True,True,True
wifib|device=46|capture=23Jan|frame=3420|row=3109,46,45716,3109,2,16,46,0.8558433055877686,0.8558433055877686,True,46,0.9836441874504089,0.9836441874504089,True,True,True
wifib|device=46|capture=23Jan|frame=3421|row=3110,46,45717,3110,2,16,46,0.9052373170852661,0.9052373170852661,True,46,0.976074755191803,0.976074755191803,True,True,False
wifib|device=46|capture=23Jan|frame=3422|row=3111,46,45718,3111,2,16,46,0.8828771710395813,0.8828771710395813,True,46,0.9661782383918762,0.9661782383918762,True,True,False
wifib|device=46|capture=23Jan|frame=3423|row=3112,46,45719,3112,2,16,46,0.8623437881469727,0.8623437881469727,True,46,0.990429162979126,0.990429162979126,True,True,False
wifib|device=46|capture=23Jan|frame=3424|row=3113,46,45720,3113,2,16,46,0.8668911457061768,0.8668911457061768,True,46,0.9856055378913879,0.9856055378913879,True,True,False
wifib|device=46|capture=23Jan|frame=3425|row=3114,46,45721,3114,2,16,46,0.9101946949958801,0.9101946949958801,True,46,0.9840916991233826,0.9840916991233826,True,True,False
wifib|device=46|capture=23Jan|frame=3426|row=3115,46,45722,3115,2,16,46,0.8749380111694336,0.8749380111694336,True,46,0.9887209534645081,0.9887209534645081,True,True,False
wifib|device=46|capture=23Jan|frame=3427|row=3116,46,45723,3116,2,16,46,0.8394339084625244,0.8394339084625244,True,46,0.9746415019035339,0.9746415019035339,True,True,False
wifib|device=46|capture=23Jan|frame=3428|row=3117,46,45724,3117,2,16,46,0.8539455533027649,0.8539455533027649,True,46,0.9939675331115723,0.9939675331115723,True,True,False
wifib|device=46|capture=23Jan|frame=3429|row=3118,46,45725,3118,2,16,46,0.8527666330337524,0.8527666330337524,True,46,0.9901933073997498,0.9901933073997498,True,True,False
wifib|device=46|capture=23Jan|frame=3430|row=3119,46,45726,3119,2,16,46,0.8744083642959595,0.8744083642959595,True,46,0.9956667423248291,0.9956667423248291,True,True,True
wifib|device=46|capture=23Jan|frame=3431|row=3120,46,45727,3120,2,16,46,0.8890171051025391,0.8890171051025391,True,46,0.9556836485862732,0.9556836485862732,True,True,False
wifib|device=46|capture=23Jan|frame=3432|row=3121,46,45728,3121,2,16,46,0.8617788553237915,0.8617788553237915,True,46,0.9901608228683472,0.9901608228683472,True,True,True
wifib|device=46|capture=23Jan|frame=3433|row=3122,46,45729,3122,2,16,46,0.9320629239082336,0.9320629239082336,True,46,0.7374535202980042,0.7374535202980042,True,True,False
wifib|device=46|capture=23Jan|frame=3434|row=3123,46,45730,3123,2,16,46,0.843501091003418,0.843501091003418,True,46,0.9873459935188293,0.9873459935188293,True,True,False
wifib|device=46|capture=23Jan|frame=3435|row=3124,46,45731,3124,2,16,46,0.9096044898033142,0.9096044898033142,True,46,0.9304540157318115,0.9304540157318115,True,True,True
wifib|device=46|capture=23Jan|frame=3436|row=3125,46,45732,3125,2,16,46,0.8791763782501221,0.8791763782501221,True,46,0.9905499815940857,0.9905499815940857,True,True,False
wifib|device=46|capture=23Jan|frame=3437|row=3126,46,45733,3126,2,16,46,0.902577817440033,0.902577817440033,True,46,0.9926734566688538,0.9926734566688538,True,True,False
wifib|device=46|capture=23Jan|frame=3438|row=3127,46,45734,3127,2,16,46,0.8129876852035522,0.8129876852035522,True,46,0.9867727160453796,0.9867727160453796,True,True,True
wifib|device=46|capture=23Jan|frame=3439|row=3128,46,45735,3128,2,16,46,0.8523626327514648,0.8523626327514648,True,46,0.9852182269096375,0.9852182269096375,True,True,False
wifib|device=46|capture=23Jan|frame=3440|row=3129,46,45736,3129,2,16,46,0.7933721542358398,0.7933721542358398,True,46,0.8339312672615051,0.8339312672615051,True,True,False
wifib|device=46|capture=23Jan|frame=3441|row=3130,46,45737,3130,2,16,46,0.9224920868873596,0.9224920868873596,True,46,0.9909554123878479,0.9909554123878479,True,True,True
wifib|device=46|capture=23Jan|frame=3442|row=3131,46,45738,3131,2,16,46,0.820161759853363,0.820161759853363,True,46,0.9649263024330139,0.9649263024330139,True,True,False
wifib|device=46|capture=23Jan|frame=3443|row=3132,46,45739,3132,2,16,46,0.8705415725708008,0.8705415725708008,True,46,0.9895578026771545,0.9895578026771545,True,True,False
wifib|device=46|capture=23Jan|frame=3444|row=3133,46,45740,3133,2,16,46,0.8791751861572266,0.8791751861572266,True,46,0.9608858823776245,0.9608858823776245,True,True,False
wifib|device=46|capture=23Jan|frame=3445|row=3134,46,45741,3134,2,16,46,0.9136320948600769,0.9136320948600769,True,46,0.9880332946777344,0.9880332946777344,True,True,False
wifib|device=46|capture=23Jan|frame=3446|row=3135,46,45742,3135,2,16,46,0.8700799942016602,0.8700799942016602,True,46,0.9790401458740234,0.9790401458740234,True,True,False
wifib|device=46|capture=23Jan|frame=3447|row=3136,46,45743,3136,2,16,46,0.916678249835968,0.916678249835968,True,46,0.9491426348686218,0.9491426348686218,True,True,False
wifib|device=46|capture=23Jan|frame=3448|row=3137,46,45744,3137,2,16,46,0.824397087097168,0.824397087097168,True,46,0.9805444478988647,0.9805444478988647,True,True,False
wifib|device=5|capture=23Jan|frame=2084|row=1893,5,48149,1893,0,2,5,0.9431802034378052,0.9431802034378052,True,5,0.9981891512870789,0.9981891512870789,True,True,False
wifib|device=5|capture=23Jan|frame=2085|row=1894,5,48150,1894,0,2,5,0.9484574198722839,0.9484574198722839,True,5,0.9981220364570618,0.9981220364570618,True,True,False
wifib|device=5|capture=23Jan|frame=2086|row=1895,5,48151,1895,0,2,5,0.9563482999801636,0.9563482999801636,True,5,0.9986756443977356,0.9986756443977356,True,True,True
wifib|device=5|capture=23Jan|frame=2087|row=1896,5,48152,1896,0,2,5,0.9520550966262817,0.9520550966262817,True,5,0.9956822395324707,0.9956822395324707,True,True,False
wifib|device=5|capture=23Jan|frame=2088|row=1897,5,48153,1897,0,2,5,0.9375718235969543,0.9375718235969543,True,5,0.9967198967933655,0.9967198967933655,True,True,False
wifib|device=5|capture=23Jan|frame=2089|row=1898,5,48154,1898,0,2,5,0.951038658618927,0.951038658618927,True,5,0.9975906610488892,0.9975906610488892,True,True,True
wifib|device=5|capture=23Jan|frame=2090|row=1899,5,48155,1899,0,2,5,0.9477070569992065,0.9477070569992065,True,5,0.9980656504631042,0.9980656504631042,True,True,False
wifib|device=5|capture=23Jan|frame=2091|row=1900,5,48156,1900,0,2,5,0.9517001509666443,0.9517001509666443,True,5,0.9980025887489319,0.9980025887489319,True,True,False
wifib|device=5|capture=23Jan|frame=2092|row=1901,5,48157,1901,0,2,5,0.9374315142631531,0.9374315142631531,True,5,0.9969287514686584,0.9969287514686584,True,True,False
wifib|device=5|capture=23Jan|frame=2093|row=1902,5,48158,1902,0,2,5,0.975052535533905,0.975052535533905,True,5,0.9967837333679199,0.9967837333679199,True,True,False
wifib|device=5|capture=23Jan|frame=2094|row=1903,5,48159,1903,0,2,5,0.9407036304473877,0.9407036304473877,True,5,0.9986286163330078,0.9986286163330078,True,True,False
wifib|device=5|capture=23Jan|frame=2095|row=1904,5,48160,1904,0,2,5,0.8362326622009277,0.8362326622009277,True,5,0.9965469241142273,0.9965469241142273,True,True,False
wifib|device=5|capture=23Jan|frame=2096|row=1905,5,48161,1905,0,2,5,0.9374335408210754,0.9374335408210754,True,5,0.9966963529586792,0.9966963529586792,True,True,False
wifib|device=5|capture=23Jan|frame=2097|row=1906,5,48162,1906,0,2,5,0.8341436386108398,0.8341436386108398,True,5,0.9984219074249268,0.9984219074249268,True,True,False
wifib|device=5|capture=23Jan|frame=2098|row=1907,5,48163,1907,0,2,5,0.922359824180603,0.922359824180603,True,5,0.9979318380355835,0.9979318380355835,True,True,False
wifib|device=5|capture=23Jan|frame=2099|row=1908,5,48164,1908,0,2,5,0.9557006359100342,0.9557006359100342,True,5,0.9316438436508179,0.9316438436508179,True,True,False
wifib|device=5|capture=23Jan|frame=2100|row=1909,5,48165,1909,0,2,5,0.9594902396202087,0.9594902396202087,True,5,0.9977980852127075,0.9977980852127075,True,True,True
wifib|device=5|capture=23Jan|frame=2101|row=1910,5,48166,1910,0,2,5,0.9511799216270447,0.9511799216270447,True,5,0.9969436526298523,0.9969436526298523,True,True,False
wifib|device=5|capture=23Jan|frame=2102|row=1911,5,48167,1911,0,2,5,0.9258478879928589,0.9258478879928589,True,5,0.9967432618141174,0.9967432618141174,True,True,False
wifib|device=5|capture=23Jan|frame=2103|row=1912,5,48168,1912,0,2,5,0.9248433113098145,0.9248433113098145,True,5,0.9980934262275696,0.9980934262275696,True,True,True
wifib|device=5|capture=23Jan|frame=2104|row=1913,5,48169,1913,0,2,5,0.9334031343460083,0.9334031343460083,True,5,0.9982895255088806,0.9982895255088806,True,True,False
wifib|device=5|capture=23Jan|frame=2105|row=1914,5,48170,1914,0,2,5,0.947585940361023,0.947585940361023,True,5,0.9987373948097229,0.9987373948097229,True,True,True
wifib|device=5|capture=23Jan|frame=2106|row=1915,5,48171,1915,0,2,5,0.8948947191238403,0.8948947191238403,True,5,0.9957648515701294,0.9957648515701294,True,True,False
wifib|device=5|capture=23Jan|frame=2107|row=1916,5,48172,1916,0,2,5,0.9581101536750793,0.9581101536750793,True,5,0.9978235960006714,0.9978235960006714,True,True,True
wifib|device=5|capture=23Jan|frame=2108|row=1917,5,48173,1917,0,2,5,0.8843493461608887,0.8843493461608887,True,5,0.9985337257385254,0.9985337257385254,True,True,False
wifib|device=5|capture=23Jan|frame=2109|row=1918,5,48174,1918,0,2,5,0.9525488615036011,0.9525488615036011,True,5,0.9976660013198853,0.9976660013198853,True,True,False
wifib|device=5|capture=23Jan|frame=2110|row=1919,5,48175,1919,0,2,5,0.9691368341445923,0.9691368341445923,True,5,0.9984275102615356,0.9984275102615356,True,True,True
wifib|device=5|capture=23Jan|frame=2113|row=1920,5,48176,1920,0,2,5,0.9743248820304871,0.9743248820304871,True,5,0.9978976249694824,0.9978976249694824,True,True,True
wifib|device=5|capture=23Jan|frame=2114|row=1921,5,48177,1921,0,2,5,0.9685316681861877,0.9685316681861877,True,5,0.9969285130500793,0.9969285130500793,True,True,False
wifib|device=5|capture=23Jan|frame=2115|row=1922,5,48178,1922,0,2,5,0.9558308720588684,0.9558308720588684,True,5,0.9981644749641418,0.9981644749641418,True,True,False
wifib|device=5|capture=23Jan|frame=2116|row=1923,5,48179,1923,0,2,5,0.9430018663406372,0.9430018663406372,True,5,0.9984490871429443,0.9984490871429443,True,True,False
wifib|device=5|capture=23Jan|frame=2117|row=1924,5,48180,1924,0,2,5,0.9168696999549866,0.9168696999549866,True,5,0.9966039657592773,0.9966039657592773,True,True,False
wifib|device=5|capture=23Jan|frame=2118|row=1925,5,48181,1925,0,2,5,0.9491399526596069,0.9491399526596069,True,5,0.9965918064117432,0.9965918064117432,True,True,False
wifib|device=5|capture=23Jan|frame=2119|row=1926,5,48182,1926,0,2,5,0.9419152736663818,0.9419152736663818,True,5,0.9011409878730774,0.9011409878730774,True,True,False
wifib|device=5|capture=23Jan|frame=2120|row=1927,5,48183,1927,0,2,5,0.9684213399887085,0.9684213399887085,True,5,0.9978600144386292,0.9978600144386292,True,True,False
wifib|device=5|capture=23Jan|frame=2689|row=2464,5,48720,2464,1,2,5,0.8882098197937012,0.8882098197937012,True,5,0.998345136642456,0.998345136642456,True,True,False
wifib|device=5|capture=23Jan|frame=2690|row=2465,5,48721,2465,1,2,5,0.871278703212738,0.871278703212738,True,5,0.9981297850608826,0.9981297850608826,True,True,False
wifib|device=5|capture=23Jan|frame=2693|row=2466,5,48722,2466,1,2,5,0.943592369556427,0.943592369556427,True,5,0.9978267550468445,0.9978267550468445,True,True,True
wifib|device=5|capture=23Jan|frame=2694|row=2467,5,48723,2467,1,2,5,0.9719193577766418,0.9719193577766418,True,5,0.9968012571334839,0.9968012571334839,True,True,False
wifib|device=5|capture=23Jan|frame=2695|row=2468,5,48724,2468,1,2,5,0.9597907066345215,0.9597907066345215,True,5,0.9977229237556458,0.9977229237556458,True,True,False
wifib|device=5|capture=23Jan|frame=2696|row=2469,5,48725,2469,1,2,5,0.8846551775932312,0.8846551775932312,True,5,0.9985849857330322,0.9985849857330322,True,True,False
wifib|device=5|capture=23Jan|frame=2697|row=2470,5,48726,2470,1,2,5,0.9044434428215027,0.9044434428215027,True,5,0.9968299269676208,0.9968299269676208,True,True,False
wifib|device=5|capture=23Jan|frame=2698|row=2471,5,48727,2471,1,2,5,0.9630510210990906,0.9630510210990906,True,5,0.9979599714279175,0.9979599714279175,True,True,False
wifib|device=5|capture=23Jan|frame=2699|row=2472,5,48728,2472,1,2,5,0.9136766791343689,0.9136766791343689,True,5,0.9938365817070007,0.9938365817070007,True,True,False
wifib|device=5|capture=23Jan|frame=2700|row=2473,5,48729,2473,1,2,5,0.9167800545692444,0.9167800545692444,True,5,0.9984747767448425,0.9984747767448425,True,True,False
wifib|device=5|capture=23Jan|frame=2701|row=2474,5,48730,2474,1,2,5,0.7960918545722961,0.7960918545722961,True,5,0.9966200590133667,0.9966200590133667,True,True,False
wifib|device=5|capture=23Jan|frame=2702|row=2475,5,48731,2475,1,2,5,0.9222046732902527,0.9222046732902527,True,5,0.997797966003418,0.997797966003418,True,True,True
wifib|device=5|capture=23Jan|frame=2703|row=2476,5,48732,2476,1,2,5,0.8968527317047119,0.8968527317047119,True,5,0.9987615346908569,0.9987615346908569,True,True,False
wifib|device=5|capture=23Jan|frame=2704|row=2477,5,48733,2477,1,2,5,0.8966888189315796,0.8966888189315796,True,5,0.9984397292137146,0.9984397292137146,True,True,False
wifib|device=5|capture=23Jan|frame=2705|row=2478,5,48734,2478,1,2,5,0.9620460867881775,0.9620460867881775,True,5,0.9978964328765869,0.9978964328765869,True,True,False
wifib|device=5|capture=23Jan|frame=2706|row=2479,5,48735,2479,1,2,5,0.9157735109329224,0.9157735109329224,True,5,0.9986005425453186,0.9986005425453186,True,True,False
wifib|device=5|capture=23Jan|frame=2707|row=2480,5,48736,2480,1,2,5,0.9569886922836304,0.9569886922836304,True,5,0.9984027743339539,0.9984027743339539,True,True,False
wifib|device=5|capture=23Jan|frame=2708|row=2481,5,48737,2481,1,2,5,0.950054407119751,0.950054407119751,True,5,0.9975758194923401,0.9975758194923401,True,True,False
wifib|device=5|capture=23Jan|frame=2709|row=2482,5,48738,2482,1,2,5,0.9355535507202148,0.9355535507202148,True,5,0.9969306588172913,0.9969306588172913,True,True,True
wifib|device=5|capture=23Jan|frame=2710|row=2483,5,48739,2483,1,2,5,0.972561240196228,0.972561240196228,True,5,0.9989571571350098,0.9989571571350098,True,True,True
wifib|device=5|capture=23Jan|frame=2711|row=2484,5,48740,2484,1,2,5,0.9366964101791382,0.9366964101791382,True,5,0.9986085295677185,0.9986085295677185,True,True,False
wifib|device=5|capture=23Jan|frame=2712|row=2485,5,48741,2485,1,2,5,0.8962075710296631,0.8962075710296631,True,5,0.9985478520393372,0.9985478520393372,True,True,True
wifib|device=5|capture=23Jan|frame=2713|row=2486,5,48742,2486,1,2,5,0.9397456049919128,0.9397456049919128,True,5,0.997164785861969,0.997164785861969,True,True,True
wifib|device=5|capture=23Jan|frame=2714|row=2487,5,48743,2487,1,2,5,0.9450613856315613,0.9450613856315613,True,5,0.9988158941268921,0.9988158941268921,True,True,False
wifib|device=5|capture=23Jan|frame=2715|row=2488,5,48744,2488,1,2,5,0.9610933065414429,0.9610933065414429,True,5,0.9983065128326416,0.9983065128326416,True,True,False
wifib|device=5|capture=23Jan|frame=2716|row=2489,5,48745,2489,1,2,5,0.966840386390686,0.966840386390686,True,5,0.9986836314201355,0.9986836314201355,True,True,False
wifib|device=5|capture=23Jan|frame=2717|row=2490,5,48746,2490,1,2,5,0.9551991820335388,0.9551991820335388,True,5,0.9984452128410339,0.9984452128410339,True,True,False
wifib|device=5|capture=23Jan|frame=2718|row=2491,5,48747,2491,1,2,5,0.9014973044395447,0.9014973044395447,True,5,0.9982927441596985,0.9982927441596985,True,True,True
wifib|device=5|capture=23Jan|frame=2719|row=2492,5,48748,2492,1,2,5,0.9374892711639404,0.9374892711639404,True,5,0.9980136156082153,0.9980136156082153,True,True,False
wifib|device=5|capture=23Jan|frame=2720|row=2493,5,48749,2493,1,2,5,0.9678266048431396,0.9678266048431396,True,5,0.9984201192855835,0.9984201192855835,True,True,True
wifib|device=5|capture=23Jan|frame=2721|row=2494,5,48750,2494,1,2,5,0.9318630695343018,0.9318630695343018,True,5,0.9981808662414551,0.9981808662414551,True,True,False
wifib|device=5|capture=23Jan|frame=2722|row=2495,5,48751,2495,1,2,5,0.8637235164642334,0.8637235164642334,True,5,0.9982724189758301,0.9982724189758301,True,True,False
wifib|device=5|capture=23Jan|frame=2723|row=2496,5,48752,2496,1,2,5,0.9503192901611328,0.9503192901611328,True,5,0.9972231388092041,0.9972231388092041,True,True,False
wifib|device=5|capture=23Jan|frame=2724|row=2497,5,48753,2497,1,2,5,0.961275041103363,0.961275041103363,True,5,0.9968864321708679,0.9968864321708679,True,True,False
wifib|device=5|capture=23Jan|frame=2725|row=2498,5,48754,2498,1,2,5,0.9605759382247925,0.9605759382247925,True,5,0.9981973767280579,0.9981973767280579,True,True,True
wifib|device=5|capture=23Jan|frame=2726|row=2499,5,48755,2499,1,2,5,0.9588949680328369,0.9588949680328369,True,5,0.997681736946106,0.997681736946106,True,True,False
wifib|device=5|capture=23Jan|frame=3314|row=3035,5,49291,3035,2,2,5,0.9750394821166992,0.9750394821166992,True,5,0.9985514283180237,0.9985514283180237,True,True,False
wifib|device=5|capture=23Jan|frame=3315|row=3036,5,49292,3036,2,2,5,0.9286775588989258,0.9286775588989258,True,5,0.9979810118675232,0.9979810118675232,True,True,True
wifib|device=5|capture=23Jan|frame=3316|row=3037,5,49293,3037,2,2,5,0.9770375490188599,0.9770375490188599,True,5,0.996875524520874,0.996875524520874,True,True,False
wifib|device=5|capture=23Jan|frame=3317|row=3038,5,49294,3038,2,2,5,0.9459403157234192,0.9459403157234192,True,5,0.9714890718460083,0.9714890718460083,True,True,True
wifib|device=5|capture=23Jan|frame=3318|row=3039,5,49295,3039,2,2,5,0.9600831866264343,0.9600831866264343,True,5,0.9977757334709167,0.9977757334709167,True,True,False
wifib|device=5|capture=23Jan|frame=3319|row=3040,5,49296,3040,2,2,5,0.9246225953102112,0.9246225953102112,True,5,0.996828019618988,0.996828019618988,True,True,False
wifib|device=5|capture=23Jan|frame=3320|row=3041,5,49297,3041,2,2,5,0.95877605676651,0.95877605676651,True,5,0.9982619881629944,0.9982619881629944,True,True,False
wifib|device=5|capture=23Jan|frame=3321|row=3042,5,49298,3042,2,2,5,0.8852154612541199,0.8852154612541199,True,5,0.9976001381874084,0.9976001381874084,True,True,False
wifib|device=5|capture=23Jan|frame=3322|row=3043,5,49299,3043,2,2,5,0.8910679221153259,0.8910679221153259,True,5,0.998097836971283,0.998097836971283,True,True,False
wifib|device=5|capture=23Jan|frame=3323|row=3044,5,49300,3044,2,2,5,0.9540802240371704,0.9540802240371704,True,5,0.9959522485733032,0.9959522485733032,True,True,True
wifib|device=5|capture=23Jan|frame=3324|row=3045,5,49301,3045,2,2,5,0.9479237794876099,0.9479237794876099,True,5,0.9972907900810242,0.9972907900810242,True,True,False
wifib|device=5|capture=23Jan|frame=3325|row=3046,5,49302,3046,2,2,5,0.9456226229667664,0.9456226229667664,True,5,0.9984850287437439,0.9984850287437439,True,True,False
wifib|device=5|capture=23Jan|frame=3326|row=3047,5,49303,3047,2,2,5,0.931371808052063,0.931371808052063,True,5,0.9897559285163879,0.9897559285163879,True,True,False
wifib|device=5|capture=23Jan|frame=3327|row=3048,5,49304,3048,2,2,5,0.9398559331893921,0.9398559331893921,True,5,0.9973184466362,0.9973184466362,True,True,False
wifib|device=5|capture=23Jan|frame=3328|row=3049,5,49305,3049,2,2,5,0.9228613972663879,0.9228613972663879,True,5,0.99874347448349,0.99874347448349,True,True,False
wifib|device=5|capture=23Jan|frame=3329|row=3050,5,49306,3050,2,2,5,0.939900279045105,0.939900279045105,True,5,0.9985602498054504,0.9985602498054504,True,True,False
wifib|device=5|capture=23Jan|frame=3330|row=3051,5,49307,3051,2,2,5,0.891262948513031,0.891262948513031,True,5,0.9974896907806396,0.9974896907806396,True,True,True
wifib|device=5|capture=23Jan|frame=3331|row=3052,5,49308,3052,2,2,5,0.9652073979377747,0.9652073979377747,True,5,0.9974715709686279,0.9974715709686279,True,True,True
wifib|device=5|capture=23Jan|frame=3332|row=3053,5,49309,3053,2,2,5,0.9390182495117188,0.9390182495117188,True,5,0.9988283514976501,0.9988283514976501,True,True,False
wifib|device=5|capture=23Jan|frame=3333|row=3054,5,49310,3054,2,2,5,0.962367832660675,0.962367832660675,True,5,0.9978659749031067,0.9978659749031067,True,True,True
wifib|device=5|capture=23Jan|frame=3334|row=3055,5,49311,3055,2,2,5,0.9707562923431396,0.9707562923431396,True,5,0.9974727034568787,0.9974727034568787,True,True,False
wifib|device=5|capture=23Jan|frame=3335|row=3056,5,49312,3056,2,2,5,0.9405802488327026,0.9405802488327026,True,5,0.9983065128326416,0.9983065128326416,True,True,True
wifib|device=5|capture=23Jan|frame=3336|row=3057,5,49313,3057,2,2,5,0.9095702171325684,0.9095702171325684,True,5,0.9954883456230164,0.9954883456230164,True,True,False
wifib|device=5|capture=23Jan|frame=3337|row=3058,5,49314,3058,2,2,5,0.9623072147369385,0.9623072147369385,True,5,0.998292863368988,0.998292863368988,True,True,False
wifib|device=5|capture=23Jan|frame=3338|row=3059,5,49315,3059,2,2,5,0.8851601481437683,0.8851601481437683,True,5,0.9980643391609192,0.9980643391609192,True,True,False
wifib|device=5|capture=23Jan|frame=3339|row=3060,5,49316,3060,2,2,5,0.9659793376922607,0.9659793376922607,True,5,0.9979090690612793,0.9979090690612793,True,True,False
wifib|device=5|capture=23Jan|frame=3340|row=3061,5,49317,3061,2,2,5,0.9418436884880066,0.9418436884880066,True,5,0.9985694885253906,0.9985694885253906,True,True,False
wifib|device=5|capture=23Jan|frame=3341|row=3062,5,49318,3062,2,2,5,0.963401198387146,0.963401198387146,True,5,0.9957275390625,0.9957275390625,True,True,False
wifib|device=5|capture=23Jan|frame=3342|row=3063,5,49319,3063,2,2,5,0.9442304968833923,0.9442304968833923,True,5,0.9953901767730713,0.9953901767730713,True,True,False
wifib|device=5|capture=23Jan|frame=3343|row=3064,5,49320,3064,2,2,5,0.932593047618866,0.932593047618866,True,5,0.9958064556121826,0.9958064556121826,True,True,False
wifib|device=5|capture=23Jan|frame=3344|row=3065,5,49321,3065,2,2,5,0.9118269085884094,0.9118269085884094,True,5,0.9983375072479248,0.9983375072479248,True,True,False
wifib|device=5|capture=23Jan|frame=3345|row=3066,5,49322,3066,2,2,5,0.9640867114067078,0.9640867114067078,True,5,0.9969562292098999,0.9969562292098999,True,True,False
wifib|device=5|capture=23Jan|frame=3346|row=3067,5,49323,3067,2,2,5,0.9567132592201233,0.9567132592201233,True,5,0.9979062080383301,0.9979062080383301,True,True,False
wifib|device=5|capture=23Jan|frame=3347|row=3068,5,49324,3068,2,2,5,0.8829847574234009,0.8829847574234009,True,5,0.9963353872299194,0.9963353872299194,True,True,True
wifib|device=5|capture=23Jan|frame=3350|row=3069,5,49325,3069,2,2,5,0.9477126002311707,0.9477126002311707,True,5,0.9984771609306335,0.9984771609306335,True,True,False
wifib|device=5|capture=23Jan|frame=3351|row=3070,5,49326,3070,2,2,5,0.9324018955230713,0.9324018955230713,True,5,0.9941860437393188,0.9941860437393188,True,True,False
wifib|device=6|capture=23Jan|frame=2186|row=1710,6,51537,1710,0,3,7,0.3821314871311188,0.3404410183429718,False,6,0.970158576965332,0.970158576965332,True,False,False
wifib|device=6|capture=23Jan|frame=2187|row=1711,6,51538,1711,0,3,10,0.37872108817100525,0.20315739512443542,False,6,0.9696406722068787,0.9696406722068787,True,False,False
wifib|device=6|capture=23Jan|frame=2188|row=1712,6,51539,1712,0,3,10,0.4360055923461914,0.2631703019142151,False,6,0.9832780957221985,0.9832780957221985,True,False,False
wifib|device=6|capture=23Jan|frame=2189|row=1713,6,51540,1713,0,3,10,0.3272634446620941,0.29812541604042053,False,11,0.9241712093353271,0.06759928166866302,False,False,False
wifib|device=6|capture=23Jan|frame=2190|row=1714,6,51541,1714,0,3,6,0.39640524983406067,0.39640524983406067,True,6,0.98728346824646,0.98728346824646,True,True,False
wifib|device=6|capture=23Jan|frame=2191|row=1715,6,51542,1715,0,3,6,0.509093165397644,0.509093165397644,True,6,0.9932143688201904,0.9932143688201904,True,True,False
wifib|device=6|capture=23Jan|frame=2192|row=1716,6,51543,1716,0,3,6,0.5774657130241394,0.5774657130241394,True,6,0.9924559593200684,0.9924559593200684,True,True,True
wifib|device=6|capture=23Jan|frame=2193|row=1717,6,51544,1717,0,3,6,0.5043482184410095,0.5043482184410095,True,6,0.9912449717521667,0.9912449717521667,True,True,False
wifib|device=6|capture=23Jan|frame=2194|row=1718,6,51545,1718,0,3,6,0.42743128538131714,0.42743128538131714,True,6,0.9939445853233337,0.9939445853233337,True,True,False
wifib|device=6|capture=23Jan|frame=2195|row=1719,6,51546,1719,0,3,6,0.5381119847297668,0.5381119847297668,True,6,0.9926232099533081,0.9926232099533081,True,True,False
wifib|device=6|capture=23Jan|frame=2196|row=1720,6,51547,1720,0,3,6,0.4331164062023163,0.4331164062023163,True,6,0.995060384273529,0.995060384273529,True,True,True
wifib|device=6|capture=23Jan|frame=2197|row=1721,6,51548,1721,0,3,6,0.4948812425136566,0.4948812425136566,True,6,0.9865096211433411,0.9865096211433411,True,True,False
wifib|device=6|capture=23Jan|frame=2198|row=1722,6,51549,1722,0,3,6,0.5025140047073364,0.5025140047073364,True,6,0.9957463145256042,0.9957463145256042,True,True,False
wifib|device=6|capture=23Jan|frame=2199|row=1723,6,51550,1723,0,3,6,0.5461437702178955,0.5461437702178955,True,6,0.9943891167640686,0.9943891167640686,True,True,True
wifib|device=6|capture=23Jan|frame=2200|row=1724,6,51551,1724,0,3,6,0.5242182016372681,0.5242182016372681,True,6,0.9946920275688171,0.9946920275688171,True,True,False
wifib|device=6|capture=23Jan|frame=2201|row=1725,6,51552,1725,0,3,7,0.3372578024864197,0.24966135621070862,False,6,0.9184147119522095,0.9184147119522095,True,False,False
wifib|device=6|capture=23Jan|frame=2204|row=1726,6,51553,1726,0,3,6,0.46397697925567627,0.46397697925567627,True,6,0.9899736642837524,0.9899736642837524,True,True,True
wifib|device=6|capture=23Jan|frame=2205|row=1727,6,51554,1727,0,3,6,0.395680695772171,0.395680695772171,True,6,0.9884034991264343,0.9884034991264343,True,True,False
wifib|device=6|capture=23Jan|frame=2206|row=1728,6,51555,1728,0,3,6,0.3829454183578491,0.3829454183578491,True,6,0.9884555339813232,0.9884555339813232,True,True,False
wifib|device=6|capture=23Jan|frame=2207|row=1729,6,51556,1729,0,3,6,0.6018674969673157,0.6018674969673157,True,6,0.9941852688789368,0.9941852688789368,True,True,False
wifib|device=6|capture=23Jan|frame=2208|row=1730,6,51557,1730,0,3,6,0.5496349334716797,0.5496349334716797,True,6,0.9798007011413574,0.9798007011413574,True,True,False
wifib|device=6|capture=23Jan|frame=2209|row=1731,6,51558,1731,0,3,6,0.5953823328018188,0.5953823328018188,True,6,0.9950240254402161,0.9950240254402161,True,True,False
wifib|device=6|capture=23Jan|frame=2210|row=1732,6,51559,1732,0,3,6,0.3999912738800049,0.3999912738800049,True,6,0.9949709177017212,0.9949709177017212,True,True,False
wifib|device=6|capture=23Jan|frame=2211|row=1733,6,51560,1733,0,3,6,0.46376073360443115,0.46376073360443115,True,6,0.97772216796875,0.97772216796875,True,True,True
wifib|device=6|capture=23Jan|frame=2212|row=1734,6,51561,1734,0,3,6,0.4041023552417755,0.4041023552417755,True,6,0.995810866355896,0.995810866355896,True,True,True
wifib|device=6|capture=23Jan|frame=2213|row=1735,6,51562,1735,0,3,6,0.4758346974849701,0.4758346974849701,True,6,0.9941714406013489,0.9941714406013489,True,True,True
wifib|device=6|capture=23Jan|frame=2214|row=1736,6,51563,1736,0,3,6,0.4940074384212494,0.4940074384212494,True,6,0.9943704009056091,0.9943704009056091,True,True,False
wifib|device=6|capture=23Jan|frame=2215|row=1737,6,51564,1737,0,3,6,0.5110306739807129,0.5110306739807129,True,6,0.980705201625824,0.980705201625824,True,True,False
wifib|device=6|capture=23Jan|frame=2216|row=1738,6,51565,1738,0,3,7,0.33410903811454773,0.3220892548561096,False,6,0.9920585751533508,0.9920585751533508,True,False,False
wifib|device=6|capture=23Jan|frame=2217|row=1739,6,51566,1739,0,3,6,0.44101929664611816,0.44101929664611816,True,6,0.9913250207901001,0.9913250207901001,True,True,False
wifib|device=6|capture=23Jan|frame=2218|row=1740,6,51567,1740,0,3,6,0.46540433168411255,0.46540433168411255,True,6,0.9948186278343201,0.9948186278343201,True,True,False
wifib|device=6|capture=23Jan|frame=2219|row=1741,6,51568,1741,0,3,6,0.5003328323364258,0.5003328323364258,True,6,0.9902163743972778,0.9902163743972778,True,True,False
wifib|device=6|capture=23Jan|frame=2220|row=1742,6,51569,1742,0,3,6,0.4279164969921112,0.4279164969921112,True,6,0.996021568775177,0.996021568775177,True,True,True
wifib|device=6|capture=23Jan|frame=2791|row=2227,6,52054,2227,1,3,6,0.4944794178009033,0.4944794178009033,True,6,0.9914160370826721,0.9914160370826721,True,True,False
wifib|device=6|capture=23Jan|frame=2792|row=2228,6,52055,2228,1,3,6,0.4426511228084564,0.4426511228084564,True,6,0.9811608195304871,0.9811608195304871,True,True,False
wifib|device=6|capture=23Jan|frame=2793|row=2229,6,52056,2229,1,3,6,0.6282142400741577,0.6282142400741577,True,6,0.9877106547355652,0.9877106547355652,True,True,True
wifib|device=6|capture=23Jan|frame=2794|row=2230,6,52057,2230,1,3,7,0.43506962060928345,0.38934242725372314,False,6,0.9317179322242737,0.9317179322242737,True,False,False
wifib|device=6|capture=23Jan|frame=2795|row=2231,6,52058,2231,1,3,6,0.3910517394542694,0.3910517394542694,True,6,0.9855920076370239,0.9855920076370239,True,True,False
wifib|device=6|capture=23Jan|frame=2796|row=2232,6,52059,2232,1,3,6,0.43186652660369873,0.43186652660369873,True,6,0.9803623557090759,0.9803623557090759,True,True,True
wifib|device=6|capture=23Jan|frame=2797|row=2233,6,52060,2233,1,3,7,0.4937758147716522,0.3738284707069397,False,6,0.9866777658462524,0.9866777658462524,True,False,False
wifib|device=6|capture=23Jan|frame=2798|row=2234,6,52061,2234,1,3,6,0.4464617371559143,0.4464617371559143,True,6,0.9790529608726501,0.9790529608726501,True,True,False
wifib|device=6|capture=23Jan|frame=2799|row=2235,6,52062,2235,1,3,6,0.6005235314369202,0.6005235314369202,True,6,0.9890061616897583,0.9890061616897583,True,True,False
wifib|device=6|capture=23Jan|frame=2800|row=2236,6,52063,2236,1,3,6,0.4490674138069153,0.4490674138069153,True,6,0.9732653498649597,0.9732653498649597,True,True,False
wifib|device=6|capture=23Jan|frame=2801|row=2237,6,52064,2237,1,3,7,0.4460451900959015,0.409290075302124,False,6,0.9830256104469299,0.9830256104469299,True,False,False
wifib|device=6|capture=23Jan|frame=2802|row=2238,6,52065,2238,1,3,7,0.3632182776927948,0.2989963889122009,False,11,0.5603815913200378,0.4332755208015442,False,False,False
wifib|device=6|capture=23Jan|frame=2803|row=2239,6,52066,2239,1,3,6,0.44369810819625854,0.44369810819625854,True,6,0.9034786820411682,0.9034786820411682,True,True,True
wifib|device=6|capture=23Jan|frame=2804|row=2240,6,52067,2240,1,3,6,0.4266807734966278,0.4266807734966278,True,6,0.9922752976417542,0.9922752976417542,True,True,True
wifib|device=6|capture=23Jan|frame=2805|row=2241,6,52068,2241,1,3,6,0.42744970321655273,0.42744970321655273,True,6,0.9953633546829224,0.9953633546829224,True,True,False
wifib|device=6|capture=23Jan|frame=2806|row=2242,6,52069,2242,1,3,6,0.3874130845069885,0.3874130845069885,True,6,0.9937906861305237,0.9937906861305237,True,True,False
wifib|device=6|capture=23Jan|frame=2807|row=2243,6,52070,2243,1,3,7,0.37507352232933044,0.3366839587688446,False,6,0.9930320978164673,0.9930320978164673,True,False,False
wifib|device=6|capture=23Jan|frame=2808|row=2244,6,52071,2244,1,3,6,0.4277649223804474,0.4277649223804474,True,6,0.994817316532135,0.994817316532135,True,True,False
wifib|device=6|capture=23Jan|frame=2809|row=2245,6,52072,2245,1,3,6,0.42562493681907654,0.42562493681907654,True,6,0.9781067371368408,0.9781067371368408,True,True,False
wifib|device=6|capture=23Jan|frame=2810|row=2246,6,52073,2246,1,3,6,0.5303211808204651,0.5303211808204651,True,6,0.8800315856933594,0.8800315856933594,True,True,True
wifib|device=6|capture=23Jan|frame=2811|row=2247,6,52074,2247,1,3,6,0.5453866720199585,0.5453866720199585,True,6,0.7152884006500244,0.7152884006500244,True,True,False
wifib|device=6|capture=23Jan|frame=2812|row=2248,6,52075,2248,1,3,6,0.4771389663219452,0.4771389663219452,True,6,0.9498322606086731,0.9498322606086731,True,True,False
wifib|device=6|capture=23Jan|frame=2813|row=2249,6,52076,2249,1,3,7,0.4628863036632538,0.33221569657325745,False,6,0.9940497875213623,0.9940497875213623,True,False,False
wifib|device=6|capture=23Jan|frame=2814|row=2250,6,52077,2250,1,3,6,0.4595952033996582,0.4595952033996582,True,6,0.8160448670387268,0.8160448670387268,True,True,False
wifib|device=6|capture=23Jan|frame=2815|row=2251,6,52078,2251,1,3,6,0.5263050198554993,0.5263050198554993,True,6,0.9897695779800415,0.9897695779800415,True,True,False
wifib|device=6|capture=23Jan|frame=2816|row=2252,6,52079,2252,1,3,6,0.4256370961666107,0.4256370961666107,True,6,0.9938695430755615,0.9938695430755615,True,True,True
wifib|device=6|capture=23Jan|frame=2817|row=2253,6,52080,2253,1,3,6,0.4302436411380768,0.4302436411380768,True,6,0.9859904050827026,0.9859904050827026,True,True,False
wifib|device=6|capture=23Jan|frame=2818|row=2254,6,52081,2254,1,3,6,0.44910329580307007,0.44910329580307007,True,6,0.9718001484870911,0.9718001484870911,True,True,True
wifib|device=6|capture=23Jan|frame=2819|row=2255,6,52082,2255,1,3,6,0.5075991749763489,0.5075991749763489,True,6,0.996084451675415,0.996084451675415,True,True,True
wifib|device=6|capture=23Jan|frame=2820|row=2256,6,52083,2256,1,3,6,0.42999666929244995,0.42999666929244995,True,6,0.9878831505775452,0.9878831505775452,True,True,True
wifib|device=6|capture=23Jan|frame=2821|row=2257,6,52084,2257,1,3,6,0.5019343495368958,0.5019343495368958,True,6,0.9943935871124268,0.9943935871124268,True,True,False
wifib|device=6|capture=23Jan|frame=2822|row=2258,6,52085,2258,1,3,6,0.48052778840065,0.48052778840065,True,6,0.9905506372451782,0.9905506372451782,True,True,False
wifib|device=6|capture=23Jan|frame=3419|row=2743,6,52570,2743,2,3,7,0.4805585443973541,0.3636493384838104,False,6,0.9069733023643494,0.9069733023643494,True,False,False
wifib|device=6|capture=23Jan|frame=3422|row=2744,6,52571,2744,2,3,6,0.5097714066505432,0.5097714066505432,True,6,0.8851189613342285,0.8851189613342285,True,True,False
wifib|device=6|capture=23Jan|frame=3425|row=2745,6,52572,2745,2,3,6,0.5335967540740967,0.5335967540740967,True,6,0.993707537651062,0.993707537651062,True,True,True
wifib|device=6|capture=23Jan|frame=3426|row=2746,6,52573,2746,2,3,6,0.47773003578186035,0.47773003578186035,True,6,0.9848461151123047,0.9848461151123047,True,True,True
wifib|device=6|capture=23Jan|frame=3427|row=2747,6,52574,2747,2,3,6,0.4672052562236786,0.4672052562236786,True,6,0.8752279281616211,0.8752279281616211,True,True,False
wifib|device=6|capture=23Jan|frame=3428|row=2748,6,52575,2748,2,3,6,0.471338152885437,0.471338152885437,True,6,0.9485599398612976,0.9485599398612976,True,True,False
wifib|device=6|capture=23Jan|frame=3429|row=2749,6,52576,2749,2,3,6,0.4271271824836731,0.4271271824836731,True,6,0.7359291315078735,0.7359291315078735,True,True,False
wifib|device=6|capture=23Jan|frame=3430|row=2750,6,52577,2750,2,3,6,0.43595728278160095,0.43595728278160095,True,6,0.9898092746734619,0.9898092746734619,True,True,False
wifib|device=6|capture=23Jan|frame=3431|row=2751,6,52578,2751,2,3,7,0.45063167810440063,0.31567639112472534,False,6,0.9482538104057312,0.9482538104057312,True,False,False
wifib|device=6|capture=23Jan|frame=3432|row=2752,6,52579,2752,2,3,7,0.5176554322242737,0.2703110873699188,False,6,0.973802924156189,0.973802924156189,True,False,False
wifib|device=6|capture=23Jan|frame=3433|row=2753,6,52580,2753,2,3,6,0.5446755290031433,0.5446755290031433,True,6,0.9805548191070557,0.9805548191070557,True,True,False
wifib|device=6|capture=23Jan|frame=3434|row=2754,6,52581,2754,2,3,6,0.5898267030715942,0.5898267030715942,True,6,0.9940797090530396,0.9940797090530396,True,True,False
wifib|device=6|capture=23Jan|frame=3435|row=2755,6,52582,2755,2,3,7,0.5528126358985901,0.35454198718070984,False,6,0.7508084177970886,0.7508084177970886,True,False,False
wifib|device=6|capture=23Jan|frame=3436|row=2756,6,52583,2756,2,3,6,0.5196658968925476,0.5196658968925476,True,6,0.9068676233291626,0.9068676233291626,True,True,False
wifib|device=6|capture=23Jan|frame=3437|row=2757,6,52584,2757,2,3,6,0.4066586494445801,0.4066586494445801,True,6,0.9276455640792847,0.9276455640792847,True,True,False
wifib|device=6|capture=23Jan|frame=3438|row=2758,6,52585,2758,2,3,7,0.4629901349544525,0.3704749345779419,False,6,0.9597142338752747,0.9597142338752747,True,False,False
wifib|device=6|capture=23Jan|frame=3439|row=2759,6,52586,2759,2,3,6,0.508239209651947,0.508239209651947,True,6,0.9785745143890381,0.9785745143890381,True,True,True
wifib|device=6|capture=23Jan|frame=3440|row=2760,6,52587,2760,2,3,6,0.45983898639678955,0.45983898639678955,True,6,0.9659367203712463,0.9659367203712463,True,True,True
wifib|device=6|capture=23Jan|frame=3443|row=2761,6,52588,2761,2,3,7,0.3972451984882355,0.29680493474006653,False,6,0.9407591223716736,0.9407591223716736,True,False,False
wifib|device=6|capture=23Jan|frame=3444|row=2762,6,52589,2762,2,3,6,0.4594041705131531,0.4594041705131531,True,6,0.9865875840187073,0.9865875840187073,True,True,False
wifib|device=6|capture=23Jan|frame=3445|row=2763,6,52590,2763,2,3,6,0.497318834066391,0.497318834066391,True,6,0.9914883375167847,0.9914883375167847,True,True,False
wifib|device=6|capture=23Jan|frame=3446|row=2764,6,52591,2764,2,3,6,0.432804137468338,0.432804137468338,True,6,0.9923657774925232,0.9923657774925232,True,True,False
wifib|device=6|capture=23Jan|frame=3447|row=2765,6,52592,2765,2,3,6,0.41071513295173645,0.41071513295173645,True,6,0.996529757976532,0.996529757976532,True,True,True
wifib|device=6|capture=23Jan|frame=3448|row=2766,6,52593,2766,2,3,6,0.5033143758773804,0.5033143758773804,True,6,0.9960676431655884,0.9960676431655884,True,True,True
wifib|device=6|capture=23Jan|frame=3449|row=2767,6,52594,2767,2,3,6,0.3184286057949066,0.3184286057949066,True,6,0.9815754890441895,0.9815754890441895,True,True,False
wifib|device=6|capture=23Jan|frame=3450|row=2768,6,52595,2768,2,3,7,0.32973772287368774,0.24985741078853607,False,6,0.9930458664894104,0.9930458664894104,True,False,False
wifib|device=6|capture=23Jan|frame=3451|row=2769,6,52596,2769,2,3,6,0.3765149414539337,0.3765149414539337,True,6,0.9464631676673889,0.9464631676673889,True,True,False
wifib|device=6|capture=23Jan|frame=3452|row=2770,6,52597,2770,2,3,6,0.3875071406364441,0.3875071406364441,True,6,0.9375256299972534,0.9375256299972534,True,True,True
wifib|device=6|capture=23Jan|frame=3453|row=2771,6,52598,2771,2,3,6,0.4679822623729706,0.4679822623729706,True,6,0.9941840767860413,0.9941840767860413,True,True,False
wifib|device=6|capture=23Jan|frame=3454|row=2772,6,52599,2772,2,3,7,0.3610032796859741,0.301491916179657,False,6,0.9185604453086853,0.9185604453086853,True,False,False
wifib|device=6|capture=23Jan|frame=3455|row=2773,6,52600,2773,2,3,6,0.43668708205223083,0.43668708205223083,True,6,0.9818794131278992,0.9818794131278992,True,True,False
wifib|device=6|capture=23Jan|frame=3456|row=2774,6,52601,2774,2,3,6,0.46041205525398254,0.46041205525398254,True,6,0.9933429956436157,0.9933429956436157,True,True,True
wifib|device=7|capture=23Jan|frame=2134|row=1665,7,54719,1665,0,4,7,0.5475691556930542,0.5475691556930542,True,7,0.9690640568733215,0.9690640568733215,True,True,False
wifib|device=7|capture=23Jan|frame=2135|row=1666,7,54720,1666,0,4,7,0.5635039210319519,0.5635039210319519,True,7,0.8393210172653198,0.8393210172653198,True,True,True
wifib|device=7|capture=23Jan|frame=2136|row=1667,7,54721,1667,0,4,7,0.5963525176048279,0.5963525176048279,True,7,0.9478399157524109,0.9478399157524109,True,True,True
wifib|device=7|capture=23Jan|frame=2137|row=1668,7,54722,1668,0,4,7,0.5534663200378418,0.5534663200378418,True,7,0.9726215600967407,0.9726215600967407,True,True,False
wifib|device=7|capture=23Jan|frame=2138|row=1669,7,54723,1669,0,4,7,0.4753015339374542,0.4753015339374542,True,7,0.9208127856254578,0.9208127856254578,True,True,False
wifib|device=7|capture=23Jan|frame=2139|row=1670,7,54724,1670,0,4,7,0.38967782258987427,0.38967782258987427,True,7,0.9576525092124939,0.9576525092124939,True,True,False
wifib|device=7|capture=23Jan|frame=2140|row=1671,7,54725,1671,0,4,7,0.4879114627838135,0.4879114627838135,True,7,0.8759562373161316,0.8759562373161316,True,True,True
wifib|device=7|capture=23Jan|frame=2141|row=1672,7,54726,1672,0,4,7,0.4414955973625183,0.4414955973625183,True,7,0.907906174659729,0.907906174659729,True,True,False
wifib|device=7|capture=23Jan|frame=2142|row=1673,7,54727,1673,0,4,7,0.5389631390571594,0.5389631390571594,True,7,0.9222179651260376,0.9222179651260376,True,True,False
wifib|device=7|capture=23Jan|frame=2149|row=1674,7,54728,1674,0,4,7,0.4970625042915344,0.4970625042915344,True,7,0.9302406907081604,0.9302406907081604,True,True,True
wifib|device=7|capture=23Jan|frame=2150|row=1675,7,54729,1675,0,4,7,0.34190961718559265,0.34190961718559265,True,7,0.7997727990150452,0.7997727990150452,True,True,False
wifib|device=7|capture=23Jan|frame=2153|row=1676,7,54730,1676,0,4,7,0.4151468873023987,0.4151468873023987,True,7,0.9400001168251038,0.9400001168251038,True,True,True
wifib|device=7|capture=23Jan|frame=2154|row=1677,7,54731,1677,0,4,7,0.47563299536705017,0.47563299536705017,True,7,0.873849093914032,0.873849093914032,True,True,False
wifib|device=7|capture=23Jan|frame=2155|row=1678,7,54732,1678,0,4,7,0.47346246242523193,0.47346246242523193,True,7,0.863757848739624,0.863757848739624,True,True,False
wifib|device=7|capture=23Jan|frame=2156|row=1679,7,54733,1679,0,4,7,0.33635634183883667,0.33635634183883667,True,7,0.8608070015907288,0.8608070015907288,True,True,False
wifib|device=7|capture=23Jan|frame=2159|row=1680,7,54734,1680,0,4,7,0.4807108938694,0.4807108938694,True,7,0.9355804324150085,0.9355804324150085,True,True,True
wifib|device=7|capture=23Jan|frame=2160|row=1681,7,54735,1681,0,4,7,0.46363458037376404,0.46363458037376404,True,7,0.9574317336082458,0.9574317336082458,True,True,True
wifib|device=7|capture=23Jan|frame=2161|row=1682,7,54736,1682,0,4,7,0.41277897357940674,0.41277897357940674,True,7,0.8791509866714478,0.8791509866714478,True,True,False
wifib|device=7|capture=23Jan|frame=2162|row=1683,7,54737,1683,0,4,7,0.5671581625938416,0.5671581625938416,True,7,0.9364317655563354,0.9364317655563354,True,True,False
wifib|device=7|capture=23Jan|frame=2163|row=1684,7,54738,1684,0,4,6,0.43332934379577637,0.21965189278125763,False,7,0.8324613571166992,0.8324613571166992,True,False,False
wifib|device=7|capture=23Jan|frame=2164|row=1685,7,54739,1685,0,4,7,0.4404580891132355,0.4404580891132355,True,7,0.9011737108230591,0.9011737108230591,True,True,False
wifib|device=7|capture=23Jan|frame=2167|row=1686,7,54740,1686,0,4,10,0.4731033742427826,0.3687898814678192,False,7,0.8896112442016602,0.8896112442016602,True,False,False
wifib|device=7|capture=23Jan|frame=2168|row=1687,7,54741,1687,0,4,7,0.4827616810798645,0.4827616810798645,True,7,0.9443222284317017,0.9443222284317017,True,True,False
wifib|device=7|capture=23Jan|frame=2169|row=1688,7,54742,1688,0,4,7,0.5990545749664307,0.5990545749664307,True,7,0.9692864418029785,0.9692864418029785,True,True,False
wifib|device=7|capture=23Jan|frame=2170|row=1689,7,54743,1689,0,4,7,0.5594536662101746,0.5594536662101746,True,7,0.8876883387565613,0.8876883387565613,True,True,False
wifib|device=7|capture=23Jan|frame=2171|row=1690,7,54744,1690,0,4,7,0.49260708689689636,0.49260708689689636,True,7,0.9470689296722412,0.9470689296722412,True,True,True
wifib|device=7|capture=23Jan|frame=2174|row=1691,7,54745,1691,0,4,7,0.6186171174049377,0.6186171174049377,True,7,0.9473955631256104,0.9473955631256104,True,True,False
wifib|device=7|capture=23Jan|frame=2175|row=1692,7,54746,1692,0,4,7,0.49196746945381165,0.49196746945381165,True,7,0.9019211530685425,0.9019211530685425,True,True,False
wifib|device=7|capture=23Jan|frame=2176|row=1693,7,54747,1693,0,4,7,0.5070608258247375,0.5070608258247375,True,7,0.908150315284729,0.908150315284729,True,True,False
wifib|device=7|capture=23Jan|frame=2177|row=1694,7,54748,1694,0,4,7,0.5945855379104614,0.5945855379104614,True,7,0.9134904146194458,0.9134904146194458,True,True,False
wifib|device=7|capture=23Jan|frame=2178|row=1695,7,54749,1695,0,4,7,0.4299631118774414,0.4299631118774414,True,7,0.9179537892341614,0.9179537892341614,True,True,False
wifib|device=7|capture=23Jan|frame=2179|row=1696,7,54750,1696,0,4,7,0.5161130428314209,0.5161130428314209,True,7,0.8607311844825745,0.8607311844825745,True,True,False
wifib|device=7|capture=23Jan|frame=2779|row=2168,7,55222,2168,1,4,10,0.5873522162437439,0.18694014847278595,False,7,0.8628358840942383,0.8628358840942383,True,False,False
wifib|device=7|capture=23Jan|frame=2780|row=2169,7,55223,2169,1,4,10,0.6842307448387146,0.150206059217453,False,7,0.8500349521636963,0.8500349521636963,True,False,False
wifib|device=7|capture=23Jan|frame=2781|row=2170,7,55224,2170,1,4,10,0.4963541328907013,0.28784802556037903,False,7,0.8426957130432129,0.8426957130432129,True,False,False
wifib|device=7|capture=23Jan|frame=2782|row=2171,7,55225,2171,1,4,7,0.46084776520729065,0.46084776520729065,True,7,0.9634726047515869,0.9634726047515869,True,True,False
wifib|device=7|capture=23Jan|frame=2783|row=2172,7,55226,2172,1,4,7,0.5382004380226135,0.5382004380226135,True,7,0.8197459578514099,0.8197459578514099,True,True,False
wifib|device=7|capture=23Jan|frame=2786|row=2173,7,55227,2173,1,4,7,0.527760922908783,0.527760922908783,True,7,0.9653511643409729,0.9653511643409729,True,True,True
wifib|device=7|capture=23Jan|frame=2787|row=2174,7,55228,2174,1,4,7,0.6448884010314941,0.6448884010314941,True,7,0.8180748820304871,0.8180748820304871,True,True,False
wifib|device=7|capture=23Jan|frame=2788|row=2175,7,55229,2175,1,4,7,0.47373437881469727,0.47373437881469727,True,7,0.857936441898346,0.857936441898346,True,True,True
wifib|device=7|capture=23Jan|frame=2789|row=2176,7,55230,2176,1,4,10,0.4479086697101593,0.3192201256752014,False,7,0.954204797744751,0.954204797744751,True,False,False
wifib|device=7|capture=23Jan|frame=2790|row=2177,7,55231,2177,1,4,10,0.45350736379623413,0.33755651116371155,False,7,0.9717650413513184,0.9717650413513184,True,False,False
wifib|device=7|capture=23Jan|frame=2791|row=2178,7,55232,2178,1,4,10,0.5473374128341675,0.1877477616071701,False,7,0.9388933181762695,0.9388933181762695,True,False,False
wifib|device=7|capture=23Jan|frame=2792|row=2179,7,55233,2179,1,4,7,0.49261894822120667,0.49261894822120667,True,7,0.9437339901924133,0.9437339901924133,True,True,True
wifib|device=7|capture=23Jan|frame=2793|row=2180,7,55234,2180,1,4,7,0.5808820128440857,0.5808820128440857,True,7,0.9138646125793457,0.9138646125793457,True,True,False
wifib|device=7|capture=23Jan|frame=2794|row=2181,7,55235,2181,1,4,7,0.6419500708580017,0.6419500708580017,True,7,0.9697440266609192,0.9697440266609192,True,True,False
wifib|device=7|capture=23Jan|frame=2795|row=2182,7,55236,2182,1,4,7,0.6949594616889954,0.6949594616889954,True,7,0.9542702436447144,0.9542702436447144,True,True,True
wifib|device=7|capture=23Jan|frame=2796|row=2183,7,55237,2183,1,4,7,0.672382116317749,0.672382116317749,True,7,0.9569737315177917,0.9569737315177917,True,True,False
wifib|device=7|capture=23Jan|frame=2797|row=2184,7,55238,2184,1,4,7,0.4244117736816406,0.4244117736816406,True,7,0.9497439861297607,0.9497439861297607,True,True,False
wifib|device=7|capture=23Jan|frame=2798|row=2185,7,55239,2185,1,4,7,0.4722183048725128,0.4722183048725128,True,7,0.9409705996513367,0.9409705996513367,True,True,True
wifib|device=7|capture=23Jan|frame=2799|row=2186,7,55240,2186,1,4,7,0.6438459157943726,0.6438459157943726,True,7,0.9118762612342834,0.9118762612342834,True,True,False
wifib|device=7|capture=23Jan|frame=2800|row=2187,7,55241,2187,1,4,7,0.7281948328018188,0.7281948328018188,True,7,0.9771320223808289,0.9771320223808289,True,True,False
wifib|device=7|capture=23Jan|frame=2801|row=2188,7,55242,2188,1,4,7,0.5864863991737366,0.5864863991737366,True,7,0.9170544743537903,0.9170544743537903,True,True,False
wifib|device=7|capture=23Jan|frame=2802|row=2189,7,55243,2189,1,4,7,0.5356542468070984,0.5356542468070984,True,7,0.8739749193191528,0.8739749193191528,True,True,False
wifib|device=7|capture=23Jan|frame=2803|row=2190,7,55244,2190,1,4,7,0.6246827840805054,0.6246827840805054,True,7,0.8866884112358093,0.8866884112358093,True,True,False
wifib|device=7|capture=23Jan|frame=2804|row=2191,7,55245,2191,1,4,7,0.45325732231140137,0.45325732231140137,True,7,0.8691198229789734,0.8691198229789734,True,True,False
wifib|device=7|capture=23Jan|frame=2805|row=2192,7,55246,2192,1,4,7,0.6566749215126038,0.6566749215126038,True,7,0.9516065716743469,0.9516065716743469,True,True,True
wifib|device=7|capture=23Jan|frame=2806|row=2193,7,55247,2193,1,4,7,0.3767308294773102,0.3767308294773102,True,7,0.9395352005958557,0.9395352005958557,True,True,True
wifib|device=7|capture=23Jan|frame=2807|row=2194,7,55248,2194,1,4,7,0.4698360562324524,0.4698360562324524,True,7,0.9098684787750244,0.9098684787750244,True,True,False
wifib|device=7|capture=23Jan|frame=2808|row=2195,7,55249,2195,1,4,7,0.5037495493888855,0.5037495493888855,True,7,0.9610036015510559,0.9610036015510559,True,True,False
wifib|device=7|capture=23Jan|frame=2809|row=2196,7,55250,2196,1,4,7,0.3968914747238159,0.3968914747238159,True,7,0.9645791053771973,0.9645791053771973,True,True,True
wifib|device=7|capture=23Jan|frame=2810|row=2197,7,55251,2197,1,4,7,0.38906562328338623,0.38906562328338623,True,7,0.943547785282135,0.943547785282135,True,True,True
wifib|device=7|capture=23Jan|frame=2811|row=2198,7,55252,2198,1,4,7,0.40275079011917114,0.40275079011917114,True,10,0.49847444891929626,0.37024280428886414,False,False,False
wifib|device=7|capture=23Jan|frame=3408|row=2671,7,55725,2671,2,4,7,0.3325555622577667,0.3325555622577667,True,7,0.9085785746574402,0.9085785746574402,True,True,False
wifib|device=7|capture=23Jan|frame=3409|row=2672,7,55726,2672,2,4,7,0.5069319605827332,0.5069319605827332,True,7,0.9599458575248718,0.9599458575248718,True,True,False
wifib|device=7|capture=23Jan|frame=3410|row=2673,7,55727,2673,2,4,7,0.7123570442199707,0.7123570442199707,True,7,0.9682229161262512,0.9682229161262512,True,True,True
wifib|device=7|capture=23Jan|frame=3413|row=2674,7,55728,2674,2,4,7,0.3928733170032501,0.3928733170032501,True,7,0.7954835295677185,0.7954835295677185,True,True,True
wifib|device=7|capture=23Jan|frame=3414|row=2675,7,55729,2675,2,4,7,0.561799168586731,0.561799168586731,True,7,0.9424078464508057,0.9424078464508057,True,True,False
wifib|device=7|capture=23Jan|frame=3415|row=2676,7,55730,2676,2,4,7,0.492995947599411,0.492995947599411,True,7,0.9801121354103088,0.9801121354103088,True,True,True
wifib|device=7|capture=23Jan|frame=3416|row=2677,7,55731,2677,2,4,7,0.6583026051521301,0.6583026051521301,True,7,0.9462208151817322,0.9462208151817322,True,True,True
wifib|device=7|capture=23Jan|frame=3417|row=2678,7,55732,2678,2,4,7,0.5648829340934753,0.5648829340934753,True,7,0.8850173950195312,0.8850173950195312,True,True,False
wifib|device=7|capture=23Jan|frame=3418|row=2679,7,55733,2679,2,4,7,0.5022287368774414,0.5022287368774414,True,7,0.9491032361984253,0.9491032361984253,True,True,False
wifib|device=7|capture=23Jan|frame=3419|row=2680,7,55734,2680,2,4,7,0.4600827097892761,0.4600827097892761,True,7,0.8831626176834106,0.8831626176834106,True,True,True
wifib|device=7|capture=23Jan|frame=3420|row=2681,7,55735,2681,2,4,7,0.44642943143844604,0.44642943143844604,True,7,0.8007336258888245,0.8007336258888245,True,True,False
wifib|device=7|capture=23Jan|frame=3423|row=2682,7,55736,2682,2,4,7,0.49343064427375793,0.49343064427375793,True,7,0.8899084329605103,0.8899084329605103,True,True,False
wifib|device=7|capture=23Jan|frame=3424|row=2683,7,55737,2683,2,4,7,0.4755093455314636,0.4755093455314636,True,7,0.9226227402687073,0.9226227402687073,True,True,False
wifib|device=7|capture=23Jan|frame=3425|row=2684,7,55738,2684,2,4,7,0.5879375338554382,0.5879375338554382,True,7,0.9004270434379578,0.9004270434379578,True,True,False
wifib|device=7|capture=23Jan|frame=3426|row=2685,7,55739,2685,2,4,7,0.6145213842391968,0.6145213842391968,True,7,0.9356275200843811,0.9356275200843811,True,True,False
wifib|device=7|capture=23Jan|frame=3427|row=2686,7,55740,2686,2,4,7,0.48530372977256775,0.48530372977256775,True,7,0.8755133748054504,0.8755133748054504,True,True,False
wifib|device=7|capture=23Jan|frame=3428|row=2687,7,55741,2687,2,4,6,0.4513828456401825,0.35639452934265137,False,7,0.9308716058731079,0.9308716058731079,True,False,False
wifib|device=7|capture=23Jan|frame=3429|row=2688,7,55742,2688,2,4,7,0.506138801574707,0.506138801574707,True,7,0.9074998497962952,0.9074998497962952,True,True,False
wifib|device=7|capture=23Jan|frame=3430|row=2689,7,55743,2689,2,4,7,0.4423203468322754,0.4423203468322754,True,7,0.8710447549819946,0.8710447549819946,True,True,False
wifib|device=7|capture=23Jan|frame=3431|row=2690,7,55744,2690,2,4,7,0.6585953235626221,0.6585953235626221,True,7,0.8130502700805664,0.8130502700805664,True,True,False
wifib|device=7|capture=23Jan|frame=3432|row=2691,7,55745,2691,2,4,7,0.6423680782318115,0.6423680782318115,True,7,0.882451593875885,0.882451593875885,True,True,False
wifib|device=7|capture=23Jan|frame=3433|row=2692,7,55746,2692,2,4,7,0.4345092475414276,0.4345092475414276,True,7,0.8235677480697632,0.8235677480697632,True,True,False
wifib|device=7|capture=23Jan|frame=3434|row=2693,7,55747,2693,2,4,7,0.49768534302711487,0.49768534302711487,True,7,0.9606311917304993,0.9606311917304993,True,True,True
wifib|device=7|capture=23Jan|frame=3435|row=2694,7,55748,2694,2,4,7,0.6450323462486267,0.6450323462486267,True,7,0.9528374075889587,0.9528374075889587,True,True,True
wifib|device=7|capture=23Jan|frame=3436|row=2695,7,55749,2695,2,4,7,0.38558685779571533,0.38558685779571533,True,7,0.8788684010505676,0.8788684010505676,True,True,False
wifib|device=7|capture=23Jan|frame=3437|row=2696,7,55750,2696,2,4,7,0.4265262186527252,0.4265262186527252,True,7,0.8929092884063721,0.8929092884063721,True,True,False
wifib|device=7|capture=23Jan|frame=3438|row=2697,7,55751,2697,2,4,7,0.491565078496933,0.491565078496933,True,7,0.835087776184082,0.835087776184082,True,True,False
wifib|device=7|capture=23Jan|frame=3439|row=2698,7,55752,2698,2,4,7,0.4720102548599243,0.4720102548599243,True,7,0.9440270066261292,0.9440270066261292,True,True,False
wifib|device=7|capture=23Jan|frame=3440|row=2699,7,55753,2699,2,4,7,0.6049878001213074,0.6049878001213074,True,7,0.7732372879981995,0.7732372879981995,True,True,False
wifib|device=7|capture=23Jan|frame=3441|row=2700,7,55754,2700,2,4,7,0.5452837944030762,0.5452837944030762,True,7,0.918281614780426,0.918281614780426,True,True,True
wifib|device=7|capture=23Jan|frame=3442|row=2701,7,55755,2701,2,4,7,0.6604366898536682,0.6604366898536682,True,7,0.876812756061554,0.876812756061554,True,True,False
wifib|device=8|capture=23Jan|frame=2141|row=1703,8,57899,1703,0,5,8,0.8002002239227295,0.8002002239227295,True,8,0.96695476770401,0.96695476770401,True,True,False
wifib|device=8|capture=23Jan|frame=2142|row=1704,8,57900,1704,0,5,8,0.8419126272201538,0.8419126272201538,True,8,0.9901378154754639,0.9901378154754639,True,True,False
wifib|device=8|capture=23Jan|frame=2143|row=1705,8,57901,1705,0,5,8,0.8906936645507812,0.8906936645507812,True,8,0.9790278077125549,0.9790278077125549,True,True,True
wifib|device=8|capture=23Jan|frame=2144|row=1706,8,57902,1706,0,5,8,0.8303035497665405,0.8303035497665405,True,8,0.9877862930297852,0.9877862930297852,True,True,False
wifib|device=8|capture=23Jan|frame=2145|row=1707,8,57903,1707,0,5,8,0.8591058850288391,0.8591058850288391,True,8,0.9858208894729614,0.9858208894729614,True,True,False
wifib|device=8|capture=23Jan|frame=2146|row=1708,8,57904,1708,0,5,8,0.8103830218315125,0.8103830218315125,True,8,0.9794185161590576,0.9794185161590576,True,True,False
wifib|device=8|capture=23Jan|frame=2147|row=1709,8,57905,1709,0,5,8,0.8665133118629456,0.8665133118629456,True,8,0.9558558464050293,0.9558558464050293,True,True,True
wifib|device=8|capture=23Jan|frame=2148|row=1710,8,57906,1710,0,5,8,0.8779513239860535,0.8779513239860535,True,8,0.9942686557769775,0.9942686557769775,True,True,True
wifib|device=8|capture=23Jan|frame=2149|row=1711,8,57907,1711,0,5,8,0.7904849648475647,0.7904849648475647,True,8,0.9870535731315613,0.9870535731315613,True,True,True
wifib|device=8|capture=23Jan|frame=2150|row=1712,8,57908,1712,0,5,8,0.8840227723121643,0.8840227723121643,True,8,0.9962723255157471,0.9962723255157471,True,True,True
wifib|device=8|capture=23Jan|frame=2151|row=1713,8,57909,1713,0,5,8,0.8832052946090698,0.8832052946090698,True,8,0.9810802340507507,0.9810802340507507,True,True,False
wifib|device=8|capture=23Jan|frame=2152|row=1714,8,57910,1714,0,5,8,0.8231842517852783,0.8231842517852783,True,8,0.9885047078132629,0.9885047078132629,True,True,False
wifib|device=8|capture=23Jan|frame=2153|row=1715,8,57911,1715,0,5,8,0.8483858704566956,0.8483858704566956,True,8,0.990736186504364,0.990736186504364,True,True,False
wifib|device=8|capture=23Jan|frame=2154|row=1716,8,57912,1716,0,5,8,0.80381840467453,0.80381840467453,True,8,0.980064332485199,0.980064332485199,True,True,False
wifib|device=8|capture=23Jan|frame=2155|row=1717,8,57913,1717,0,5,8,0.8494871854782104,0.8494871854782104,True,8,0.9848649501800537,0.9848649501800537,True,True,False
wifib|device=8|capture=23Jan|frame=2156|row=1718,8,57914,1718,0,5,8,0.8629951477050781,0.8629951477050781,True,8,0.9830566048622131,0.9830566048622131,True,True,False
wifib|device=8|capture=23Jan|frame=2157|row=1719,8,57915,1719,0,5,8,0.7451092600822449,0.7451092600822449,True,8,0.9847245812416077,0.9847245812416077,True,True,False
wifib|device=8|capture=23Jan|frame=2158|row=1720,8,57916,1720,0,5,8,0.6324391961097717,0.6324391961097717,True,8,0.988627016544342,0.988627016544342,True,True,False
wifib|device=8|capture=23Jan|frame=2159|row=1721,8,57917,1721,0,5,8,0.6934257745742798,0.6934257745742798,True,8,0.9886277318000793,0.9886277318000793,True,True,False
wifib|device=8|capture=23Jan|frame=2160|row=1722,8,57918,1722,0,5,8,0.8831149339675903,0.8831149339675903,True,8,0.988640308380127,0.988640308380127,True,True,False
wifib|device=8|capture=23Jan|frame=2161|row=1723,8,57919,1723,0,5,8,0.8387898206710815,0.8387898206710815,True,8,0.9795050024986267,0.9795050024986267,True,True,False
wifib|device=8|capture=23Jan|frame=2162|row=1724,8,57920,1724,0,5,8,0.8360559940338135,0.8360559940338135,True,8,0.9902516603469849,0.9902516603469849,True,True,False
wifib|device=8|capture=23Jan|frame=2163|row=1725,8,57921,1725,0,5,8,0.7904972434043884,0.7904972434043884,True,8,0.9892200827598572,0.9892200827598572,True,True,False
wifib|device=8|capture=23Jan|frame=2164|row=1726,8,57922,1726,0,5,8,0.8551332950592041,0.8551332950592041,True,8,0.9761848449707031,0.9761848449707031,True,True,False
wifib|device=8|capture=23Jan|frame=2165|row=1727,8,57923,1727,0,5,8,0.8334195613861084,0.8334195613861084,True,8,0.9827485680580139,0.9827485680580139,True,True,True
wifib|device=8|capture=23Jan|frame=2166|row=1728,8,57924,1728,0,5,8,0.8555864691734314,0.8555864691734314,True,8,0.9913227558135986,0.9913227558135986,True,True,False
wifib|device=8|capture=23Jan|frame=2167|row=1729,8,57925,1729,0,5,8,0.8320969343185425,0.8320969343185425,True,8,0.9848003387451172,0.9848003387451172,True,True,False
wifib|device=8|capture=23Jan|frame=2168|row=1730,8,57926,1730,0,5,8,0.8429912328720093,0.8429912328720093,True,8,0.974640965461731,0.974640965461731,True,True,False
wifib|device=8|capture=23Jan|frame=2169|row=1731,8,57927,1731,0,5,8,0.754310667514801,0.754310667514801,True,8,0.9785232543945312,0.9785232543945312,True,True,True
wifib|device=8|capture=23Jan|frame=2170|row=1732,8,57928,1732,0,5,8,0.782443642616272,0.782443642616272,True,8,0.9578142166137695,0.9578142166137695,True,True,True
wifib|device=8|capture=23Jan|frame=2171|row=1733,8,57929,1733,0,5,8,0.698335587978363,0.698335587978363,True,8,0.9810228943824768,0.9810228943824768,True,True,False
wifib|device=8|capture=23Jan|frame=2172|row=1734,8,57930,1734,0,5,8,0.7030196785926819,0.7030196785926819,True,8,0.9916297793388367,0.9916297793388367,True,True,False
wifib|device=8|capture=23Jan|frame=2770|row=2217,8,58413,2217,1,5,8,0.7485138773918152,0.7485138773918152,True,8,0.9890477061271667,0.9890477061271667,True,True,False
wifib|device=8|capture=23Jan|frame=2771|row=2218,8,58414,2218,1,5,8,0.8288699388504028,0.8288699388504028,True,8,0.9879343509674072,0.9879343509674072,True,True,False
wifib|device=8|capture=23Jan|frame=2774|row=2219,8,58415,2219,1,5,8,0.8114187717437744,0.8114187717437744,True,8,0.9460047483444214,0.9460047483444214,True,True,False
wifib|device=8|capture=23Jan|frame=2775|row=2220,8,58416,2220,1,5,8,0.7966252565383911,0.7966252565383911,True,8,0.941249668598175,0.941249668598175,True,True,False
wifib|device=8|capture=23Jan|frame=2776|row=2221,8,58417,2221,1,5,8,0.840007483959198,0.840007483959198,True,8,0.987011730670929,0.987011730670929,True,True,True
wifib|device=8|capture=23Jan|frame=2777|row=2222,8,58418,2222,1,5,8,0.729854166507721,0.729854166507721,True,8,0.9517740607261658,0.9517740607261658,True,True,True
wifib|device=8|capture=23Jan|frame=2778|row=2223,8,58419,2223,1,5,8,0.8922523856163025,0.8922523856163025,True,8,0.9918467998504639,0.9918467998504639,True,True,False
wifib|device=8|capture=23Jan|frame=2779|row=2224,8,58420,2224,1,5,8,0.828106701374054,0.828106701374054,True,8,0.9861310720443726,0.9861310720443726,True,True,True
wifib|device=8|capture=23Jan|frame=2780|row=2225,8,58421,2225,1,5,8,0.845054566860199,0.845054566860199,True,8,0.9758057594299316,0.9758057594299316,True,True,False
wifib|device=8|capture=23Jan|frame=2781|row=2226,8,58422,2226,1,5,8,0.7681453824043274,0.7681453824043274,True,8,0.971332848072052,0.971332848072052,True,True,True
wifib|device=8|capture=23Jan|frame=2782|row=2227,8,58423,2227,1,5,8,0.8386925458908081,0.8386925458908081,True,8,0.9896202683448792,0.9896202683448792,True,True,False
wifib|device=8|capture=23Jan|frame=2783|row=2228,8,58424,2228,1,5,8,0.8193235397338867,0.8193235397338867,True,8,0.973275363445282,0.973275363445282,True,True,False
wifib|device=8|capture=23Jan|frame=2784|row=2229,8,58425,2229,1,5,8,0.7940436005592346,0.7940436005592346,True,8,0.9383083581924438,0.9383083581924438,True,True,False
wifib|device=8|capture=23Jan|frame=2785|row=2230,8,58426,2230,1,5,8,0.7212226390838623,0.7212226390838623,True,8,0.9188152551651001,0.9188152551651001,True,True,False
wifib|device=8|capture=23Jan|frame=2786|row=2231,8,58427,2231,1,5,8,0.782340943813324,0.782340943813324,True,8,0.9734653830528259,0.9734653830528259,True,True,True
wifib|device=8|capture=23Jan|frame=2787|row=2232,8,58428,2232,1,5,8,0.820255696773529,0.820255696773529,True,8,0.9258666038513184,0.9258666038513184,True,True,False
wifib|device=8|capture=23Jan|frame=2788|row=2233,8,58429,2233,1,5,8,0.8145349621772766,0.8145349621772766,True,8,0.9277862310409546,0.9277862310409546,True,True,False
wifib|device=8|capture=23Jan|frame=2789|row=2234,8,58430,2234,1,5,8,0.7762860655784607,0.7762860655784607,True,8,0.8533839583396912,0.8533839583396912,True,True,False
wifib|device=8|capture=23Jan|frame=2792|row=2235,8,58431,2235,1,5,8,0.8689919710159302,0.8689919710159302,True,8,0.9842783808708191,0.9842783808708191,True,True,False
wifib|device=8|capture=23Jan|frame=2793|row=2236,8,58432,2236,1,5,8,0.788607656955719,0.788607656955719,True,8,0.6823286414146423,0.6823286414146423,True,True,False
wifib|device=8|capture=23Jan|frame=2794|row=2237,8,58433,2237,1,5,8,0.7962170243263245,0.7962170243263245,True,8,0.9523932933807373,0.9523932933807373,True,True,True
wifib|device=8|capture=23Jan|frame=2795|row=2238,8,58434,2238,1,5,8,0.7884474396705627,0.7884474396705627,True,8,0.9701908826828003,0.9701908826828003,True,True,False
wifib|device=8|capture=23Jan|frame=2796|row=2239,8,58435,2239,1,5,8,0.8472119569778442,0.8472119569778442,True,8,0.9894550442695618,0.9894550442695618,True,True,False
wifib|device=8|capture=23Jan|frame=2797|row=2240,8,58436,2240,1,5,8,0.7462725639343262,0.7462725639343262,True,8,0.9245994687080383,0.9245994687080383,True,True,False
wifib|device=8|capture=23Jan|frame=2798|row=2241,8,58437,2241,1,5,8,0.8489392399787903,0.8489392399787903,True,8,0.8879592418670654,0.8879592418670654,True,True,False
wifib|device=8|capture=23Jan|frame=2799|row=2242,8,58438,2242,1,5,8,0.8015906810760498,0.8015906810760498,True,8,0.9460575580596924,0.9460575580596924,True,True,True
wifib|device=8|capture=23Jan|frame=2800|row=2243,8,58439,2243,1,5,8,0.7294902801513672,0.7294902801513672,True,8,0.8556943535804749,0.8556943535804749,True,True,False
wifib|device=8|capture=23Jan|frame=2803|row=2244,8,58440,2244,1,5,8,0.8014801740646362,0.8014801740646362,True,8,0.9246129393577576,0.9246129393577576,True,True,True
wifib|device=8|capture=23Jan|frame=2804|row=2245,8,58441,2245,1,5,8,0.7767128944396973,0.7767128944396973,True,8,0.9283902049064636,0.9283902049064636,True,True,False
wifib|device=8|capture=23Jan|frame=2805|row=2246,8,58442,2246,1,5,8,0.8185002207756042,0.8185002207756042,True,8,0.976840615272522,0.976840615272522,True,True,False
wifib|device=8|capture=23Jan|frame=2806|row=2247,8,58443,2247,1,5,8,0.7974611520767212,0.7974611520767212,True,8,0.9382458925247192,0.9382458925247192,True,True,False
wifib|device=8|capture=23Jan|frame=2807|row=2248,8,58444,2248,1,5,8,0.5457454323768616,0.5457454323768616,True,8,0.7810407876968384,0.7810407876968384,True,True,True
wifib|device=8|capture=23Jan|frame=3375|row=2731,8,58927,2731,2,5,8,0.7721338868141174,0.7721338868141174,True,8,0.9631452560424805,0.9631452560424805,True,True,False
wifib|device=8|capture=23Jan|frame=3376|row=2732,8,58928,2732,2,5,8,0.6257328391075134,0.6257328391075134,True,8,0.9851171970367432,0.9851171970367432,True,True,False
wifib|device=8|capture=23Jan|frame=3377|row=2733,8,58929,2733,2,5,8,0.820877730846405,0.820877730846405,True,8,0.9862596988677979,0.9862596988677979,True,True,False
wifib|device=8|capture=23Jan|frame=3378|row=2734,8,58930,2734,2,5,8,0.7777772545814514,0.7777772545814514,True,8,0.9426155090332031,0.9426155090332031,True,True,False
wifib|device=8|capture=23Jan|frame=3379|row=2735,8,58931,2735,2,5,8,0.6869519948959351,0.6869519948959351,True,8,0.9696622490882874,0.9696622490882874,True,True,False
wifib|device=8|capture=23Jan|frame=3380|row=2736,8,58932,2736,2,5,8,0.7777354121208191,0.7777354121208191,True,8,0.9714407920837402,0.9714407920837402,True,True,False
wifib|device=8|capture=23Jan|frame=3381|row=2737,8,58933,2737,2,5,8,0.8766459822654724,0.8766459822654724,True,8,0.981295645236969,0.981295645236969,True,True,False
wifib|device=8|capture=23Jan|frame=3382|row=2738,8,58934,2738,2,5,8,0.7781715393066406,0.7781715393066406,True,8,0.9831677079200745,0.9831677079200745,True,True,True
wifib|device=8|capture=23Jan|frame=3383|row=2739,8,58935,2739,2,5,8,0.860711932182312,0.860711932182312,True,8,0.982524573802948,0.982524573802948,True,True,False
wifib|device=8|capture=23Jan|frame=3384|row=2740,8,58936,2740,2,5,8,0.7874327301979065,0.7874327301979065,True,8,0.9631808400154114,0.9631808400154114,True,True,True
wifib|device=8|capture=23Jan|frame=3387|row=2741,8,58937,2741,2,5,8,0.7617728114128113,0.7617728114128113,True,8,0.9543824791908264,0.9543824791908264,True,True,False
wifib|device=8|capture=23Jan|frame=3388|row=2742,8,58938,2742,2,5,8,0.854519784450531,0.854519784450531,True,8,0.983991265296936,0.983991265296936,True,True,False
wifib|device=8|capture=23Jan|frame=3389|row=2743,8,58939,2743,2,5,8,0.6712945103645325,0.6712945103645325,True,8,0.9801352620124817,0.9801352620124817,True,True,False
wifib|device=8|capture=23Jan|frame=3390|row=2744,8,58940,2744,2,5,8,0.8865739107131958,0.8865739107131958,True,8,0.9892126321792603,0.9892126321792603,True,True,False
wifib|device=8|capture=23Jan|frame=3391|row=2745,8,58941,2745,2,5,8,0.8026343584060669,0.8026343584060669,True,8,0.8895655274391174,0.8895655274391174,True,True,True
wifib|device=8|capture=23Jan|frame=3392|row=2746,8,58942,2746,2,5,8,0.7863937616348267,0.7863937616348267,True,8,0.9864658713340759,0.9864658713340759,True,True,True
wifib|device=8|capture=23Jan|frame=3393|row=2747,8,58943,2747,2,5,8,0.8499157428741455,0.8499157428741455,True,8,0.9718660116195679,0.9718660116195679,True,True,False
wifib|device=8|capture=23Jan|frame=3394|row=2748,8,58944,2748,2,5,8,0.8656154870986938,0.8656154870986938,True,8,0.99379563331604,0.99379563331604,True,True,True
wifib|device=8|capture=23Jan|frame=3395|row=2749,8,58945,2749,2,5,8,0.7573488354682922,0.7573488354682922,True,8,0.985299825668335,0.985299825668335,True,True,False
wifib|device=8|capture=23Jan|frame=3396|row=2750,8,58946,2750,2,5,8,0.7509613037109375,0.7509613037109375,True,8,0.9735009670257568,0.9735009670257568,True,True,False
wifib|device=8|capture=23Jan|frame=3397|row=2751,8,58947,2751,2,5,8,0.6671152114868164,0.6671152114868164,True,8,0.9850986003875732,0.9850986003875732,True,True,True
wifib|device=8|capture=23Jan|frame=3398|row=2752,8,58948,2752,2,5,8,0.7868139743804932,0.7868139743804932,True,8,0.9373658895492554,0.9373658895492554,True,True,False
wifib|device=8|capture=23Jan|frame=3399|row=2753,8,58949,2753,2,5,8,0.806476354598999,0.806476354598999,True,8,0.9777292609214783,0.9777292609214783,True,True,False
wifib|device=8|capture=23Jan|frame=3402|row=2754,8,58950,2754,2,5,8,0.7165458798408508,0.7165458798408508,True,8,0.9877431392669678,0.9877431392669678,True,True,True
wifib|device=8|capture=23Jan|frame=3403|row=2755,8,58951,2755,2,5,8,0.7804494500160217,0.7804494500160217,True,8,0.9566091299057007,0.9566091299057007,True,True,False
wifib|device=8|capture=23Jan|frame=3404|row=2756,8,58952,2756,2,5,8,0.8289076089859009,0.8289076089859009,True,8,0.985711395740509,0.985711395740509,True,True,False
wifib|device=8|capture=23Jan|frame=3405|row=2757,8,58953,2757,2,5,8,0.8354369401931763,0.8354369401931763,True,8,0.9812073111534119,0.9812073111534119,True,True,False
wifib|device=8|capture=23Jan|frame=3406|row=2758,8,58954,2758,2,5,8,0.6142187118530273,0.6142187118530273,True,8,0.9280765056610107,0.9280765056610107,True,True,False
wifib|device=8|capture=23Jan|frame=3407|row=2759,8,58955,2759,2,5,8,0.8247928023338318,0.8247928023338318,True,8,0.9769294857978821,0.9769294857978821,True,True,False
wifib|device=8|capture=23Jan|frame=3408|row=2760,8,58956,2760,2,5,8,0.6902166604995728,0.6902166604995728,True,8,0.9811563491821289,0.9811563491821289,True,True,False
wifib|device=8|capture=23Jan|frame=3409|row=2761,8,58957,2761,2,5,8,0.6759139895439148,0.6759139895439148,True,8,0.9806919097900391,0.9806919097900391,True,True,False
wifib|device=8|capture=23Jan|frame=3410|row=2762,8,58958,2762,2,5,8,0.8700850009918213,0.8700850009918213,True,8,0.9709494709968567,0.9709494709968567,True,True,True
